latin	arabic_form	form_kind	source_url	date_read	fetch_sha256	domain	market	licence	cldr_key
Afar	الأفارية	cldr-language	https://raw.githubusercontent.com/unicode-org/cldr-json/48.2.1/cldr-json/cldr-localenames-full/main/ar/languages.json	2026-09-20	469d4b540f4a50c127a88c5b1e2bceac289d3a54b01dc2fbb9375c60470adf62	languages	world	Unicode-3.0	localeDisplayNames/languages/aa
Abkhazian	الأبخازية	cldr-language	https://raw.githubusercontent.com/unicode-org/cldr-json/48.2.1/cldr-json/cldr-localenames-full/main/ar/languages.json	2026-09-20	469d4b540f4a50c127a88c5b1e2bceac289d3a54b01dc2fbb9375c60470adf62	languages	world	Unicode-3.0	localeDisplayNames/languages/ab
Acehnese	الأتشينيزية	cldr-language	https://raw.githubusercontent.com/unicode-org/cldr-json/48.2.1/cldr-json/cldr-localenames-full/main/ar/languages.json	2026-09-20	469d4b540f4a50c127a88c5b1e2bceac289d3a54b01dc2fbb9375c60470adf62	languages	world	Unicode-3.0	localeDisplayNames/languages/ace
Acoli	الأكولية	cldr-language	https://raw.githubusercontent.com/unicode-org/cldr-json/48.2.1/cldr-json/cldr-localenames-full/main/ar/languages.json	2026-09-20	469d4b540f4a50c127a88c5b1e2bceac289d3a54b01dc2fbb9375c60470adf62	languages	world	Unicode-3.0	localeDisplayNames/languages/ach
Adangme	الأدانجمية	cldr-language	https://raw.githubusercontent.com/unicode-org/cldr-json/48.2.1/cldr-json/cldr-localenames-full/main/ar/languages.json	2026-09-20	469d4b540f4a50c127a88c5b1e2bceac289d3a54b01dc2fbb9375c60470adf62	languages	world	Unicode-3.0	localeDisplayNames/languages/ada
Adyghe	الأديغة	cldr-language	https://raw.githubusercontent.com/unicode-org/cldr-json/48.2.1/cldr-json/cldr-localenames-full/main/ar/languages.json	2026-09-20	469d4b540f4a50c127a88c5b1e2bceac289d3a54b01dc2fbb9375c60470adf62	languages	world	Unicode-3.0	localeDisplayNames/languages/ady
Avestan	الأفستية	cldr-language	https://raw.githubusercontent.com/unicode-org/cldr-json/48.2.1/cldr-json/cldr-localenames-full/main/ar/languages.json	2026-09-20	469d4b540f4a50c127a88c5b1e2bceac289d3a54b01dc2fbb9375c60470adf62	languages	world	Unicode-3.0	localeDisplayNames/languages/ae
Afrikaans	الأفريقانية	cldr-language	https://raw.githubusercontent.com/unicode-org/cldr-json/48.2.1/cldr-json/cldr-localenames-full/main/ar/languages.json	2026-09-20	469d4b540f4a50c127a88c5b1e2bceac289d3a54b01dc2fbb9375c60470adf62	languages	world	Unicode-3.0	localeDisplayNames/languages/af
Afrihili	الأفريهيلية	cldr-language	https://raw.githubusercontent.com/unicode-org/cldr-json/48.2.1/cldr-json/cldr-localenames-full/main/ar/languages.json	2026-09-20	469d4b540f4a50c127a88c5b1e2bceac289d3a54b01dc2fbb9375c60470adf62	languages	world	Unicode-3.0	localeDisplayNames/languages/afh
Aghem	الأغم	cldr-language	https://raw.githubusercontent.com/unicode-org/cldr-json/48.2.1/cldr-json/cldr-localenames-full/main/ar/languages.json	2026-09-20	469d4b540f4a50c127a88c5b1e2bceac289d3a54b01dc2fbb9375c60470adf62	languages	world	Unicode-3.0	localeDisplayNames/languages/agq
Ainu	الآينوية	cldr-language	https://raw.githubusercontent.com/unicode-org/cldr-json/48.2.1/cldr-json/cldr-localenames-full/main/ar/languages.json	2026-09-20	469d4b540f4a50c127a88c5b1e2bceac289d3a54b01dc2fbb9375c60470adf62	languages	world	Unicode-3.0	localeDisplayNames/languages/ain
Akan	الأكانية	cldr-language	https://raw.githubusercontent.com/unicode-org/cldr-json/48.2.1/cldr-json/cldr-localenames-full/main/ar/languages.json	2026-09-20	469d4b540f4a50c127a88c5b1e2bceac289d3a54b01dc2fbb9375c60470adf62	languages	world	Unicode-3.0	localeDisplayNames/languages/ak
Akkadian	الأكادية	cldr-language	https://raw.githubusercontent.com/unicode-org/cldr-json/48.2.1/cldr-json/cldr-localenames-full/main/ar/languages.json	2026-09-20	469d4b540f4a50c127a88c5b1e2bceac289d3a54b01dc2fbb9375c60470adf62	languages	world	Unicode-3.0	localeDisplayNames/languages/akk
Aleut	الأليوتية	cldr-language	https://raw.githubusercontent.com/unicode-org/cldr-json/48.2.1/cldr-json/cldr-localenames-full/main/ar/languages.json	2026-09-20	469d4b540f4a50c127a88c5b1e2bceac289d3a54b01dc2fbb9375c60470adf62	languages	world	Unicode-3.0	localeDisplayNames/languages/ale
Southern Altai	الألطائية الجنوبية	cldr-language	https://raw.githubusercontent.com/unicode-org/cldr-json/48.2.1/cldr-json/cldr-localenames-full/main/ar/languages.json	2026-09-20	469d4b540f4a50c127a88c5b1e2bceac289d3a54b01dc2fbb9375c60470adf62	languages	world	Unicode-3.0	localeDisplayNames/languages/alt
Amharic	الأمهرية	cldr-language	https://raw.githubusercontent.com/unicode-org/cldr-json/48.2.1/cldr-json/cldr-localenames-full/main/ar/languages.json	2026-09-20	469d4b540f4a50c127a88c5b1e2bceac289d3a54b01dc2fbb9375c60470adf62	languages	world	Unicode-3.0	localeDisplayNames/languages/am
Aragonese	الأراغونية	cldr-language	https://raw.githubusercontent.com/unicode-org/cldr-json/48.2.1/cldr-json/cldr-localenames-full/main/ar/languages.json	2026-09-20	469d4b540f4a50c127a88c5b1e2bceac289d3a54b01dc2fbb9375c60470adf62	languages	world	Unicode-3.0	localeDisplayNames/languages/an
Old English	الإنجليزية القديمة	cldr-language	https://raw.githubusercontent.com/unicode-org/cldr-json/48.2.1/cldr-json/cldr-localenames-full/main/ar/languages.json	2026-09-20	469d4b540f4a50c127a88c5b1e2bceac289d3a54b01dc2fbb9375c60470adf62	languages	world	Unicode-3.0	localeDisplayNames/languages/ang
Obolo	أوبلو	cldr-language	https://raw.githubusercontent.com/unicode-org/cldr-json/48.2.1/cldr-json/cldr-localenames-full/main/ar/languages.json	2026-09-20	469d4b540f4a50c127a88c5b1e2bceac289d3a54b01dc2fbb9375c60470adf62	languages	world	Unicode-3.0	localeDisplayNames/languages/ann
Angika	الأنجيكا	cldr-language	https://raw.githubusercontent.com/unicode-org/cldr-json/48.2.1/cldr-json/cldr-localenames-full/main/ar/languages.json	2026-09-20	469d4b540f4a50c127a88c5b1e2bceac289d3a54b01dc2fbb9375c60470adf62	languages	world	Unicode-3.0	localeDisplayNames/languages/anp
Arabic	العربية	cldr-language	https://raw.githubusercontent.com/unicode-org/cldr-json/48.2.1/cldr-json/cldr-localenames-full/main/ar/languages.json	2026-09-20	469d4b540f4a50c127a88c5b1e2bceac289d3a54b01dc2fbb9375c60470adf62	languages	world	Unicode-3.0	localeDisplayNames/languages/ar
Modern Standard Arabic	العربية الفصحى الحديثة	cldr-language	https://raw.githubusercontent.com/unicode-org/cldr-json/48.2.1/cldr-json/cldr-localenames-full/main/ar/languages.json	2026-09-20	469d4b540f4a50c127a88c5b1e2bceac289d3a54b01dc2fbb9375c60470adf62	languages	world	Unicode-3.0	localeDisplayNames/languages/ar-001
Aramaic	الآرامية	cldr-language	https://raw.githubusercontent.com/unicode-org/cldr-json/48.2.1/cldr-json/cldr-localenames-full/main/ar/languages.json	2026-09-20	469d4b540f4a50c127a88c5b1e2bceac289d3a54b01dc2fbb9375c60470adf62	languages	world	Unicode-3.0	localeDisplayNames/languages/arc
Mapuche	المابودونغونية	cldr-language	https://raw.githubusercontent.com/unicode-org/cldr-json/48.2.1/cldr-json/cldr-localenames-full/main/ar/languages.json	2026-09-20	469d4b540f4a50c127a88c5b1e2bceac289d3a54b01dc2fbb9375c60470adf62	languages	world	Unicode-3.0	localeDisplayNames/languages/arn
Arapaho	الأراباهو	cldr-language	https://raw.githubusercontent.com/unicode-org/cldr-json/48.2.1/cldr-json/cldr-localenames-full/main/ar/languages.json	2026-09-20	469d4b540f4a50c127a88c5b1e2bceac289d3a54b01dc2fbb9375c60470adf62	languages	world	Unicode-3.0	localeDisplayNames/languages/arp
Najdi Arabic	اللهجة النجدية	cldr-language	https://raw.githubusercontent.com/unicode-org/cldr-json/48.2.1/cldr-json/cldr-localenames-full/main/ar/languages.json	2026-09-20	469d4b540f4a50c127a88c5b1e2bceac289d3a54b01dc2fbb9375c60470adf62	languages	world	Unicode-3.0	localeDisplayNames/languages/ars
Arabic, Najdi	العربية، النجدية	cldr-language	https://raw.githubusercontent.com/unicode-org/cldr-json/48.2.1/cldr-json/cldr-localenames-full/main/ar/languages.json	2026-09-20	469d4b540f4a50c127a88c5b1e2bceac289d3a54b01dc2fbb9375c60470adf62	languages	world	Unicode-3.0	localeDisplayNames/languages/ars-alt-menu
Arawak	الأراواكية	cldr-language	https://raw.githubusercontent.com/unicode-org/cldr-json/48.2.1/cldr-json/cldr-localenames-full/main/ar/languages.json	2026-09-20	469d4b540f4a50c127a88c5b1e2bceac289d3a54b01dc2fbb9375c60470adf62	languages	world	Unicode-3.0	localeDisplayNames/languages/arw
Assamese	الأسامية	cldr-language	https://raw.githubusercontent.com/unicode-org/cldr-json/48.2.1/cldr-json/cldr-localenames-full/main/ar/languages.json	2026-09-20	469d4b540f4a50c127a88c5b1e2bceac289d3a54b01dc2fbb9375c60470adf62	languages	world	Unicode-3.0	localeDisplayNames/languages/as
Asu	الآسو	cldr-language	https://raw.githubusercontent.com/unicode-org/cldr-json/48.2.1/cldr-json/cldr-localenames-full/main/ar/languages.json	2026-09-20	469d4b540f4a50c127a88c5b1e2bceac289d3a54b01dc2fbb9375c60470adf62	languages	world	Unicode-3.0	localeDisplayNames/languages/asa
Asturian	الأسترية	cldr-language	https://raw.githubusercontent.com/unicode-org/cldr-json/48.2.1/cldr-json/cldr-localenames-full/main/ar/languages.json	2026-09-20	469d4b540f4a50c127a88c5b1e2bceac289d3a54b01dc2fbb9375c60470adf62	languages	world	Unicode-3.0	localeDisplayNames/languages/ast
Atikamekw	الأتيكاميكو	cldr-language	https://raw.githubusercontent.com/unicode-org/cldr-json/48.2.1/cldr-json/cldr-localenames-full/main/ar/languages.json	2026-09-20	469d4b540f4a50c127a88c5b1e2bceac289d3a54b01dc2fbb9375c60470adf62	languages	world	Unicode-3.0	localeDisplayNames/languages/atj
Avaric	الأوارية	cldr-language	https://raw.githubusercontent.com/unicode-org/cldr-json/48.2.1/cldr-json/cldr-localenames-full/main/ar/languages.json	2026-09-20	469d4b540f4a50c127a88c5b1e2bceac289d3a54b01dc2fbb9375c60470adf62	languages	world	Unicode-3.0	localeDisplayNames/languages/av
Awadhi	الأوادية	cldr-language	https://raw.githubusercontent.com/unicode-org/cldr-json/48.2.1/cldr-json/cldr-localenames-full/main/ar/languages.json	2026-09-20	469d4b540f4a50c127a88c5b1e2bceac289d3a54b01dc2fbb9375c60470adf62	languages	world	Unicode-3.0	localeDisplayNames/languages/awa
Aymara	الأيمارا	cldr-language	https://raw.githubusercontent.com/unicode-org/cldr-json/48.2.1/cldr-json/cldr-localenames-full/main/ar/languages.json	2026-09-20	469d4b540f4a50c127a88c5b1e2bceac289d3a54b01dc2fbb9375c60470adf62	languages	world	Unicode-3.0	localeDisplayNames/languages/ay
Azerbaijani	الأذربيجانية	cldr-language	https://raw.githubusercontent.com/unicode-org/cldr-json/48.2.1/cldr-json/cldr-localenames-full/main/ar/languages.json	2026-09-20	469d4b540f4a50c127a88c5b1e2bceac289d3a54b01dc2fbb9375c60470adf62	languages	world	Unicode-3.0	localeDisplayNames/languages/az
Azeri	الأذرية	cldr-language	https://raw.githubusercontent.com/unicode-org/cldr-json/48.2.1/cldr-json/cldr-localenames-full/main/ar/languages.json	2026-09-20	469d4b540f4a50c127a88c5b1e2bceac289d3a54b01dc2fbb9375c60470adf62	languages	world	Unicode-3.0	localeDisplayNames/languages/az-alt-short
Bashkir	الباشكيرية	cldr-language	https://raw.githubusercontent.com/unicode-org/cldr-json/48.2.1/cldr-json/cldr-localenames-full/main/ar/languages.json	2026-09-20	469d4b540f4a50c127a88c5b1e2bceac289d3a54b01dc2fbb9375c60470adf62	languages	world	Unicode-3.0	localeDisplayNames/languages/ba
Baluchi	البلوشية	cldr-language	https://raw.githubusercontent.com/unicode-org/cldr-json/48.2.1/cldr-json/cldr-localenames-full/main/ar/languages.json	2026-09-20	469d4b540f4a50c127a88c5b1e2bceac289d3a54b01dc2fbb9375c60470adf62	languages	world	Unicode-3.0	localeDisplayNames/languages/bal
Balinese	البالينية	cldr-language	https://raw.githubusercontent.com/unicode-org/cldr-json/48.2.1/cldr-json/cldr-localenames-full/main/ar/languages.json	2026-09-20	469d4b540f4a50c127a88c5b1e2bceac289d3a54b01dc2fbb9375c60470adf62	languages	world	Unicode-3.0	localeDisplayNames/languages/ban
Basaa	الباسا	cldr-language	https://raw.githubusercontent.com/unicode-org/cldr-json/48.2.1/cldr-json/cldr-localenames-full/main/ar/languages.json	2026-09-20	469d4b540f4a50c127a88c5b1e2bceac289d3a54b01dc2fbb9375c60470adf62	languages	world	Unicode-3.0	localeDisplayNames/languages/bas
Bamun	بامن	cldr-language	https://raw.githubusercontent.com/unicode-org/cldr-json/48.2.1/cldr-json/cldr-localenames-full/main/ar/languages.json	2026-09-20	469d4b540f4a50c127a88c5b1e2bceac289d3a54b01dc2fbb9375c60470adf62	languages	world	Unicode-3.0	localeDisplayNames/languages/bax
Ghomala	لغة الغومالا	cldr-language	https://raw.githubusercontent.com/unicode-org/cldr-json/48.2.1/cldr-json/cldr-localenames-full/main/ar/languages.json	2026-09-20	469d4b540f4a50c127a88c5b1e2bceac289d3a54b01dc2fbb9375c60470adf62	languages	world	Unicode-3.0	localeDisplayNames/languages/bbj
Belarusian	البيلاروسية	cldr-language	https://raw.githubusercontent.com/unicode-org/cldr-json/48.2.1/cldr-json/cldr-localenames-full/main/ar/languages.json	2026-09-20	469d4b540f4a50c127a88c5b1e2bceac289d3a54b01dc2fbb9375c60470adf62	languages	world	Unicode-3.0	localeDisplayNames/languages/be
Beja	البيجا	cldr-language	https://raw.githubusercontent.com/unicode-org/cldr-json/48.2.1/cldr-json/cldr-localenames-full/main/ar/languages.json	2026-09-20	469d4b540f4a50c127a88c5b1e2bceac289d3a54b01dc2fbb9375c60470adf62	languages	world	Unicode-3.0	localeDisplayNames/languages/bej
Bemba	البيمبا	cldr-language	https://raw.githubusercontent.com/unicode-org/cldr-json/48.2.1/cldr-json/cldr-localenames-full/main/ar/languages.json	2026-09-20	469d4b540f4a50c127a88c5b1e2bceac289d3a54b01dc2fbb9375c60470adf62	languages	world	Unicode-3.0	localeDisplayNames/languages/bem
Bena	بينا	cldr-language	https://raw.githubusercontent.com/unicode-org/cldr-json/48.2.1/cldr-json/cldr-localenames-full/main/ar/languages.json	2026-09-20	469d4b540f4a50c127a88c5b1e2bceac289d3a54b01dc2fbb9375c60470adf62	languages	world	Unicode-3.0	localeDisplayNames/languages/bez
Bafut	لغة البافوت	cldr-language	https://raw.githubusercontent.com/unicode-org/cldr-json/48.2.1/cldr-json/cldr-localenames-full/main/ar/languages.json	2026-09-20	469d4b540f4a50c127a88c5b1e2bceac289d3a54b01dc2fbb9375c60470adf62	languages	world	Unicode-3.0	localeDisplayNames/languages/bfd
Bulgarian	البلغارية	cldr-language	https://raw.githubusercontent.com/unicode-org/cldr-json/48.2.1/cldr-json/cldr-localenames-full/main/ar/languages.json	2026-09-20	469d4b540f4a50c127a88c5b1e2bceac289d3a54b01dc2fbb9375c60470adf62	languages	world	Unicode-3.0	localeDisplayNames/languages/bg
Haryanvi	الهارينفية	cldr-language	https://raw.githubusercontent.com/unicode-org/cldr-json/48.2.1/cldr-json/cldr-localenames-full/main/ar/languages.json	2026-09-20	469d4b540f4a50c127a88c5b1e2bceac289d3a54b01dc2fbb9375c60470adf62	languages	world	Unicode-3.0	localeDisplayNames/languages/bgc
Western Balochi	البلوشية الغربية	cldr-language	https://raw.githubusercontent.com/unicode-org/cldr-json/48.2.1/cldr-json/cldr-localenames-full/main/ar/languages.json	2026-09-20	469d4b540f4a50c127a88c5b1e2bceac289d3a54b01dc2fbb9375c60470adf62	languages	world	Unicode-3.0	localeDisplayNames/languages/bgn
Bhojpuri	البهوجبورية	cldr-language	https://raw.githubusercontent.com/unicode-org/cldr-json/48.2.1/cldr-json/cldr-localenames-full/main/ar/languages.json	2026-09-20	469d4b540f4a50c127a88c5b1e2bceac289d3a54b01dc2fbb9375c60470adf62	languages	world	Unicode-3.0	localeDisplayNames/languages/bho
Bislama	البيسلامية	cldr-language	https://raw.githubusercontent.com/unicode-org/cldr-json/48.2.1/cldr-json/cldr-localenames-full/main/ar/languages.json	2026-09-20	469d4b540f4a50c127a88c5b1e2bceac289d3a54b01dc2fbb9375c60470adf62	languages	world	Unicode-3.0	localeDisplayNames/languages/bi
Bikol	البيكولية	cldr-language	https://raw.githubusercontent.com/unicode-org/cldr-json/48.2.1/cldr-json/cldr-localenames-full/main/ar/languages.json	2026-09-20	469d4b540f4a50c127a88c5b1e2bceac289d3a54b01dc2fbb9375c60470adf62	languages	world	Unicode-3.0	localeDisplayNames/languages/bik
Bini	البينية	cldr-language	https://raw.githubusercontent.com/unicode-org/cldr-json/48.2.1/cldr-json/cldr-localenames-full/main/ar/languages.json	2026-09-20	469d4b540f4a50c127a88c5b1e2bceac289d3a54b01dc2fbb9375c60470adf62	languages	world	Unicode-3.0	localeDisplayNames/languages/bin
Kom	لغة الكوم	cldr-language	https://raw.githubusercontent.com/unicode-org/cldr-json/48.2.1/cldr-json/cldr-localenames-full/main/ar/languages.json	2026-09-20	469d4b540f4a50c127a88c5b1e2bceac289d3a54b01dc2fbb9375c60470adf62	languages	world	Unicode-3.0	localeDisplayNames/languages/bkm
Siksiká	السيكسيكية	cldr-language	https://raw.githubusercontent.com/unicode-org/cldr-json/48.2.1/cldr-json/cldr-localenames-full/main/ar/languages.json	2026-09-20	469d4b540f4a50c127a88c5b1e2bceac289d3a54b01dc2fbb9375c60470adf62	languages	world	Unicode-3.0	localeDisplayNames/languages/bla
Anii	الآنية	cldr-language	https://raw.githubusercontent.com/unicode-org/cldr-json/48.2.1/cldr-json/cldr-localenames-full/main/ar/languages.json	2026-09-20	469d4b540f4a50c127a88c5b1e2bceac289d3a54b01dc2fbb9375c60470adf62	languages	world	Unicode-3.0	localeDisplayNames/languages/blo
Bambara	البامبارا	cldr-language	https://raw.githubusercontent.com/unicode-org/cldr-json/48.2.1/cldr-json/cldr-localenames-full/main/ar/languages.json	2026-09-20	469d4b540f4a50c127a88c5b1e2bceac289d3a54b01dc2fbb9375c60470adf62	languages	world	Unicode-3.0	localeDisplayNames/languages/bm
Bangla	البنغالية	cldr-language	https://raw.githubusercontent.com/unicode-org/cldr-json/48.2.1/cldr-json/cldr-localenames-full/main/ar/languages.json	2026-09-20	469d4b540f4a50c127a88c5b1e2bceac289d3a54b01dc2fbb9375c60470adf62	languages	world	Unicode-3.0	localeDisplayNames/languages/bn
Tibetan	التبتية	cldr-language	https://raw.githubusercontent.com/unicode-org/cldr-json/48.2.1/cldr-json/cldr-localenames-full/main/ar/languages.json	2026-09-20	469d4b540f4a50c127a88c5b1e2bceac289d3a54b01dc2fbb9375c60470adf62	languages	world	Unicode-3.0	localeDisplayNames/languages/bo
Breton	البريتونية	cldr-language	https://raw.githubusercontent.com/unicode-org/cldr-json/48.2.1/cldr-json/cldr-localenames-full/main/ar/languages.json	2026-09-20	469d4b540f4a50c127a88c5b1e2bceac289d3a54b01dc2fbb9375c60470adf62	languages	world	Unicode-3.0	localeDisplayNames/languages/br
Braj	البراجية	cldr-language	https://raw.githubusercontent.com/unicode-org/cldr-json/48.2.1/cldr-json/cldr-localenames-full/main/ar/languages.json	2026-09-20	469d4b540f4a50c127a88c5b1e2bceac289d3a54b01dc2fbb9375c60470adf62	languages	world	Unicode-3.0	localeDisplayNames/languages/bra
Bodo	البودو	cldr-language	https://raw.githubusercontent.com/unicode-org/cldr-json/48.2.1/cldr-json/cldr-localenames-full/main/ar/languages.json	2026-09-20	469d4b540f4a50c127a88c5b1e2bceac289d3a54b01dc2fbb9375c60470adf62	languages	world	Unicode-3.0	localeDisplayNames/languages/brx
Bosnian	البوسنية	cldr-language	https://raw.githubusercontent.com/unicode-org/cldr-json/48.2.1/cldr-json/cldr-localenames-full/main/ar/languages.json	2026-09-20	469d4b540f4a50c127a88c5b1e2bceac289d3a54b01dc2fbb9375c60470adf62	languages	world	Unicode-3.0	localeDisplayNames/languages/bs
Akoose	أكوس	cldr-language	https://raw.githubusercontent.com/unicode-org/cldr-json/48.2.1/cldr-json/cldr-localenames-full/main/ar/languages.json	2026-09-20	469d4b540f4a50c127a88c5b1e2bceac289d3a54b01dc2fbb9375c60470adf62	languages	world	Unicode-3.0	localeDisplayNames/languages/bss
Buriat	البرياتية	cldr-language	https://raw.githubusercontent.com/unicode-org/cldr-json/48.2.1/cldr-json/cldr-localenames-full/main/ar/languages.json	2026-09-20	469d4b540f4a50c127a88c5b1e2bceac289d3a54b01dc2fbb9375c60470adf62	languages	world	Unicode-3.0	localeDisplayNames/languages/bua
Buginese	البجينيزية	cldr-language	https://raw.githubusercontent.com/unicode-org/cldr-json/48.2.1/cldr-json/cldr-localenames-full/main/ar/languages.json	2026-09-20	469d4b540f4a50c127a88c5b1e2bceac289d3a54b01dc2fbb9375c60470adf62	languages	world	Unicode-3.0	localeDisplayNames/languages/bug
Bulu	لغة البولو	cldr-language	https://raw.githubusercontent.com/unicode-org/cldr-json/48.2.1/cldr-json/cldr-localenames-full/main/ar/languages.json	2026-09-20	469d4b540f4a50c127a88c5b1e2bceac289d3a54b01dc2fbb9375c60470adf62	languages	world	Unicode-3.0	localeDisplayNames/languages/bum
Blin	البلينية	cldr-language	https://raw.githubusercontent.com/unicode-org/cldr-json/48.2.1/cldr-json/cldr-localenames-full/main/ar/languages.json	2026-09-20	469d4b540f4a50c127a88c5b1e2bceac289d3a54b01dc2fbb9375c60470adf62	languages	world	Unicode-3.0	localeDisplayNames/languages/byn
Medumba	لغة الميدومبا	cldr-language	https://raw.githubusercontent.com/unicode-org/cldr-json/48.2.1/cldr-json/cldr-localenames-full/main/ar/languages.json	2026-09-20	469d4b540f4a50c127a88c5b1e2bceac289d3a54b01dc2fbb9375c60470adf62	languages	world	Unicode-3.0	localeDisplayNames/languages/byv
Catalan	الكتالانية	cldr-language	https://raw.githubusercontent.com/unicode-org/cldr-json/48.2.1/cldr-json/cldr-localenames-full/main/ar/languages.json	2026-09-20	469d4b540f4a50c127a88c5b1e2bceac289d3a54b01dc2fbb9375c60470adf62	languages	world	Unicode-3.0	localeDisplayNames/languages/ca
Caddo	الكادو	cldr-language	https://raw.githubusercontent.com/unicode-org/cldr-json/48.2.1/cldr-json/cldr-localenames-full/main/ar/languages.json	2026-09-20	469d4b540f4a50c127a88c5b1e2bceac289d3a54b01dc2fbb9375c60470adf62	languages	world	Unicode-3.0	localeDisplayNames/languages/cad
Carib	الكاريبية	cldr-language	https://raw.githubusercontent.com/unicode-org/cldr-json/48.2.1/cldr-json/cldr-localenames-full/main/ar/languages.json	2026-09-20	469d4b540f4a50c127a88c5b1e2bceac289d3a54b01dc2fbb9375c60470adf62	languages	world	Unicode-3.0	localeDisplayNames/languages/car
Cayuga	الكايوجية	cldr-language	https://raw.githubusercontent.com/unicode-org/cldr-json/48.2.1/cldr-json/cldr-localenames-full/main/ar/languages.json	2026-09-20	469d4b540f4a50c127a88c5b1e2bceac289d3a54b01dc2fbb9375c60470adf62	languages	world	Unicode-3.0	localeDisplayNames/languages/cay
Atsam	الأتسام	cldr-language	https://raw.githubusercontent.com/unicode-org/cldr-json/48.2.1/cldr-json/cldr-localenames-full/main/ar/languages.json	2026-09-20	469d4b540f4a50c127a88c5b1e2bceac289d3a54b01dc2fbb9375c60470adf62	languages	world	Unicode-3.0	localeDisplayNames/languages/cch
Chakma	تشاكما	cldr-language	https://raw.githubusercontent.com/unicode-org/cldr-json/48.2.1/cldr-json/cldr-localenames-full/main/ar/languages.json	2026-09-20	469d4b540f4a50c127a88c5b1e2bceac289d3a54b01dc2fbb9375c60470adf62	languages	world	Unicode-3.0	localeDisplayNames/languages/ccp
Chechen	الشيشانية	cldr-language	https://raw.githubusercontent.com/unicode-org/cldr-json/48.2.1/cldr-json/cldr-localenames-full/main/ar/languages.json	2026-09-20	469d4b540f4a50c127a88c5b1e2bceac289d3a54b01dc2fbb9375c60470adf62	languages	world	Unicode-3.0	localeDisplayNames/languages/ce
Cebuano	السيبيوانية	cldr-language	https://raw.githubusercontent.com/unicode-org/cldr-json/48.2.1/cldr-json/cldr-localenames-full/main/ar/languages.json	2026-09-20	469d4b540f4a50c127a88c5b1e2bceac289d3a54b01dc2fbb9375c60470adf62	languages	world	Unicode-3.0	localeDisplayNames/languages/ceb
Chiga	تشيغا	cldr-language	https://raw.githubusercontent.com/unicode-org/cldr-json/48.2.1/cldr-json/cldr-localenames-full/main/ar/languages.json	2026-09-20	469d4b540f4a50c127a88c5b1e2bceac289d3a54b01dc2fbb9375c60470adf62	languages	world	Unicode-3.0	localeDisplayNames/languages/cgg
Chamorro	التشامورو	cldr-language	https://raw.githubusercontent.com/unicode-org/cldr-json/48.2.1/cldr-json/cldr-localenames-full/main/ar/languages.json	2026-09-20	469d4b540f4a50c127a88c5b1e2bceac289d3a54b01dc2fbb9375c60470adf62	languages	world	Unicode-3.0	localeDisplayNames/languages/ch
Chibcha	التشيبشا	cldr-language	https://raw.githubusercontent.com/unicode-org/cldr-json/48.2.1/cldr-json/cldr-localenames-full/main/ar/languages.json	2026-09-20	469d4b540f4a50c127a88c5b1e2bceac289d3a54b01dc2fbb9375c60470adf62	languages	world	Unicode-3.0	localeDisplayNames/languages/chb
Chagatai	التشاجاتاي	cldr-language	https://raw.githubusercontent.com/unicode-org/cldr-json/48.2.1/cldr-json/cldr-localenames-full/main/ar/languages.json	2026-09-20	469d4b540f4a50c127a88c5b1e2bceac289d3a54b01dc2fbb9375c60470adf62	languages	world	Unicode-3.0	localeDisplayNames/languages/chg
Chuukese	التشكيزية	cldr-language	https://raw.githubusercontent.com/unicode-org/cldr-json/48.2.1/cldr-json/cldr-localenames-full/main/ar/languages.json	2026-09-20	469d4b540f4a50c127a88c5b1e2bceac289d3a54b01dc2fbb9375c60470adf62	languages	world	Unicode-3.0	localeDisplayNames/languages/chk
Mari	الماري	cldr-language	https://raw.githubusercontent.com/unicode-org/cldr-json/48.2.1/cldr-json/cldr-localenames-full/main/ar/languages.json	2026-09-20	469d4b540f4a50c127a88c5b1e2bceac289d3a54b01dc2fbb9375c60470adf62	languages	world	Unicode-3.0	localeDisplayNames/languages/chm
Chinook Jargon	الشينوك جارجون	cldr-language	https://raw.githubusercontent.com/unicode-org/cldr-json/48.2.1/cldr-json/cldr-localenames-full/main/ar/languages.json	2026-09-20	469d4b540f4a50c127a88c5b1e2bceac289d3a54b01dc2fbb9375c60470adf62	languages	world	Unicode-3.0	localeDisplayNames/languages/chn
Choctaw	الشوكتو	cldr-language	https://raw.githubusercontent.com/unicode-org/cldr-json/48.2.1/cldr-json/cldr-localenames-full/main/ar/languages.json	2026-09-20	469d4b540f4a50c127a88c5b1e2bceac289d3a54b01dc2fbb9375c60470adf62	languages	world	Unicode-3.0	localeDisplayNames/languages/cho
Chipewyan	الشيباوايان	cldr-language	https://raw.githubusercontent.com/unicode-org/cldr-json/48.2.1/cldr-json/cldr-localenames-full/main/ar/languages.json	2026-09-20	469d4b540f4a50c127a88c5b1e2bceac289d3a54b01dc2fbb9375c60470adf62	languages	world	Unicode-3.0	localeDisplayNames/languages/chp
Cherokee	الشيروكي	cldr-language	https://raw.githubusercontent.com/unicode-org/cldr-json/48.2.1/cldr-json/cldr-localenames-full/main/ar/languages.json	2026-09-20	469d4b540f4a50c127a88c5b1e2bceac289d3a54b01dc2fbb9375c60470adf62	languages	world	Unicode-3.0	localeDisplayNames/languages/chr
Cheyenne	الشايان	cldr-language	https://raw.githubusercontent.com/unicode-org/cldr-json/48.2.1/cldr-json/cldr-localenames-full/main/ar/languages.json	2026-09-20	469d4b540f4a50c127a88c5b1e2bceac289d3a54b01dc2fbb9375c60470adf62	languages	world	Unicode-3.0	localeDisplayNames/languages/chy
Central Kurdish	السورانية الكردية	cldr-language	https://raw.githubusercontent.com/unicode-org/cldr-json/48.2.1/cldr-json/cldr-localenames-full/main/ar/languages.json	2026-09-20	469d4b540f4a50c127a88c5b1e2bceac289d3a54b01dc2fbb9375c60470adf62	languages	world	Unicode-3.0	localeDisplayNames/languages/ckb
Kurdish, Central	الكردية، السورانية	cldr-language	https://raw.githubusercontent.com/unicode-org/cldr-json/48.2.1/cldr-json/cldr-localenames-full/main/ar/languages.json	2026-09-20	469d4b540f4a50c127a88c5b1e2bceac289d3a54b01dc2fbb9375c60470adf62	languages	world	Unicode-3.0	localeDisplayNames/languages/ckb-alt-menu
Chilcotin	تسيلكوتين	cldr-language	https://raw.githubusercontent.com/unicode-org/cldr-json/48.2.1/cldr-json/cldr-localenames-full/main/ar/languages.json	2026-09-20	469d4b540f4a50c127a88c5b1e2bceac289d3a54b01dc2fbb9375c60470adf62	languages	world	Unicode-3.0	localeDisplayNames/languages/clc
Corsican	الكورسيكية	cldr-language	https://raw.githubusercontent.com/unicode-org/cldr-json/48.2.1/cldr-json/cldr-localenames-full/main/ar/languages.json	2026-09-20	469d4b540f4a50c127a88c5b1e2bceac289d3a54b01dc2fbb9375c60470adf62	languages	world	Unicode-3.0	localeDisplayNames/languages/co
Coptic	القبطية	cldr-language	https://raw.githubusercontent.com/unicode-org/cldr-json/48.2.1/cldr-json/cldr-localenames-full/main/ar/languages.json	2026-09-20	469d4b540f4a50c127a88c5b1e2bceac289d3a54b01dc2fbb9375c60470adf62	languages	world	Unicode-3.0	localeDisplayNames/languages/cop
Cree	الكرى	cldr-language	https://raw.githubusercontent.com/unicode-org/cldr-json/48.2.1/cldr-json/cldr-localenames-full/main/ar/languages.json	2026-09-20	469d4b540f4a50c127a88c5b1e2bceac289d3a54b01dc2fbb9375c60470adf62	languages	world	Unicode-3.0	localeDisplayNames/languages/cr
Michif	الميتشيف	cldr-language	https://raw.githubusercontent.com/unicode-org/cldr-json/48.2.1/cldr-json/cldr-localenames-full/main/ar/languages.json	2026-09-20	469d4b540f4a50c127a88c5b1e2bceac289d3a54b01dc2fbb9375c60470adf62	languages	world	Unicode-3.0	localeDisplayNames/languages/crg
Crimean Tatar	لغة تتار القرم	cldr-language	https://raw.githubusercontent.com/unicode-org/cldr-json/48.2.1/cldr-json/cldr-localenames-full/main/ar/languages.json	2026-09-20	469d4b540f4a50c127a88c5b1e2bceac289d3a54b01dc2fbb9375c60470adf62	languages	world	Unicode-3.0	localeDisplayNames/languages/crh
Southern East Cree	الكري الجنوب شرقية	cldr-language	https://raw.githubusercontent.com/unicode-org/cldr-json/48.2.1/cldr-json/cldr-localenames-full/main/ar/languages.json	2026-09-20	469d4b540f4a50c127a88c5b1e2bceac289d3a54b01dc2fbb9375c60470adf62	languages	world	Unicode-3.0	localeDisplayNames/languages/crj
Plains Cree	البلينز-كري	cldr-language	https://raw.githubusercontent.com/unicode-org/cldr-json/48.2.1/cldr-json/cldr-localenames-full/main/ar/languages.json	2026-09-20	469d4b540f4a50c127a88c5b1e2bceac289d3a54b01dc2fbb9375c60470adf62	languages	world	Unicode-3.0	localeDisplayNames/languages/crk
Northern East Cree	الكري شمال الشرقية	cldr-language	https://raw.githubusercontent.com/unicode-org/cldr-json/48.2.1/cldr-json/cldr-localenames-full/main/ar/languages.json	2026-09-20	469d4b540f4a50c127a88c5b1e2bceac289d3a54b01dc2fbb9375c60470adf62	languages	world	Unicode-3.0	localeDisplayNames/languages/crl
Moose Cree	الموس-كري	cldr-language	https://raw.githubusercontent.com/unicode-org/cldr-json/48.2.1/cldr-json/cldr-localenames-full/main/ar/languages.json	2026-09-20	469d4b540f4a50c127a88c5b1e2bceac289d3a54b01dc2fbb9375c60470adf62	languages	world	Unicode-3.0	localeDisplayNames/languages/crm
Carolina Algonquian	الألغونكوية كارولينا	cldr-language	https://raw.githubusercontent.com/unicode-org/cldr-json/48.2.1/cldr-json/cldr-localenames-full/main/ar/languages.json	2026-09-20	469d4b540f4a50c127a88c5b1e2bceac289d3a54b01dc2fbb9375c60470adf62	languages	world	Unicode-3.0	localeDisplayNames/languages/crr
Seselwa Creole French	الفرنسية الكريولية السيشيلية	cldr-language	https://raw.githubusercontent.com/unicode-org/cldr-json/48.2.1/cldr-json/cldr-localenames-full/main/ar/languages.json	2026-09-20	469d4b540f4a50c127a88c5b1e2bceac289d3a54b01dc2fbb9375c60470adf62	languages	world	Unicode-3.0	localeDisplayNames/languages/crs
Czech	التشيكية	cldr-language	https://raw.githubusercontent.com/unicode-org/cldr-json/48.2.1/cldr-json/cldr-localenames-full/main/ar/languages.json	2026-09-20	469d4b540f4a50c127a88c5b1e2bceac289d3a54b01dc2fbb9375c60470adf62	languages	world	Unicode-3.0	localeDisplayNames/languages/cs
Kashubian	الكاشبايان	cldr-language	https://raw.githubusercontent.com/unicode-org/cldr-json/48.2.1/cldr-json/cldr-localenames-full/main/ar/languages.json	2026-09-20	469d4b540f4a50c127a88c5b1e2bceac289d3a54b01dc2fbb9375c60470adf62	languages	world	Unicode-3.0	localeDisplayNames/languages/csb
Swampy Cree	السوامبي-كري	cldr-language	https://raw.githubusercontent.com/unicode-org/cldr-json/48.2.1/cldr-json/cldr-localenames-full/main/ar/languages.json	2026-09-20	469d4b540f4a50c127a88c5b1e2bceac289d3a54b01dc2fbb9375c60470adf62	languages	world	Unicode-3.0	localeDisplayNames/languages/csw
Church Slavic	سلافية كنسية	cldr-language	https://raw.githubusercontent.com/unicode-org/cldr-json/48.2.1/cldr-json/cldr-localenames-full/main/ar/languages.json	2026-09-20	469d4b540f4a50c127a88c5b1e2bceac289d3a54b01dc2fbb9375c60470adf62	languages	world	Unicode-3.0	localeDisplayNames/languages/cu
Chuvash	التشوفاشي	cldr-language	https://raw.githubusercontent.com/unicode-org/cldr-json/48.2.1/cldr-json/cldr-localenames-full/main/ar/languages.json	2026-09-20	469d4b540f4a50c127a88c5b1e2bceac289d3a54b01dc2fbb9375c60470adf62	languages	world	Unicode-3.0	localeDisplayNames/languages/cv
Welsh	الويلزية	cldr-language	https://raw.githubusercontent.com/unicode-org/cldr-json/48.2.1/cldr-json/cldr-localenames-full/main/ar/languages.json	2026-09-20	469d4b540f4a50c127a88c5b1e2bceac289d3a54b01dc2fbb9375c60470adf62	languages	world	Unicode-3.0	localeDisplayNames/languages/cy
Danish	الدانمركية	cldr-language	https://raw.githubusercontent.com/unicode-org/cldr-json/48.2.1/cldr-json/cldr-localenames-full/main/ar/languages.json	2026-09-20	469d4b540f4a50c127a88c5b1e2bceac289d3a54b01dc2fbb9375c60470adf62	languages	world	Unicode-3.0	localeDisplayNames/languages/da
Dakota	الداكوتا	cldr-language	https://raw.githubusercontent.com/unicode-org/cldr-json/48.2.1/cldr-json/cldr-localenames-full/main/ar/languages.json	2026-09-20	469d4b540f4a50c127a88c5b1e2bceac289d3a54b01dc2fbb9375c60470adf62	languages	world	Unicode-3.0	localeDisplayNames/languages/dak
Dargwa	الدارجوا	cldr-language	https://raw.githubusercontent.com/unicode-org/cldr-json/48.2.1/cldr-json/cldr-localenames-full/main/ar/languages.json	2026-09-20	469d4b540f4a50c127a88c5b1e2bceac289d3a54b01dc2fbb9375c60470adf62	languages	world	Unicode-3.0	localeDisplayNames/languages/dar
Taita	تيتا	cldr-language	https://raw.githubusercontent.com/unicode-org/cldr-json/48.2.1/cldr-json/cldr-localenames-full/main/ar/languages.json	2026-09-20	469d4b540f4a50c127a88c5b1e2bceac289d3a54b01dc2fbb9375c60470adf62	languages	world	Unicode-3.0	localeDisplayNames/languages/dav
German	الألمانية	cldr-language	https://raw.githubusercontent.com/unicode-org/cldr-json/48.2.1/cldr-json/cldr-localenames-full/main/ar/languages.json	2026-09-20	469d4b540f4a50c127a88c5b1e2bceac289d3a54b01dc2fbb9375c60470adf62	languages	world	Unicode-3.0	localeDisplayNames/languages/de
Austrian German	الألمانية النمساوية	cldr-language	https://raw.githubusercontent.com/unicode-org/cldr-json/48.2.1/cldr-json/cldr-localenames-full/main/ar/languages.json	2026-09-20	469d4b540f4a50c127a88c5b1e2bceac289d3a54b01dc2fbb9375c60470adf62	languages	world	Unicode-3.0	localeDisplayNames/languages/de-AT
Delaware	الديلوير	cldr-language	https://raw.githubusercontent.com/unicode-org/cldr-json/48.2.1/cldr-json/cldr-localenames-full/main/ar/languages.json	2026-09-20	469d4b540f4a50c127a88c5b1e2bceac289d3a54b01dc2fbb9375c60470adf62	languages	world	Unicode-3.0	localeDisplayNames/languages/del
Slave	السلافية	cldr-language	https://raw.githubusercontent.com/unicode-org/cldr-json/48.2.1/cldr-json/cldr-localenames-full/main/ar/languages.json	2026-09-20	469d4b540f4a50c127a88c5b1e2bceac289d3a54b01dc2fbb9375c60470adf62	languages	world	Unicode-3.0	localeDisplayNames/languages/den
Dogrib	الدوجريب	cldr-language	https://raw.githubusercontent.com/unicode-org/cldr-json/48.2.1/cldr-json/cldr-localenames-full/main/ar/languages.json	2026-09-20	469d4b540f4a50c127a88c5b1e2bceac289d3a54b01dc2fbb9375c60470adf62	languages	world	Unicode-3.0	localeDisplayNames/languages/dgr
Dinka	الدنكا	cldr-language	https://raw.githubusercontent.com/unicode-org/cldr-json/48.2.1/cldr-json/cldr-localenames-full/main/ar/languages.json	2026-09-20	469d4b540f4a50c127a88c5b1e2bceac289d3a54b01dc2fbb9375c60470adf62	languages	world	Unicode-3.0	localeDisplayNames/languages/din
Zarma	الزارمية	cldr-language	https://raw.githubusercontent.com/unicode-org/cldr-json/48.2.1/cldr-json/cldr-localenames-full/main/ar/languages.json	2026-09-20	469d4b540f4a50c127a88c5b1e2bceac289d3a54b01dc2fbb9375c60470adf62	languages	world	Unicode-3.0	localeDisplayNames/languages/dje
Dogri	الدوجرية	cldr-language	https://raw.githubusercontent.com/unicode-org/cldr-json/48.2.1/cldr-json/cldr-localenames-full/main/ar/languages.json	2026-09-20	469d4b540f4a50c127a88c5b1e2bceac289d3a54b01dc2fbb9375c60470adf62	languages	world	Unicode-3.0	localeDisplayNames/languages/doi
Lower Sorbian	صوربيا السفلى	cldr-language	https://raw.githubusercontent.com/unicode-org/cldr-json/48.2.1/cldr-json/cldr-localenames-full/main/ar/languages.json	2026-09-20	469d4b540f4a50c127a88c5b1e2bceac289d3a54b01dc2fbb9375c60470adf62	languages	world	Unicode-3.0	localeDisplayNames/languages/dsb
Duala	الديولا	cldr-language	https://raw.githubusercontent.com/unicode-org/cldr-json/48.2.1/cldr-json/cldr-localenames-full/main/ar/languages.json	2026-09-20	469d4b540f4a50c127a88c5b1e2bceac289d3a54b01dc2fbb9375c60470adf62	languages	world	Unicode-3.0	localeDisplayNames/languages/dua
Middle Dutch	الهولندية الوسطى	cldr-language	https://raw.githubusercontent.com/unicode-org/cldr-json/48.2.1/cldr-json/cldr-localenames-full/main/ar/languages.json	2026-09-20	469d4b540f4a50c127a88c5b1e2bceac289d3a54b01dc2fbb9375c60470adf62	languages	world	Unicode-3.0	localeDisplayNames/languages/dum
Divehi	المالديفية	cldr-language	https://raw.githubusercontent.com/unicode-org/cldr-json/48.2.1/cldr-json/cldr-localenames-full/main/ar/languages.json	2026-09-20	469d4b540f4a50c127a88c5b1e2bceac289d3a54b01dc2fbb9375c60470adf62	languages	world	Unicode-3.0	localeDisplayNames/languages/dv
Jola-Fonyi	جولا فونيا	cldr-language	https://raw.githubusercontent.com/unicode-org/cldr-json/48.2.1/cldr-json/cldr-localenames-full/main/ar/languages.json	2026-09-20	469d4b540f4a50c127a88c5b1e2bceac289d3a54b01dc2fbb9375c60470adf62	languages	world	Unicode-3.0	localeDisplayNames/languages/dyo
Dyula	الدايلا	cldr-language	https://raw.githubusercontent.com/unicode-org/cldr-json/48.2.1/cldr-json/cldr-localenames-full/main/ar/languages.json	2026-09-20	469d4b540f4a50c127a88c5b1e2bceac289d3a54b01dc2fbb9375c60470adf62	languages	world	Unicode-3.0	localeDisplayNames/languages/dyu
Dzongkha	دزونكا	cldr-language	https://raw.githubusercontent.com/unicode-org/cldr-json/48.2.1/cldr-json/cldr-localenames-full/main/ar/languages.json	2026-09-20	469d4b540f4a50c127a88c5b1e2bceac289d3a54b01dc2fbb9375c60470adf62	languages	world	Unicode-3.0	localeDisplayNames/languages/dz
Dazaga	القرعانية	cldr-language	https://raw.githubusercontent.com/unicode-org/cldr-json/48.2.1/cldr-json/cldr-localenames-full/main/ar/languages.json	2026-09-20	469d4b540f4a50c127a88c5b1e2bceac289d3a54b01dc2fbb9375c60470adf62	languages	world	Unicode-3.0	localeDisplayNames/languages/dzg
Embu	إمبو	cldr-language	https://raw.githubusercontent.com/unicode-org/cldr-json/48.2.1/cldr-json/cldr-localenames-full/main/ar/languages.json	2026-09-20	469d4b540f4a50c127a88c5b1e2bceac289d3a54b01dc2fbb9375c60470adf62	languages	world	Unicode-3.0	localeDisplayNames/languages/ebu
Ewe	الإيوي	cldr-language	https://raw.githubusercontent.com/unicode-org/cldr-json/48.2.1/cldr-json/cldr-localenames-full/main/ar/languages.json	2026-09-20	469d4b540f4a50c127a88c5b1e2bceac289d3a54b01dc2fbb9375c60470adf62	languages	world	Unicode-3.0	localeDisplayNames/languages/ee
Efik	الإفيك	cldr-language	https://raw.githubusercontent.com/unicode-org/cldr-json/48.2.1/cldr-json/cldr-localenames-full/main/ar/languages.json	2026-09-20	469d4b540f4a50c127a88c5b1e2bceac289d3a54b01dc2fbb9375c60470adf62	languages	world	Unicode-3.0	localeDisplayNames/languages/efi
Ancient Egyptian	المصرية القديمة	cldr-language	https://raw.githubusercontent.com/unicode-org/cldr-json/48.2.1/cldr-json/cldr-localenames-full/main/ar/languages.json	2026-09-20	469d4b540f4a50c127a88c5b1e2bceac289d3a54b01dc2fbb9375c60470adf62	languages	world	Unicode-3.0	localeDisplayNames/languages/egy
Ekajuk	الإكاجك	cldr-language	https://raw.githubusercontent.com/unicode-org/cldr-json/48.2.1/cldr-json/cldr-localenames-full/main/ar/languages.json	2026-09-20	469d4b540f4a50c127a88c5b1e2bceac289d3a54b01dc2fbb9375c60470adf62	languages	world	Unicode-3.0	localeDisplayNames/languages/eka
Greek	اليونانية	cldr-language	https://raw.githubusercontent.com/unicode-org/cldr-json/48.2.1/cldr-json/cldr-localenames-full/main/ar/languages.json	2026-09-20	469d4b540f4a50c127a88c5b1e2bceac289d3a54b01dc2fbb9375c60470adf62	languages	world	Unicode-3.0	localeDisplayNames/languages/el
Elamite	الإمايت	cldr-language	https://raw.githubusercontent.com/unicode-org/cldr-json/48.2.1/cldr-json/cldr-localenames-full/main/ar/languages.json	2026-09-20	469d4b540f4a50c127a88c5b1e2bceac289d3a54b01dc2fbb9375c60470adf62	languages	world	Unicode-3.0	localeDisplayNames/languages/elx
English	الإنجليزية	cldr-language	https://raw.githubusercontent.com/unicode-org/cldr-json/48.2.1/cldr-json/cldr-localenames-full/main/ar/languages.json	2026-09-20	469d4b540f4a50c127a88c5b1e2bceac289d3a54b01dc2fbb9375c60470adf62	languages	world	Unicode-3.0	localeDisplayNames/languages/en
UK English	الإنجليزية المملكة المتحدة	cldr-language	https://raw.githubusercontent.com/unicode-org/cldr-json/48.2.1/cldr-json/cldr-localenames-full/main/ar/languages.json	2026-09-20	469d4b540f4a50c127a88c5b1e2bceac289d3a54b01dc2fbb9375c60470adf62	languages	world	Unicode-3.0	localeDisplayNames/languages/en-GB-alt-short
US English	الإنجليزية الولايات المتحدة	cldr-language	https://raw.githubusercontent.com/unicode-org/cldr-json/48.2.1/cldr-json/cldr-localenames-full/main/ar/languages.json	2026-09-20	469d4b540f4a50c127a88c5b1e2bceac289d3a54b01dc2fbb9375c60470adf62	languages	world	Unicode-3.0	localeDisplayNames/languages/en-US-alt-short
Middle English	الإنجليزية الوسطى	cldr-language	https://raw.githubusercontent.com/unicode-org/cldr-json/48.2.1/cldr-json/cldr-localenames-full/main/ar/languages.json	2026-09-20	469d4b540f4a50c127a88c5b1e2bceac289d3a54b01dc2fbb9375c60470adf62	languages	world	Unicode-3.0	localeDisplayNames/languages/enm
Esperanto	الإسبرانتو	cldr-language	https://raw.githubusercontent.com/unicode-org/cldr-json/48.2.1/cldr-json/cldr-localenames-full/main/ar/languages.json	2026-09-20	469d4b540f4a50c127a88c5b1e2bceac289d3a54b01dc2fbb9375c60470adf62	languages	world	Unicode-3.0	localeDisplayNames/languages/eo
Spanish	الإسبانية	cldr-language	https://raw.githubusercontent.com/unicode-org/cldr-json/48.2.1/cldr-json/cldr-localenames-full/main/ar/languages.json	2026-09-20	469d4b540f4a50c127a88c5b1e2bceac289d3a54b01dc2fbb9375c60470adf62	languages	world	Unicode-3.0	localeDisplayNames/languages/es
Latin American Spanish	الإسبانية أمريكا اللاتينية	cldr-language	https://raw.githubusercontent.com/unicode-org/cldr-json/48.2.1/cldr-json/cldr-localenames-full/main/ar/languages.json	2026-09-20	469d4b540f4a50c127a88c5b1e2bceac289d3a54b01dc2fbb9375c60470adf62	languages	world	Unicode-3.0	localeDisplayNames/languages/es-419
European Spanish	الإسبانية الأوروبية	cldr-language	https://raw.githubusercontent.com/unicode-org/cldr-json/48.2.1/cldr-json/cldr-localenames-full/main/ar/languages.json	2026-09-20	469d4b540f4a50c127a88c5b1e2bceac289d3a54b01dc2fbb9375c60470adf62	languages	world	Unicode-3.0	localeDisplayNames/languages/es-ES
Mexican Spanish	الإسبانية المكسيكية	cldr-language	https://raw.githubusercontent.com/unicode-org/cldr-json/48.2.1/cldr-json/cldr-localenames-full/main/ar/languages.json	2026-09-20	469d4b540f4a50c127a88c5b1e2bceac289d3a54b01dc2fbb9375c60470adf62	languages	world	Unicode-3.0	localeDisplayNames/languages/es-MX
Estonian	الإستونية	cldr-language	https://raw.githubusercontent.com/unicode-org/cldr-json/48.2.1/cldr-json/cldr-localenames-full/main/ar/languages.json	2026-09-20	469d4b540f4a50c127a88c5b1e2bceac289d3a54b01dc2fbb9375c60470adf62	languages	world	Unicode-3.0	localeDisplayNames/languages/et
Basque	الباسكية	cldr-language	https://raw.githubusercontent.com/unicode-org/cldr-json/48.2.1/cldr-json/cldr-localenames-full/main/ar/languages.json	2026-09-20	469d4b540f4a50c127a88c5b1e2bceac289d3a54b01dc2fbb9375c60470adf62	languages	world	Unicode-3.0	localeDisplayNames/languages/eu
Ewondo	الإيوندو	cldr-language	https://raw.githubusercontent.com/unicode-org/cldr-json/48.2.1/cldr-json/cldr-localenames-full/main/ar/languages.json	2026-09-20	469d4b540f4a50c127a88c5b1e2bceac289d3a54b01dc2fbb9375c60470adf62	languages	world	Unicode-3.0	localeDisplayNames/languages/ewo
Persian	الفارسية	cldr-language	https://raw.githubusercontent.com/unicode-org/cldr-json/48.2.1/cldr-json/cldr-localenames-full/main/ar/languages.json	2026-09-20	469d4b540f4a50c127a88c5b1e2bceac289d3a54b01dc2fbb9375c60470adf62	languages	world	Unicode-3.0	localeDisplayNames/languages/fa
Dari	الدارية	cldr-language	https://raw.githubusercontent.com/unicode-org/cldr-json/48.2.1/cldr-json/cldr-localenames-full/main/ar/languages.json	2026-09-20	469d4b540f4a50c127a88c5b1e2bceac289d3a54b01dc2fbb9375c60470adf62	languages	world	Unicode-3.0	localeDisplayNames/languages/fa-AF
Fang	الفانج	cldr-language	https://raw.githubusercontent.com/unicode-org/cldr-json/48.2.1/cldr-json/cldr-localenames-full/main/ar/languages.json	2026-09-20	469d4b540f4a50c127a88c5b1e2bceac289d3a54b01dc2fbb9375c60470adf62	languages	world	Unicode-3.0	localeDisplayNames/languages/fan
Fanti	الفانتي	cldr-language	https://raw.githubusercontent.com/unicode-org/cldr-json/48.2.1/cldr-json/cldr-localenames-full/main/ar/languages.json	2026-09-20	469d4b540f4a50c127a88c5b1e2bceac289d3a54b01dc2fbb9375c60470adf62	languages	world	Unicode-3.0	localeDisplayNames/languages/fat
Fula	الفولانية	cldr-language	https://raw.githubusercontent.com/unicode-org/cldr-json/48.2.1/cldr-json/cldr-localenames-full/main/ar/languages.json	2026-09-20	469d4b540f4a50c127a88c5b1e2bceac289d3a54b01dc2fbb9375c60470adf62	languages	world	Unicode-3.0	localeDisplayNames/languages/ff
Finnish	الفنلندية	cldr-language	https://raw.githubusercontent.com/unicode-org/cldr-json/48.2.1/cldr-json/cldr-localenames-full/main/ar/languages.json	2026-09-20	469d4b540f4a50c127a88c5b1e2bceac289d3a54b01dc2fbb9375c60470adf62	languages	world	Unicode-3.0	localeDisplayNames/languages/fi
Filipino	الفلبينية	cldr-language	https://raw.githubusercontent.com/unicode-org/cldr-json/48.2.1/cldr-json/cldr-localenames-full/main/ar/languages.json	2026-09-20	469d4b540f4a50c127a88c5b1e2bceac289d3a54b01dc2fbb9375c60470adf62	languages	world	Unicode-3.0	localeDisplayNames/languages/fil
Fijian	الفيجية	cldr-language	https://raw.githubusercontent.com/unicode-org/cldr-json/48.2.1/cldr-json/cldr-localenames-full/main/ar/languages.json	2026-09-20	469d4b540f4a50c127a88c5b1e2bceac289d3a54b01dc2fbb9375c60470adf62	languages	world	Unicode-3.0	localeDisplayNames/languages/fj
Faroese	الفاروية	cldr-language	https://raw.githubusercontent.com/unicode-org/cldr-json/48.2.1/cldr-json/cldr-localenames-full/main/ar/languages.json	2026-09-20	469d4b540f4a50c127a88c5b1e2bceac289d3a54b01dc2fbb9375c60470adf62	languages	world	Unicode-3.0	localeDisplayNames/languages/fo
Fon	الفون	cldr-language	https://raw.githubusercontent.com/unicode-org/cldr-json/48.2.1/cldr-json/cldr-localenames-full/main/ar/languages.json	2026-09-20	469d4b540f4a50c127a88c5b1e2bceac289d3a54b01dc2fbb9375c60470adf62	languages	world	Unicode-3.0	localeDisplayNames/languages/fon
French	الفرنسية	cldr-language	https://raw.githubusercontent.com/unicode-org/cldr-json/48.2.1/cldr-json/cldr-localenames-full/main/ar/languages.json	2026-09-20	469d4b540f4a50c127a88c5b1e2bceac289d3a54b01dc2fbb9375c60470adf62	languages	world	Unicode-3.0	localeDisplayNames/languages/fr
Cajun French	الفرنسية الكاجونية	cldr-language	https://raw.githubusercontent.com/unicode-org/cldr-json/48.2.1/cldr-json/cldr-localenames-full/main/ar/languages.json	2026-09-20	469d4b540f4a50c127a88c5b1e2bceac289d3a54b01dc2fbb9375c60470adf62	languages	world	Unicode-3.0	localeDisplayNames/languages/frc
Middle French	الفرنسية الوسطى	cldr-language	https://raw.githubusercontent.com/unicode-org/cldr-json/48.2.1/cldr-json/cldr-localenames-full/main/ar/languages.json	2026-09-20	469d4b540f4a50c127a88c5b1e2bceac289d3a54b01dc2fbb9375c60470adf62	languages	world	Unicode-3.0	localeDisplayNames/languages/frm
Old French	الفرنسية القديمة	cldr-language	https://raw.githubusercontent.com/unicode-org/cldr-json/48.2.1/cldr-json/cldr-localenames-full/main/ar/languages.json	2026-09-20	469d4b540f4a50c127a88c5b1e2bceac289d3a54b01dc2fbb9375c60470adf62	languages	world	Unicode-3.0	localeDisplayNames/languages/fro
Northern Frisian	الفريزينية الشمالية	cldr-language	https://raw.githubusercontent.com/unicode-org/cldr-json/48.2.1/cldr-json/cldr-localenames-full/main/ar/languages.json	2026-09-20	469d4b540f4a50c127a88c5b1e2bceac289d3a54b01dc2fbb9375c60470adf62	languages	world	Unicode-3.0	localeDisplayNames/languages/frr
Eastern Frisian	الفريزينية الشرقية	cldr-language	https://raw.githubusercontent.com/unicode-org/cldr-json/48.2.1/cldr-json/cldr-localenames-full/main/ar/languages.json	2026-09-20	469d4b540f4a50c127a88c5b1e2bceac289d3a54b01dc2fbb9375c60470adf62	languages	world	Unicode-3.0	localeDisplayNames/languages/frs
Friulian	الفريلايان	cldr-language	https://raw.githubusercontent.com/unicode-org/cldr-json/48.2.1/cldr-json/cldr-localenames-full/main/ar/languages.json	2026-09-20	469d4b540f4a50c127a88c5b1e2bceac289d3a54b01dc2fbb9375c60470adf62	languages	world	Unicode-3.0	localeDisplayNames/languages/fur
Western Frisian	الفريزيان	cldr-language	https://raw.githubusercontent.com/unicode-org/cldr-json/48.2.1/cldr-json/cldr-localenames-full/main/ar/languages.json	2026-09-20	469d4b540f4a50c127a88c5b1e2bceac289d3a54b01dc2fbb9375c60470adf62	languages	world	Unicode-3.0	localeDisplayNames/languages/fy
Irish	الأيرلندية	cldr-language	https://raw.githubusercontent.com/unicode-org/cldr-json/48.2.1/cldr-json/cldr-localenames-full/main/ar/languages.json	2026-09-20	469d4b540f4a50c127a88c5b1e2bceac289d3a54b01dc2fbb9375c60470adf62	languages	world	Unicode-3.0	localeDisplayNames/languages/ga
Ga	الجا	cldr-language	https://raw.githubusercontent.com/unicode-org/cldr-json/48.2.1/cldr-json/cldr-localenames-full/main/ar/languages.json	2026-09-20	469d4b540f4a50c127a88c5b1e2bceac289d3a54b01dc2fbb9375c60470adf62	languages	world	Unicode-3.0	localeDisplayNames/languages/gaa
Gagauz	الغاغوز	cldr-language	https://raw.githubusercontent.com/unicode-org/cldr-json/48.2.1/cldr-json/cldr-localenames-full/main/ar/languages.json	2026-09-20	469d4b540f4a50c127a88c5b1e2bceac289d3a54b01dc2fbb9375c60470adf62	languages	world	Unicode-3.0	localeDisplayNames/languages/gag
Gan Chinese	الغان الصينية	cldr-language	https://raw.githubusercontent.com/unicode-org/cldr-json/48.2.1/cldr-json/cldr-localenames-full/main/ar/languages.json	2026-09-20	469d4b540f4a50c127a88c5b1e2bceac289d3a54b01dc2fbb9375c60470adf62	languages	world	Unicode-3.0	localeDisplayNames/languages/gan
Gayo	الجايو	cldr-language	https://raw.githubusercontent.com/unicode-org/cldr-json/48.2.1/cldr-json/cldr-localenames-full/main/ar/languages.json	2026-09-20	469d4b540f4a50c127a88c5b1e2bceac289d3a54b01dc2fbb9375c60470adf62	languages	world	Unicode-3.0	localeDisplayNames/languages/gay
Gbaya	الجبيا	cldr-language	https://raw.githubusercontent.com/unicode-org/cldr-json/48.2.1/cldr-json/cldr-localenames-full/main/ar/languages.json	2026-09-20	469d4b540f4a50c127a88c5b1e2bceac289d3a54b01dc2fbb9375c60470adf62	languages	world	Unicode-3.0	localeDisplayNames/languages/gba
Scottish Gaelic	الغيلية الأسكتلندية	cldr-language	https://raw.githubusercontent.com/unicode-org/cldr-json/48.2.1/cldr-json/cldr-localenames-full/main/ar/languages.json	2026-09-20	469d4b540f4a50c127a88c5b1e2bceac289d3a54b01dc2fbb9375c60470adf62	languages	world	Unicode-3.0	localeDisplayNames/languages/gd
Geez	الجعزية	cldr-language	https://raw.githubusercontent.com/unicode-org/cldr-json/48.2.1/cldr-json/cldr-localenames-full/main/ar/languages.json	2026-09-20	469d4b540f4a50c127a88c5b1e2bceac289d3a54b01dc2fbb9375c60470adf62	languages	world	Unicode-3.0	localeDisplayNames/languages/gez
Gilbertese	لغة أهل جبل طارق	cldr-language	https://raw.githubusercontent.com/unicode-org/cldr-json/48.2.1/cldr-json/cldr-localenames-full/main/ar/languages.json	2026-09-20	469d4b540f4a50c127a88c5b1e2bceac289d3a54b01dc2fbb9375c60470adf62	languages	world	Unicode-3.0	localeDisplayNames/languages/gil
Galician	الجاليكية	cldr-language	https://raw.githubusercontent.com/unicode-org/cldr-json/48.2.1/cldr-json/cldr-localenames-full/main/ar/languages.json	2026-09-20	469d4b540f4a50c127a88c5b1e2bceac289d3a54b01dc2fbb9375c60470adf62	languages	world	Unicode-3.0	localeDisplayNames/languages/gl
Middle High German	الألمانية العليا الوسطى	cldr-language	https://raw.githubusercontent.com/unicode-org/cldr-json/48.2.1/cldr-json/cldr-localenames-full/main/ar/languages.json	2026-09-20	469d4b540f4a50c127a88c5b1e2bceac289d3a54b01dc2fbb9375c60470adf62	languages	world	Unicode-3.0	localeDisplayNames/languages/gmh
Guarani	الغوارانية	cldr-language	https://raw.githubusercontent.com/unicode-org/cldr-json/48.2.1/cldr-json/cldr-localenames-full/main/ar/languages.json	2026-09-20	469d4b540f4a50c127a88c5b1e2bceac289d3a54b01dc2fbb9375c60470adf62	languages	world	Unicode-3.0	localeDisplayNames/languages/gn
Old High German	الألمانية العليا القديمة	cldr-language	https://raw.githubusercontent.com/unicode-org/cldr-json/48.2.1/cldr-json/cldr-localenames-full/main/ar/languages.json	2026-09-20	469d4b540f4a50c127a88c5b1e2bceac289d3a54b01dc2fbb9375c60470adf62	languages	world	Unicode-3.0	localeDisplayNames/languages/goh
Gondi	الجندي	cldr-language	https://raw.githubusercontent.com/unicode-org/cldr-json/48.2.1/cldr-json/cldr-localenames-full/main/ar/languages.json	2026-09-20	469d4b540f4a50c127a88c5b1e2bceac289d3a54b01dc2fbb9375c60470adf62	languages	world	Unicode-3.0	localeDisplayNames/languages/gon
Gorontalo	الجورونتالو	cldr-language	https://raw.githubusercontent.com/unicode-org/cldr-json/48.2.1/cldr-json/cldr-localenames-full/main/ar/languages.json	2026-09-20	469d4b540f4a50c127a88c5b1e2bceac289d3a54b01dc2fbb9375c60470adf62	languages	world	Unicode-3.0	localeDisplayNames/languages/gor
Gothic	القوطية	cldr-language	https://raw.githubusercontent.com/unicode-org/cldr-json/48.2.1/cldr-json/cldr-localenames-full/main/ar/languages.json	2026-09-20	469d4b540f4a50c127a88c5b1e2bceac289d3a54b01dc2fbb9375c60470adf62	languages	world	Unicode-3.0	localeDisplayNames/languages/got
Grebo	الجريبو	cldr-language	https://raw.githubusercontent.com/unicode-org/cldr-json/48.2.1/cldr-json/cldr-localenames-full/main/ar/languages.json	2026-09-20	469d4b540f4a50c127a88c5b1e2bceac289d3a54b01dc2fbb9375c60470adf62	languages	world	Unicode-3.0	localeDisplayNames/languages/grb
Ancient Greek	اليونانية القديمة	cldr-language	https://raw.githubusercontent.com/unicode-org/cldr-json/48.2.1/cldr-json/cldr-localenames-full/main/ar/languages.json	2026-09-20	469d4b540f4a50c127a88c5b1e2bceac289d3a54b01dc2fbb9375c60470adf62	languages	world	Unicode-3.0	localeDisplayNames/languages/grc
Swiss German	الألمانية السويسرية	cldr-language	https://raw.githubusercontent.com/unicode-org/cldr-json/48.2.1/cldr-json/cldr-localenames-full/main/ar/languages.json	2026-09-20	469d4b540f4a50c127a88c5b1e2bceac289d3a54b01dc2fbb9375c60470adf62	languages	world	Unicode-3.0	localeDisplayNames/languages/gsw
Gujarati	الغوجاراتية	cldr-language	https://raw.githubusercontent.com/unicode-org/cldr-json/48.2.1/cldr-json/cldr-localenames-full/main/ar/languages.json	2026-09-20	469d4b540f4a50c127a88c5b1e2bceac289d3a54b01dc2fbb9375c60470adf62	languages	world	Unicode-3.0	localeDisplayNames/languages/gu
Gusii	الغيزية	cldr-language	https://raw.githubusercontent.com/unicode-org/cldr-json/48.2.1/cldr-json/cldr-localenames-full/main/ar/languages.json	2026-09-20	469d4b540f4a50c127a88c5b1e2bceac289d3a54b01dc2fbb9375c60470adf62	languages	world	Unicode-3.0	localeDisplayNames/languages/guz
Manx	المنكية	cldr-language	https://raw.githubusercontent.com/unicode-org/cldr-json/48.2.1/cldr-json/cldr-localenames-full/main/ar/languages.json	2026-09-20	469d4b540f4a50c127a88c5b1e2bceac289d3a54b01dc2fbb9375c60470adf62	languages	world	Unicode-3.0	localeDisplayNames/languages/gv
Gwichʼin	غوتشن	cldr-language	https://raw.githubusercontent.com/unicode-org/cldr-json/48.2.1/cldr-json/cldr-localenames-full/main/ar/languages.json	2026-09-20	469d4b540f4a50c127a88c5b1e2bceac289d3a54b01dc2fbb9375c60470adf62	languages	world	Unicode-3.0	localeDisplayNames/languages/gwi
Hausa	الهوسا	cldr-language	https://raw.githubusercontent.com/unicode-org/cldr-json/48.2.1/cldr-json/cldr-localenames-full/main/ar/languages.json	2026-09-20	469d4b540f4a50c127a88c5b1e2bceac289d3a54b01dc2fbb9375c60470adf62	languages	world	Unicode-3.0	localeDisplayNames/languages/ha
Haida	الهيدا	cldr-language	https://raw.githubusercontent.com/unicode-org/cldr-json/48.2.1/cldr-json/cldr-localenames-full/main/ar/languages.json	2026-09-20	469d4b540f4a50c127a88c5b1e2bceac289d3a54b01dc2fbb9375c60470adf62	languages	world	Unicode-3.0	localeDisplayNames/languages/hai
Hakka Chinese	الهاكا الصينية	cldr-language	https://raw.githubusercontent.com/unicode-org/cldr-json/48.2.1/cldr-json/cldr-localenames-full/main/ar/languages.json	2026-09-20	469d4b540f4a50c127a88c5b1e2bceac289d3a54b01dc2fbb9375c60470adf62	languages	world	Unicode-3.0	localeDisplayNames/languages/hak
Hawaiian	لغة هاواي	cldr-language	https://raw.githubusercontent.com/unicode-org/cldr-json/48.2.1/cldr-json/cldr-localenames-full/main/ar/languages.json	2026-09-20	469d4b540f4a50c127a88c5b1e2bceac289d3a54b01dc2fbb9375c60470adf62	languages	world	Unicode-3.0	localeDisplayNames/languages/haw
Southern Haida	هايدا الجنوبية	cldr-language	https://raw.githubusercontent.com/unicode-org/cldr-json/48.2.1/cldr-json/cldr-localenames-full/main/ar/languages.json	2026-09-20	469d4b540f4a50c127a88c5b1e2bceac289d3a54b01dc2fbb9375c60470adf62	languages	world	Unicode-3.0	localeDisplayNames/languages/hax
Hebrew	العبرية	cldr-language	https://raw.githubusercontent.com/unicode-org/cldr-json/48.2.1/cldr-json/cldr-localenames-full/main/ar/languages.json	2026-09-20	469d4b540f4a50c127a88c5b1e2bceac289d3a54b01dc2fbb9375c60470adf62	languages	world	Unicode-3.0	localeDisplayNames/languages/he
Hindi	الهندية	cldr-language	https://raw.githubusercontent.com/unicode-org/cldr-json/48.2.1/cldr-json/cldr-localenames-full/main/ar/languages.json	2026-09-20	469d4b540f4a50c127a88c5b1e2bceac289d3a54b01dc2fbb9375c60470adf62	languages	world	Unicode-3.0	localeDisplayNames/languages/hi
Hinglish	الهنجليزية	cldr-language	https://raw.githubusercontent.com/unicode-org/cldr-json/48.2.1/cldr-json/cldr-localenames-full/main/ar/languages.json	2026-09-20	469d4b540f4a50c127a88c5b1e2bceac289d3a54b01dc2fbb9375c60470adf62	languages	world	Unicode-3.0	localeDisplayNames/languages/hi-Latn-alt-variant
Hiligaynon	الهيليجينون	cldr-language	https://raw.githubusercontent.com/unicode-org/cldr-json/48.2.1/cldr-json/cldr-localenames-full/main/ar/languages.json	2026-09-20	469d4b540f4a50c127a88c5b1e2bceac289d3a54b01dc2fbb9375c60470adf62	languages	world	Unicode-3.0	localeDisplayNames/languages/hil
Hittite	الحثية	cldr-language	https://raw.githubusercontent.com/unicode-org/cldr-json/48.2.1/cldr-json/cldr-localenames-full/main/ar/languages.json	2026-09-20	469d4b540f4a50c127a88c5b1e2bceac289d3a54b01dc2fbb9375c60470adf62	languages	world	Unicode-3.0	localeDisplayNames/languages/hit
Hmong	الهمونجية	cldr-language	https://raw.githubusercontent.com/unicode-org/cldr-json/48.2.1/cldr-json/cldr-localenames-full/main/ar/languages.json	2026-09-20	469d4b540f4a50c127a88c5b1e2bceac289d3a54b01dc2fbb9375c60470adf62	languages	world	Unicode-3.0	localeDisplayNames/languages/hmn
Hiri Motu	الهيري موتو	cldr-language	https://raw.githubusercontent.com/unicode-org/cldr-json/48.2.1/cldr-json/cldr-localenames-full/main/ar/languages.json	2026-09-20	469d4b540f4a50c127a88c5b1e2bceac289d3a54b01dc2fbb9375c60470adf62	languages	world	Unicode-3.0	localeDisplayNames/languages/ho
Croatian	الكرواتية	cldr-language	https://raw.githubusercontent.com/unicode-org/cldr-json/48.2.1/cldr-json/cldr-localenames-full/main/ar/languages.json	2026-09-20	469d4b540f4a50c127a88c5b1e2bceac289d3a54b01dc2fbb9375c60470adf62	languages	world	Unicode-3.0	localeDisplayNames/languages/hr
Upper Sorbian	الصوربية العليا	cldr-language	https://raw.githubusercontent.com/unicode-org/cldr-json/48.2.1/cldr-json/cldr-localenames-full/main/ar/languages.json	2026-09-20	469d4b540f4a50c127a88c5b1e2bceac289d3a54b01dc2fbb9375c60470adf62	languages	world	Unicode-3.0	localeDisplayNames/languages/hsb
Xiang Chinese	شيانغ الصينية	cldr-language	https://raw.githubusercontent.com/unicode-org/cldr-json/48.2.1/cldr-json/cldr-localenames-full/main/ar/languages.json	2026-09-20	469d4b540f4a50c127a88c5b1e2bceac289d3a54b01dc2fbb9375c60470adf62	languages	world	Unicode-3.0	localeDisplayNames/languages/hsn
Haitian Creole	الكريولية الهايتية	cldr-language	https://raw.githubusercontent.com/unicode-org/cldr-json/48.2.1/cldr-json/cldr-localenames-full/main/ar/languages.json	2026-09-20	469d4b540f4a50c127a88c5b1e2bceac289d3a54b01dc2fbb9375c60470adf62	languages	world	Unicode-3.0	localeDisplayNames/languages/ht
Hungarian	الهنغارية	cldr-language	https://raw.githubusercontent.com/unicode-org/cldr-json/48.2.1/cldr-json/cldr-localenames-full/main/ar/languages.json	2026-09-20	469d4b540f4a50c127a88c5b1e2bceac289d3a54b01dc2fbb9375c60470adf62	languages	world	Unicode-3.0	localeDisplayNames/languages/hu
Hupa	الهبا	cldr-language	https://raw.githubusercontent.com/unicode-org/cldr-json/48.2.1/cldr-json/cldr-localenames-full/main/ar/languages.json	2026-09-20	469d4b540f4a50c127a88c5b1e2bceac289d3a54b01dc2fbb9375c60470adf62	languages	world	Unicode-3.0	localeDisplayNames/languages/hup
Halkomelem	الهالكوميليم	cldr-language	https://raw.githubusercontent.com/unicode-org/cldr-json/48.2.1/cldr-json/cldr-localenames-full/main/ar/languages.json	2026-09-20	469d4b540f4a50c127a88c5b1e2bceac289d3a54b01dc2fbb9375c60470adf62	languages	world	Unicode-3.0	localeDisplayNames/languages/hur
Armenian	الأرمنية	cldr-language	https://raw.githubusercontent.com/unicode-org/cldr-json/48.2.1/cldr-json/cldr-localenames-full/main/ar/languages.json	2026-09-20	469d4b540f4a50c127a88c5b1e2bceac289d3a54b01dc2fbb9375c60470adf62	languages	world	Unicode-3.0	localeDisplayNames/languages/hy
Herero	الهيريرو	cldr-language	https://raw.githubusercontent.com/unicode-org/cldr-json/48.2.1/cldr-json/cldr-localenames-full/main/ar/languages.json	2026-09-20	469d4b540f4a50c127a88c5b1e2bceac289d3a54b01dc2fbb9375c60470adf62	languages	world	Unicode-3.0	localeDisplayNames/languages/hz
Interlingua	اللّغة الوسيطة	cldr-language	https://raw.githubusercontent.com/unicode-org/cldr-json/48.2.1/cldr-json/cldr-localenames-full/main/ar/languages.json	2026-09-20	469d4b540f4a50c127a88c5b1e2bceac289d3a54b01dc2fbb9375c60470adf62	languages	world	Unicode-3.0	localeDisplayNames/languages/ia
Iban	الإيبان	cldr-language	https://raw.githubusercontent.com/unicode-org/cldr-json/48.2.1/cldr-json/cldr-localenames-full/main/ar/languages.json	2026-09-20	469d4b540f4a50c127a88c5b1e2bceac289d3a54b01dc2fbb9375c60470adf62	languages	world	Unicode-3.0	localeDisplayNames/languages/iba
Ibibio	الإيبيبيو	cldr-language	https://raw.githubusercontent.com/unicode-org/cldr-json/48.2.1/cldr-json/cldr-localenames-full/main/ar/languages.json	2026-09-20	469d4b540f4a50c127a88c5b1e2bceac289d3a54b01dc2fbb9375c60470adf62	languages	world	Unicode-3.0	localeDisplayNames/languages/ibb
Indonesian	الإندونيسية	cldr-language	https://raw.githubusercontent.com/unicode-org/cldr-json/48.2.1/cldr-json/cldr-localenames-full/main/ar/languages.json	2026-09-20	469d4b540f4a50c127a88c5b1e2bceac289d3a54b01dc2fbb9375c60470adf62	languages	world	Unicode-3.0	localeDisplayNames/languages/id
Interlingue	الإنترلينج	cldr-language	https://raw.githubusercontent.com/unicode-org/cldr-json/48.2.1/cldr-json/cldr-localenames-full/main/ar/languages.json	2026-09-20	469d4b540f4a50c127a88c5b1e2bceac289d3a54b01dc2fbb9375c60470adf62	languages	world	Unicode-3.0	localeDisplayNames/languages/ie
Igbo	الإيجبو	cldr-language	https://raw.githubusercontent.com/unicode-org/cldr-json/48.2.1/cldr-json/cldr-localenames-full/main/ar/languages.json	2026-09-20	469d4b540f4a50c127a88c5b1e2bceac289d3a54b01dc2fbb9375c60470adf62	languages	world	Unicode-3.0	localeDisplayNames/languages/ig
Sichuan Yi	السيتشيون يي	cldr-language	https://raw.githubusercontent.com/unicode-org/cldr-json/48.2.1/cldr-json/cldr-localenames-full/main/ar/languages.json	2026-09-20	469d4b540f4a50c127a88c5b1e2bceac289d3a54b01dc2fbb9375c60470adf62	languages	world	Unicode-3.0	localeDisplayNames/languages/ii
Inupiaq	الإينبياك	cldr-language	https://raw.githubusercontent.com/unicode-org/cldr-json/48.2.1/cldr-json/cldr-localenames-full/main/ar/languages.json	2026-09-20	469d4b540f4a50c127a88c5b1e2bceac289d3a54b01dc2fbb9375c60470adf62	languages	world	Unicode-3.0	localeDisplayNames/languages/ik
Western Canadian Inuktitut	الإنكتيتوتية الكندية الغربية	cldr-language	https://raw.githubusercontent.com/unicode-org/cldr-json/48.2.1/cldr-json/cldr-localenames-full/main/ar/languages.json	2026-09-20	469d4b540f4a50c127a88c5b1e2bceac289d3a54b01dc2fbb9375c60470adf62	languages	world	Unicode-3.0	localeDisplayNames/languages/ikt
Iloko	الإيلوكو	cldr-language	https://raw.githubusercontent.com/unicode-org/cldr-json/48.2.1/cldr-json/cldr-localenames-full/main/ar/languages.json	2026-09-20	469d4b540f4a50c127a88c5b1e2bceac289d3a54b01dc2fbb9375c60470adf62	languages	world	Unicode-3.0	localeDisplayNames/languages/ilo
Ingush	الإنجوشية	cldr-language	https://raw.githubusercontent.com/unicode-org/cldr-json/48.2.1/cldr-json/cldr-localenames-full/main/ar/languages.json	2026-09-20	469d4b540f4a50c127a88c5b1e2bceac289d3a54b01dc2fbb9375c60470adf62	languages	world	Unicode-3.0	localeDisplayNames/languages/inh
Ido	الإيدو	cldr-language	https://raw.githubusercontent.com/unicode-org/cldr-json/48.2.1/cldr-json/cldr-localenames-full/main/ar/languages.json	2026-09-20	469d4b540f4a50c127a88c5b1e2bceac289d3a54b01dc2fbb9375c60470adf62	languages	world	Unicode-3.0	localeDisplayNames/languages/io
Icelandic	الأيسلندية	cldr-language	https://raw.githubusercontent.com/unicode-org/cldr-json/48.2.1/cldr-json/cldr-localenames-full/main/ar/languages.json	2026-09-20	469d4b540f4a50c127a88c5b1e2bceac289d3a54b01dc2fbb9375c60470adf62	languages	world	Unicode-3.0	localeDisplayNames/languages/is
Italian	الإيطالية	cldr-language	https://raw.githubusercontent.com/unicode-org/cldr-json/48.2.1/cldr-json/cldr-localenames-full/main/ar/languages.json	2026-09-20	469d4b540f4a50c127a88c5b1e2bceac289d3a54b01dc2fbb9375c60470adf62	languages	world	Unicode-3.0	localeDisplayNames/languages/it
Inuktitut	الإينكتيتت	cldr-language	https://raw.githubusercontent.com/unicode-org/cldr-json/48.2.1/cldr-json/cldr-localenames-full/main/ar/languages.json	2026-09-20	469d4b540f4a50c127a88c5b1e2bceac289d3a54b01dc2fbb9375c60470adf62	languages	world	Unicode-3.0	localeDisplayNames/languages/iu
Japanese	اليابانية	cldr-language	https://raw.githubusercontent.com/unicode-org/cldr-json/48.2.1/cldr-json/cldr-localenames-full/main/ar/languages.json	2026-09-20	469d4b540f4a50c127a88c5b1e2bceac289d3a54b01dc2fbb9375c60470adf62	languages	world	Unicode-3.0	localeDisplayNames/languages/ja
Lojban	اللوجبان	cldr-language	https://raw.githubusercontent.com/unicode-org/cldr-json/48.2.1/cldr-json/cldr-localenames-full/main/ar/languages.json	2026-09-20	469d4b540f4a50c127a88c5b1e2bceac289d3a54b01dc2fbb9375c60470adf62	languages	world	Unicode-3.0	localeDisplayNames/languages/jbo
Ngomba	نغومبا	cldr-language	https://raw.githubusercontent.com/unicode-org/cldr-json/48.2.1/cldr-json/cldr-localenames-full/main/ar/languages.json	2026-09-20	469d4b540f4a50c127a88c5b1e2bceac289d3a54b01dc2fbb9375c60470adf62	languages	world	Unicode-3.0	localeDisplayNames/languages/jgo
Machame	الماتشامية	cldr-language	https://raw.githubusercontent.com/unicode-org/cldr-json/48.2.1/cldr-json/cldr-localenames-full/main/ar/languages.json	2026-09-20	469d4b540f4a50c127a88c5b1e2bceac289d3a54b01dc2fbb9375c60470adf62	languages	world	Unicode-3.0	localeDisplayNames/languages/jmc
Judeo-Persian	الفارسية اليهودية	cldr-language	https://raw.githubusercontent.com/unicode-org/cldr-json/48.2.1/cldr-json/cldr-localenames-full/main/ar/languages.json	2026-09-20	469d4b540f4a50c127a88c5b1e2bceac289d3a54b01dc2fbb9375c60470adf62	languages	world	Unicode-3.0	localeDisplayNames/languages/jpr
Judeo-Arabic	العربية اليهودية	cldr-language	https://raw.githubusercontent.com/unicode-org/cldr-json/48.2.1/cldr-json/cldr-localenames-full/main/ar/languages.json	2026-09-20	469d4b540f4a50c127a88c5b1e2bceac289d3a54b01dc2fbb9375c60470adf62	languages	world	Unicode-3.0	localeDisplayNames/languages/jrb
Javanese	الجاوية	cldr-language	https://raw.githubusercontent.com/unicode-org/cldr-json/48.2.1/cldr-json/cldr-localenames-full/main/ar/languages.json	2026-09-20	469d4b540f4a50c127a88c5b1e2bceac289d3a54b01dc2fbb9375c60470adf62	languages	world	Unicode-3.0	localeDisplayNames/languages/jv
Georgian	الجورجية	cldr-language	https://raw.githubusercontent.com/unicode-org/cldr-json/48.2.1/cldr-json/cldr-localenames-full/main/ar/languages.json	2026-09-20	469d4b540f4a50c127a88c5b1e2bceac289d3a54b01dc2fbb9375c60470adf62	languages	world	Unicode-3.0	localeDisplayNames/languages/ka
Kara-Kalpak	الكارا-كالباك	cldr-language	https://raw.githubusercontent.com/unicode-org/cldr-json/48.2.1/cldr-json/cldr-localenames-full/main/ar/languages.json	2026-09-20	469d4b540f4a50c127a88c5b1e2bceac289d3a54b01dc2fbb9375c60470adf62	languages	world	Unicode-3.0	localeDisplayNames/languages/kaa
Kabyle	القبيلية	cldr-language	https://raw.githubusercontent.com/unicode-org/cldr-json/48.2.1/cldr-json/cldr-localenames-full/main/ar/languages.json	2026-09-20	469d4b540f4a50c127a88c5b1e2bceac289d3a54b01dc2fbb9375c60470adf62	languages	world	Unicode-3.0	localeDisplayNames/languages/kab
Kachin	الكاتشين	cldr-language	https://raw.githubusercontent.com/unicode-org/cldr-json/48.2.1/cldr-json/cldr-localenames-full/main/ar/languages.json	2026-09-20	469d4b540f4a50c127a88c5b1e2bceac289d3a54b01dc2fbb9375c60470adf62	languages	world	Unicode-3.0	localeDisplayNames/languages/kac
Jju	الجو	cldr-language	https://raw.githubusercontent.com/unicode-org/cldr-json/48.2.1/cldr-json/cldr-localenames-full/main/ar/languages.json	2026-09-20	469d4b540f4a50c127a88c5b1e2bceac289d3a54b01dc2fbb9375c60470adf62	languages	world	Unicode-3.0	localeDisplayNames/languages/kaj
Kamba	الكامبا	cldr-language	https://raw.githubusercontent.com/unicode-org/cldr-json/48.2.1/cldr-json/cldr-localenames-full/main/ar/languages.json	2026-09-20	469d4b540f4a50c127a88c5b1e2bceac289d3a54b01dc2fbb9375c60470adf62	languages	world	Unicode-3.0	localeDisplayNames/languages/kam
Kawi	الكوي	cldr-language	https://raw.githubusercontent.com/unicode-org/cldr-json/48.2.1/cldr-json/cldr-localenames-full/main/ar/languages.json	2026-09-20	469d4b540f4a50c127a88c5b1e2bceac289d3a54b01dc2fbb9375c60470adf62	languages	world	Unicode-3.0	localeDisplayNames/languages/kaw
Kabardian	الكاباردايان	cldr-language	https://raw.githubusercontent.com/unicode-org/cldr-json/48.2.1/cldr-json/cldr-localenames-full/main/ar/languages.json	2026-09-20	469d4b540f4a50c127a88c5b1e2bceac289d3a54b01dc2fbb9375c60470adf62	languages	world	Unicode-3.0	localeDisplayNames/languages/kbd
Kanembu	كانمبو	cldr-language	https://raw.githubusercontent.com/unicode-org/cldr-json/48.2.1/cldr-json/cldr-localenames-full/main/ar/languages.json	2026-09-20	469d4b540f4a50c127a88c5b1e2bceac289d3a54b01dc2fbb9375c60470adf62	languages	world	Unicode-3.0	localeDisplayNames/languages/kbl
Tyap	التايابية	cldr-language	https://raw.githubusercontent.com/unicode-org/cldr-json/48.2.1/cldr-json/cldr-localenames-full/main/ar/languages.json	2026-09-20	469d4b540f4a50c127a88c5b1e2bceac289d3a54b01dc2fbb9375c60470adf62	languages	world	Unicode-3.0	localeDisplayNames/languages/kcg
Makonde	ماكونده	cldr-language	https://raw.githubusercontent.com/unicode-org/cldr-json/48.2.1/cldr-json/cldr-localenames-full/main/ar/languages.json	2026-09-20	469d4b540f4a50c127a88c5b1e2bceac289d3a54b01dc2fbb9375c60470adf62	languages	world	Unicode-3.0	localeDisplayNames/languages/kde
Kabuverdianu	كابوفيرديانو	cldr-language	https://raw.githubusercontent.com/unicode-org/cldr-json/48.2.1/cldr-json/cldr-localenames-full/main/ar/languages.json	2026-09-20	469d4b540f4a50c127a88c5b1e2bceac289d3a54b01dc2fbb9375c60470adf62	languages	world	Unicode-3.0	localeDisplayNames/languages/kea
Koro	الكورو	cldr-language	https://raw.githubusercontent.com/unicode-org/cldr-json/48.2.1/cldr-json/cldr-localenames-full/main/ar/languages.json	2026-09-20	469d4b540f4a50c127a88c5b1e2bceac289d3a54b01dc2fbb9375c60470adf62	languages	world	Unicode-3.0	localeDisplayNames/languages/kfo
Kongo	الكونغو	cldr-language	https://raw.githubusercontent.com/unicode-org/cldr-json/48.2.1/cldr-json/cldr-localenames-full/main/ar/languages.json	2026-09-20	469d4b540f4a50c127a88c5b1e2bceac289d3a54b01dc2fbb9375c60470adf62	languages	world	Unicode-3.0	localeDisplayNames/languages/kg
Kaingang	الكاينغانغ	cldr-language	https://raw.githubusercontent.com/unicode-org/cldr-json/48.2.1/cldr-json/cldr-localenames-full/main/ar/languages.json	2026-09-20	469d4b540f4a50c127a88c5b1e2bceac289d3a54b01dc2fbb9375c60470adf62	languages	world	Unicode-3.0	localeDisplayNames/languages/kgp
Khasi	الكازية	cldr-language	https://raw.githubusercontent.com/unicode-org/cldr-json/48.2.1/cldr-json/cldr-localenames-full/main/ar/languages.json	2026-09-20	469d4b540f4a50c127a88c5b1e2bceac289d3a54b01dc2fbb9375c60470adf62	languages	world	Unicode-3.0	localeDisplayNames/languages/kha
Khotanese	الخوتانيز	cldr-language	https://raw.githubusercontent.com/unicode-org/cldr-json/48.2.1/cldr-json/cldr-localenames-full/main/ar/languages.json	2026-09-20	469d4b540f4a50c127a88c5b1e2bceac289d3a54b01dc2fbb9375c60470adf62	languages	world	Unicode-3.0	localeDisplayNames/languages/kho
Koyra Chiini	كويرا تشيني	cldr-language	https://raw.githubusercontent.com/unicode-org/cldr-json/48.2.1/cldr-json/cldr-localenames-full/main/ar/languages.json	2026-09-20	469d4b540f4a50c127a88c5b1e2bceac289d3a54b01dc2fbb9375c60470adf62	languages	world	Unicode-3.0	localeDisplayNames/languages/khq
Kikuyu	الكيكيو	cldr-language	https://raw.githubusercontent.com/unicode-org/cldr-json/48.2.1/cldr-json/cldr-localenames-full/main/ar/languages.json	2026-09-20	469d4b540f4a50c127a88c5b1e2bceac289d3a54b01dc2fbb9375c60470adf62	languages	world	Unicode-3.0	localeDisplayNames/languages/ki
Kuanyama	كوانياما	cldr-language	https://raw.githubusercontent.com/unicode-org/cldr-json/48.2.1/cldr-json/cldr-localenames-full/main/ar/languages.json	2026-09-20	469d4b540f4a50c127a88c5b1e2bceac289d3a54b01dc2fbb9375c60470adf62	languages	world	Unicode-3.0	localeDisplayNames/languages/kj
Kazakh	الكازاخستانية	cldr-language	https://raw.githubusercontent.com/unicode-org/cldr-json/48.2.1/cldr-json/cldr-localenames-full/main/ar/languages.json	2026-09-20	469d4b540f4a50c127a88c5b1e2bceac289d3a54b01dc2fbb9375c60470adf62	languages	world	Unicode-3.0	localeDisplayNames/languages/kk
Kako	لغة الكاكو	cldr-language	https://raw.githubusercontent.com/unicode-org/cldr-json/48.2.1/cldr-json/cldr-localenames-full/main/ar/languages.json	2026-09-20	469d4b540f4a50c127a88c5b1e2bceac289d3a54b01dc2fbb9375c60470adf62	languages	world	Unicode-3.0	localeDisplayNames/languages/kkj
Kalaallisut	الكالاليست	cldr-language	https://raw.githubusercontent.com/unicode-org/cldr-json/48.2.1/cldr-json/cldr-localenames-full/main/ar/languages.json	2026-09-20	469d4b540f4a50c127a88c5b1e2bceac289d3a54b01dc2fbb9375c60470adf62	languages	world	Unicode-3.0	localeDisplayNames/languages/kl
Kalenjin	كالينجين	cldr-language	https://raw.githubusercontent.com/unicode-org/cldr-json/48.2.1/cldr-json/cldr-localenames-full/main/ar/languages.json	2026-09-20	469d4b540f4a50c127a88c5b1e2bceac289d3a54b01dc2fbb9375c60470adf62	languages	world	Unicode-3.0	localeDisplayNames/languages/kln
Khmer	الخميرية	cldr-language	https://raw.githubusercontent.com/unicode-org/cldr-json/48.2.1/cldr-json/cldr-localenames-full/main/ar/languages.json	2026-09-20	469d4b540f4a50c127a88c5b1e2bceac289d3a54b01dc2fbb9375c60470adf62	languages	world	Unicode-3.0	localeDisplayNames/languages/km
Kimbundu	الكيمبندو	cldr-language	https://raw.githubusercontent.com/unicode-org/cldr-json/48.2.1/cldr-json/cldr-localenames-full/main/ar/languages.json	2026-09-20	469d4b540f4a50c127a88c5b1e2bceac289d3a54b01dc2fbb9375c60470adf62	languages	world	Unicode-3.0	localeDisplayNames/languages/kmb
Kannada	الكانادا	cldr-language	https://raw.githubusercontent.com/unicode-org/cldr-json/48.2.1/cldr-json/cldr-localenames-full/main/ar/languages.json	2026-09-20	469d4b540f4a50c127a88c5b1e2bceac289d3a54b01dc2fbb9375c60470adf62	languages	world	Unicode-3.0	localeDisplayNames/languages/kn
Korean	الكورية	cldr-language	https://raw.githubusercontent.com/unicode-org/cldr-json/48.2.1/cldr-json/cldr-localenames-full/main/ar/languages.json	2026-09-20	469d4b540f4a50c127a88c5b1e2bceac289d3a54b01dc2fbb9375c60470adf62	languages	world	Unicode-3.0	localeDisplayNames/languages/ko
Komi-Permyak	كومي-بيرماياك	cldr-language	https://raw.githubusercontent.com/unicode-org/cldr-json/48.2.1/cldr-json/cldr-localenames-full/main/ar/languages.json	2026-09-20	469d4b540f4a50c127a88c5b1e2bceac289d3a54b01dc2fbb9375c60470adf62	languages	world	Unicode-3.0	localeDisplayNames/languages/koi
Konkani	الكونكانية	cldr-language	https://raw.githubusercontent.com/unicode-org/cldr-json/48.2.1/cldr-json/cldr-localenames-full/main/ar/languages.json	2026-09-20	469d4b540f4a50c127a88c5b1e2bceac289d3a54b01dc2fbb9375c60470adf62	languages	world	Unicode-3.0	localeDisplayNames/languages/kok
Kosraean	الكوسراين	cldr-language	https://raw.githubusercontent.com/unicode-org/cldr-json/48.2.1/cldr-json/cldr-localenames-full/main/ar/languages.json	2026-09-20	469d4b540f4a50c127a88c5b1e2bceac289d3a54b01dc2fbb9375c60470adf62	languages	world	Unicode-3.0	localeDisplayNames/languages/kos
Kpelle	الكبيل	cldr-language	https://raw.githubusercontent.com/unicode-org/cldr-json/48.2.1/cldr-json/cldr-localenames-full/main/ar/languages.json	2026-09-20	469d4b540f4a50c127a88c5b1e2bceac289d3a54b01dc2fbb9375c60470adf62	languages	world	Unicode-3.0	localeDisplayNames/languages/kpe
Kanuri	الكانوري	cldr-language	https://raw.githubusercontent.com/unicode-org/cldr-json/48.2.1/cldr-json/cldr-localenames-full/main/ar/languages.json	2026-09-20	469d4b540f4a50c127a88c5b1e2bceac289d3a54b01dc2fbb9375c60470adf62	languages	world	Unicode-3.0	localeDisplayNames/languages/kr
Karachay-Balkar	الكاراتشاي-بالكار	cldr-language	https://raw.githubusercontent.com/unicode-org/cldr-json/48.2.1/cldr-json/cldr-localenames-full/main/ar/languages.json	2026-09-20	469d4b540f4a50c127a88c5b1e2bceac289d3a54b01dc2fbb9375c60470adf62	languages	world	Unicode-3.0	localeDisplayNames/languages/krc
Karelian	الكاريلية	cldr-language	https://raw.githubusercontent.com/unicode-org/cldr-json/48.2.1/cldr-json/cldr-localenames-full/main/ar/languages.json	2026-09-20	469d4b540f4a50c127a88c5b1e2bceac289d3a54b01dc2fbb9375c60470adf62	languages	world	Unicode-3.0	localeDisplayNames/languages/krl
Kurukh	الكوروخ	cldr-language	https://raw.githubusercontent.com/unicode-org/cldr-json/48.2.1/cldr-json/cldr-localenames-full/main/ar/languages.json	2026-09-20	469d4b540f4a50c127a88c5b1e2bceac289d3a54b01dc2fbb9375c60470adf62	languages	world	Unicode-3.0	localeDisplayNames/languages/kru
Kashmiri	الكشميرية	cldr-language	https://raw.githubusercontent.com/unicode-org/cldr-json/48.2.1/cldr-json/cldr-localenames-full/main/ar/languages.json	2026-09-20	469d4b540f4a50c127a88c5b1e2bceac289d3a54b01dc2fbb9375c60470adf62	languages	world	Unicode-3.0	localeDisplayNames/languages/ks
Shambala	شامبالا	cldr-language	https://raw.githubusercontent.com/unicode-org/cldr-json/48.2.1/cldr-json/cldr-localenames-full/main/ar/languages.json	2026-09-20	469d4b540f4a50c127a88c5b1e2bceac289d3a54b01dc2fbb9375c60470adf62	languages	world	Unicode-3.0	localeDisplayNames/languages/ksb
Bafia	لغة البافيا	cldr-language	https://raw.githubusercontent.com/unicode-org/cldr-json/48.2.1/cldr-json/cldr-localenames-full/main/ar/languages.json	2026-09-20	469d4b540f4a50c127a88c5b1e2bceac289d3a54b01dc2fbb9375c60470adf62	languages	world	Unicode-3.0	localeDisplayNames/languages/ksf
Colognian	لغة الكولونيان	cldr-language	https://raw.githubusercontent.com/unicode-org/cldr-json/48.2.1/cldr-json/cldr-localenames-full/main/ar/languages.json	2026-09-20	469d4b540f4a50c127a88c5b1e2bceac289d3a54b01dc2fbb9375c60470adf62	languages	world	Unicode-3.0	localeDisplayNames/languages/ksh
Kurdish	الكردية	cldr-language	https://raw.githubusercontent.com/unicode-org/cldr-json/48.2.1/cldr-json/cldr-localenames-full/main/ar/languages.json	2026-09-20	469d4b540f4a50c127a88c5b1e2bceac289d3a54b01dc2fbb9375c60470adf62	languages	world	Unicode-3.0	localeDisplayNames/languages/ku
Kurdish	الكردية	cldr-language	https://raw.githubusercontent.com/unicode-org/cldr-json/48.2.1/cldr-json/cldr-localenames-full/main/ar/languages.json	2026-09-20	469d4b540f4a50c127a88c5b1e2bceac289d3a54b01dc2fbb9375c60470adf62	languages	world	Unicode-3.0	localeDisplayNames/languages/ku-menu-core
Kurmanji	الكرمانجية	cldr-language	https://raw.githubusercontent.com/unicode-org/cldr-json/48.2.1/cldr-json/cldr-localenames-full/main/ar/languages.json	2026-09-20	469d4b540f4a50c127a88c5b1e2bceac289d3a54b01dc2fbb9375c60470adf62	languages	world	Unicode-3.0	localeDisplayNames/languages/ku-menu-extension
Kumyk	القموقية	cldr-language	https://raw.githubusercontent.com/unicode-org/cldr-json/48.2.1/cldr-json/cldr-localenames-full/main/ar/languages.json	2026-09-20	469d4b540f4a50c127a88c5b1e2bceac289d3a54b01dc2fbb9375c60470adf62	languages	world	Unicode-3.0	localeDisplayNames/languages/kum
Kutenai	الكتيناي	cldr-language	https://raw.githubusercontent.com/unicode-org/cldr-json/48.2.1/cldr-json/cldr-localenames-full/main/ar/languages.json	2026-09-20	469d4b540f4a50c127a88c5b1e2bceac289d3a54b01dc2fbb9375c60470adf62	languages	world	Unicode-3.0	localeDisplayNames/languages/kut
Komi	الكومي	cldr-language	https://raw.githubusercontent.com/unicode-org/cldr-json/48.2.1/cldr-json/cldr-localenames-full/main/ar/languages.json	2026-09-20	469d4b540f4a50c127a88c5b1e2bceac289d3a54b01dc2fbb9375c60470adf62	languages	world	Unicode-3.0	localeDisplayNames/languages/kv
Cornish	الكورنية	cldr-language	https://raw.githubusercontent.com/unicode-org/cldr-json/48.2.1/cldr-json/cldr-localenames-full/main/ar/languages.json	2026-09-20	469d4b540f4a50c127a88c5b1e2bceac289d3a54b01dc2fbb9375c60470adf62	languages	world	Unicode-3.0	localeDisplayNames/languages/kw
Kwakʼwala	الكواكوالا	cldr-language	https://raw.githubusercontent.com/unicode-org/cldr-json/48.2.1/cldr-json/cldr-localenames-full/main/ar/languages.json	2026-09-20	469d4b540f4a50c127a88c5b1e2bceac289d3a54b01dc2fbb9375c60470adf62	languages	world	Unicode-3.0	localeDisplayNames/languages/kwk
Kuvi	الكوفية	cldr-language	https://raw.githubusercontent.com/unicode-org/cldr-json/48.2.1/cldr-json/cldr-localenames-full/main/ar/languages.json	2026-09-20	469d4b540f4a50c127a88c5b1e2bceac289d3a54b01dc2fbb9375c60470adf62	languages	world	Unicode-3.0	localeDisplayNames/languages/kxv
Kyrgyz	القيرغيزية	cldr-language	https://raw.githubusercontent.com/unicode-org/cldr-json/48.2.1/cldr-json/cldr-localenames-full/main/ar/languages.json	2026-09-20	469d4b540f4a50c127a88c5b1e2bceac289d3a54b01dc2fbb9375c60470adf62	languages	world	Unicode-3.0	localeDisplayNames/languages/ky
Latin	اللاتينية	cldr-language	https://raw.githubusercontent.com/unicode-org/cldr-json/48.2.1/cldr-json/cldr-localenames-full/main/ar/languages.json	2026-09-20	469d4b540f4a50c127a88c5b1e2bceac289d3a54b01dc2fbb9375c60470adf62	languages	world	Unicode-3.0	localeDisplayNames/languages/la
Ladino	اللادينو	cldr-language	https://raw.githubusercontent.com/unicode-org/cldr-json/48.2.1/cldr-json/cldr-localenames-full/main/ar/languages.json	2026-09-20	469d4b540f4a50c127a88c5b1e2bceac289d3a54b01dc2fbb9375c60470adf62	languages	world	Unicode-3.0	localeDisplayNames/languages/lad
Langi	لانجي	cldr-language	https://raw.githubusercontent.com/unicode-org/cldr-json/48.2.1/cldr-json/cldr-localenames-full/main/ar/languages.json	2026-09-20	469d4b540f4a50c127a88c5b1e2bceac289d3a54b01dc2fbb9375c60470adf62	languages	world	Unicode-3.0	localeDisplayNames/languages/lag
Western Panjabi	اللاهندا	cldr-language	https://raw.githubusercontent.com/unicode-org/cldr-json/48.2.1/cldr-json/cldr-localenames-full/main/ar/languages.json	2026-09-20	469d4b540f4a50c127a88c5b1e2bceac289d3a54b01dc2fbb9375c60470adf62	languages	world	Unicode-3.0	localeDisplayNames/languages/lah
Lamba	اللامبا	cldr-language	https://raw.githubusercontent.com/unicode-org/cldr-json/48.2.1/cldr-json/cldr-localenames-full/main/ar/languages.json	2026-09-20	469d4b540f4a50c127a88c5b1e2bceac289d3a54b01dc2fbb9375c60470adf62	languages	world	Unicode-3.0	localeDisplayNames/languages/lam
Luxembourgish	اللكسمبورغية	cldr-language	https://raw.githubusercontent.com/unicode-org/cldr-json/48.2.1/cldr-json/cldr-localenames-full/main/ar/languages.json	2026-09-20	469d4b540f4a50c127a88c5b1e2bceac289d3a54b01dc2fbb9375c60470adf62	languages	world	Unicode-3.0	localeDisplayNames/languages/lb
Lezghian	الليزجية	cldr-language	https://raw.githubusercontent.com/unicode-org/cldr-json/48.2.1/cldr-json/cldr-localenames-full/main/ar/languages.json	2026-09-20	469d4b540f4a50c127a88c5b1e2bceac289d3a54b01dc2fbb9375c60470adf62	languages	world	Unicode-3.0	localeDisplayNames/languages/lez
Ganda	الغاندا	cldr-language	https://raw.githubusercontent.com/unicode-org/cldr-json/48.2.1/cldr-json/cldr-localenames-full/main/ar/languages.json	2026-09-20	469d4b540f4a50c127a88c5b1e2bceac289d3a54b01dc2fbb9375c60470adf62	languages	world	Unicode-3.0	localeDisplayNames/languages/lg
Limburgish	الليمبورغية	cldr-language	https://raw.githubusercontent.com/unicode-org/cldr-json/48.2.1/cldr-json/cldr-localenames-full/main/ar/languages.json	2026-09-20	469d4b540f4a50c127a88c5b1e2bceac289d3a54b01dc2fbb9375c60470adf62	languages	world	Unicode-3.0	localeDisplayNames/languages/li
Ligurian	الليغورية	cldr-language	https://raw.githubusercontent.com/unicode-org/cldr-json/48.2.1/cldr-json/cldr-localenames-full/main/ar/languages.json	2026-09-20	469d4b540f4a50c127a88c5b1e2bceac289d3a54b01dc2fbb9375c60470adf62	languages	world	Unicode-3.0	localeDisplayNames/languages/lij
Lillooet	الليلويتية	cldr-language	https://raw.githubusercontent.com/unicode-org/cldr-json/48.2.1/cldr-json/cldr-localenames-full/main/ar/languages.json	2026-09-20	469d4b540f4a50c127a88c5b1e2bceac289d3a54b01dc2fbb9375c60470adf62	languages	world	Unicode-3.0	localeDisplayNames/languages/lil
Lakota	لاكوتا	cldr-language	https://raw.githubusercontent.com/unicode-org/cldr-json/48.2.1/cldr-json/cldr-localenames-full/main/ar/languages.json	2026-09-20	469d4b540f4a50c127a88c5b1e2bceac289d3a54b01dc2fbb9375c60470adf62	languages	world	Unicode-3.0	localeDisplayNames/languages/lkt
Lombard	اللومبردية	cldr-language	https://raw.githubusercontent.com/unicode-org/cldr-json/48.2.1/cldr-json/cldr-localenames-full/main/ar/languages.json	2026-09-20	469d4b540f4a50c127a88c5b1e2bceac289d3a54b01dc2fbb9375c60470adf62	languages	world	Unicode-3.0	localeDisplayNames/languages/lmo
Lingala	اللينجالا	cldr-language	https://raw.githubusercontent.com/unicode-org/cldr-json/48.2.1/cldr-json/cldr-localenames-full/main/ar/languages.json	2026-09-20	469d4b540f4a50c127a88c5b1e2bceac289d3a54b01dc2fbb9375c60470adf62	languages	world	Unicode-3.0	localeDisplayNames/languages/ln
Lao	اللاوية	cldr-language	https://raw.githubusercontent.com/unicode-org/cldr-json/48.2.1/cldr-json/cldr-localenames-full/main/ar/languages.json	2026-09-20	469d4b540f4a50c127a88c5b1e2bceac289d3a54b01dc2fbb9375c60470adf62	languages	world	Unicode-3.0	localeDisplayNames/languages/lo
Mongo	منغولى	cldr-language	https://raw.githubusercontent.com/unicode-org/cldr-json/48.2.1/cldr-json/cldr-localenames-full/main/ar/languages.json	2026-09-20	469d4b540f4a50c127a88c5b1e2bceac289d3a54b01dc2fbb9375c60470adf62	languages	world	Unicode-3.0	localeDisplayNames/languages/lol
Louisiana Creole	الكريولية اللويزيانية	cldr-language	https://raw.githubusercontent.com/unicode-org/cldr-json/48.2.1/cldr-json/cldr-localenames-full/main/ar/languages.json	2026-09-20	469d4b540f4a50c127a88c5b1e2bceac289d3a54b01dc2fbb9375c60470adf62	languages	world	Unicode-3.0	localeDisplayNames/languages/lou
Lozi	اللوزي	cldr-language	https://raw.githubusercontent.com/unicode-org/cldr-json/48.2.1/cldr-json/cldr-localenames-full/main/ar/languages.json	2026-09-20	469d4b540f4a50c127a88c5b1e2bceac289d3a54b01dc2fbb9375c60470adf62	languages	world	Unicode-3.0	localeDisplayNames/languages/loz
Northern Luri	اللرية الشمالية	cldr-language	https://raw.githubusercontent.com/unicode-org/cldr-json/48.2.1/cldr-json/cldr-localenames-full/main/ar/languages.json	2026-09-20	469d4b540f4a50c127a88c5b1e2bceac289d3a54b01dc2fbb9375c60470adf62	languages	world	Unicode-3.0	localeDisplayNames/languages/lrc
Saamia	الساميا	cldr-language	https://raw.githubusercontent.com/unicode-org/cldr-json/48.2.1/cldr-json/cldr-localenames-full/main/ar/languages.json	2026-09-20	469d4b540f4a50c127a88c5b1e2bceac289d3a54b01dc2fbb9375c60470adf62	languages	world	Unicode-3.0	localeDisplayNames/languages/lsm
Lithuanian	الليتوانية	cldr-language	https://raw.githubusercontent.com/unicode-org/cldr-json/48.2.1/cldr-json/cldr-localenames-full/main/ar/languages.json	2026-09-20	469d4b540f4a50c127a88c5b1e2bceac289d3a54b01dc2fbb9375c60470adf62	languages	world	Unicode-3.0	localeDisplayNames/languages/lt
Luba-Katanga	اللوبا كاتانغا	cldr-language	https://raw.githubusercontent.com/unicode-org/cldr-json/48.2.1/cldr-json/cldr-localenames-full/main/ar/languages.json	2026-09-20	469d4b540f4a50c127a88c5b1e2bceac289d3a54b01dc2fbb9375c60470adf62	languages	world	Unicode-3.0	localeDisplayNames/languages/lu
Luba-Lulua	اللبا-لؤلؤ	cldr-language	https://raw.githubusercontent.com/unicode-org/cldr-json/48.2.1/cldr-json/cldr-localenames-full/main/ar/languages.json	2026-09-20	469d4b540f4a50c127a88c5b1e2bceac289d3a54b01dc2fbb9375c60470adf62	languages	world	Unicode-3.0	localeDisplayNames/languages/lua
Luiseno	اللوسينو	cldr-language	https://raw.githubusercontent.com/unicode-org/cldr-json/48.2.1/cldr-json/cldr-localenames-full/main/ar/languages.json	2026-09-20	469d4b540f4a50c127a88c5b1e2bceac289d3a54b01dc2fbb9375c60470adf62	languages	world	Unicode-3.0	localeDisplayNames/languages/lui
Lunda	اللوندا	cldr-language	https://raw.githubusercontent.com/unicode-org/cldr-json/48.2.1/cldr-json/cldr-localenames-full/main/ar/languages.json	2026-09-20	469d4b540f4a50c127a88c5b1e2bceac289d3a54b01dc2fbb9375c60470adf62	languages	world	Unicode-3.0	localeDisplayNames/languages/lun
Luo	اللو	cldr-language	https://raw.githubusercontent.com/unicode-org/cldr-json/48.2.1/cldr-json/cldr-localenames-full/main/ar/languages.json	2026-09-20	469d4b540f4a50c127a88c5b1e2bceac289d3a54b01dc2fbb9375c60470adf62	languages	world	Unicode-3.0	localeDisplayNames/languages/luo
Mizo	الميزو	cldr-language	https://raw.githubusercontent.com/unicode-org/cldr-json/48.2.1/cldr-json/cldr-localenames-full/main/ar/languages.json	2026-09-20	469d4b540f4a50c127a88c5b1e2bceac289d3a54b01dc2fbb9375c60470adf62	languages	world	Unicode-3.0	localeDisplayNames/languages/lus
Luyia	لغة اللويا	cldr-language	https://raw.githubusercontent.com/unicode-org/cldr-json/48.2.1/cldr-json/cldr-localenames-full/main/ar/languages.json	2026-09-20	469d4b540f4a50c127a88c5b1e2bceac289d3a54b01dc2fbb9375c60470adf62	languages	world	Unicode-3.0	localeDisplayNames/languages/luy
Latvian	اللاتفية	cldr-language	https://raw.githubusercontent.com/unicode-org/cldr-json/48.2.1/cldr-json/cldr-localenames-full/main/ar/languages.json	2026-09-20	469d4b540f4a50c127a88c5b1e2bceac289d3a54b01dc2fbb9375c60470adf62	languages	world	Unicode-3.0	localeDisplayNames/languages/lv
Madurese	المادريز	cldr-language	https://raw.githubusercontent.com/unicode-org/cldr-json/48.2.1/cldr-json/cldr-localenames-full/main/ar/languages.json	2026-09-20	469d4b540f4a50c127a88c5b1e2bceac289d3a54b01dc2fbb9375c60470adf62	languages	world	Unicode-3.0	localeDisplayNames/languages/mad
Magahi	الماجا	cldr-language	https://raw.githubusercontent.com/unicode-org/cldr-json/48.2.1/cldr-json/cldr-localenames-full/main/ar/languages.json	2026-09-20	469d4b540f4a50c127a88c5b1e2bceac289d3a54b01dc2fbb9375c60470adf62	languages	world	Unicode-3.0	localeDisplayNames/languages/mag
Maithili	المايثيلي	cldr-language	https://raw.githubusercontent.com/unicode-org/cldr-json/48.2.1/cldr-json/cldr-localenames-full/main/ar/languages.json	2026-09-20	469d4b540f4a50c127a88c5b1e2bceac289d3a54b01dc2fbb9375c60470adf62	languages	world	Unicode-3.0	localeDisplayNames/languages/mai
Makasar	الماكاسار	cldr-language	https://raw.githubusercontent.com/unicode-org/cldr-json/48.2.1/cldr-json/cldr-localenames-full/main/ar/languages.json	2026-09-20	469d4b540f4a50c127a88c5b1e2bceac289d3a54b01dc2fbb9375c60470adf62	languages	world	Unicode-3.0	localeDisplayNames/languages/mak
Mandingo	الماندينغ	cldr-language	https://raw.githubusercontent.com/unicode-org/cldr-json/48.2.1/cldr-json/cldr-localenames-full/main/ar/languages.json	2026-09-20	469d4b540f4a50c127a88c5b1e2bceac289d3a54b01dc2fbb9375c60470adf62	languages	world	Unicode-3.0	localeDisplayNames/languages/man
Masai	الماساي	cldr-language	https://raw.githubusercontent.com/unicode-org/cldr-json/48.2.1/cldr-json/cldr-localenames-full/main/ar/languages.json	2026-09-20	469d4b540f4a50c127a88c5b1e2bceac289d3a54b01dc2fbb9375c60470adf62	languages	world	Unicode-3.0	localeDisplayNames/languages/mas
Maba	مابا	cldr-language	https://raw.githubusercontent.com/unicode-org/cldr-json/48.2.1/cldr-json/cldr-localenames-full/main/ar/languages.json	2026-09-20	469d4b540f4a50c127a88c5b1e2bceac289d3a54b01dc2fbb9375c60470adf62	languages	world	Unicode-3.0	localeDisplayNames/languages/mde
Moksha	الموكشا	cldr-language	https://raw.githubusercontent.com/unicode-org/cldr-json/48.2.1/cldr-json/cldr-localenames-full/main/ar/languages.json	2026-09-20	469d4b540f4a50c127a88c5b1e2bceac289d3a54b01dc2fbb9375c60470adf62	languages	world	Unicode-3.0	localeDisplayNames/languages/mdf
Mandar	الماندار	cldr-language	https://raw.githubusercontent.com/unicode-org/cldr-json/48.2.1/cldr-json/cldr-localenames-full/main/ar/languages.json	2026-09-20	469d4b540f4a50c127a88c5b1e2bceac289d3a54b01dc2fbb9375c60470adf62	languages	world	Unicode-3.0	localeDisplayNames/languages/mdr
Mende	الميند	cldr-language	https://raw.githubusercontent.com/unicode-org/cldr-json/48.2.1/cldr-json/cldr-localenames-full/main/ar/languages.json	2026-09-20	469d4b540f4a50c127a88c5b1e2bceac289d3a54b01dc2fbb9375c60470adf62	languages	world	Unicode-3.0	localeDisplayNames/languages/men
Meru	الميرو	cldr-language	https://raw.githubusercontent.com/unicode-org/cldr-json/48.2.1/cldr-json/cldr-localenames-full/main/ar/languages.json	2026-09-20	469d4b540f4a50c127a88c5b1e2bceac289d3a54b01dc2fbb9375c60470adf62	languages	world	Unicode-3.0	localeDisplayNames/languages/mer
Morisyen	المورسيانية	cldr-language	https://raw.githubusercontent.com/unicode-org/cldr-json/48.2.1/cldr-json/cldr-localenames-full/main/ar/languages.json	2026-09-20	469d4b540f4a50c127a88c5b1e2bceac289d3a54b01dc2fbb9375c60470adf62	languages	world	Unicode-3.0	localeDisplayNames/languages/mfe
Malagasy	الملغاشي	cldr-language	https://raw.githubusercontent.com/unicode-org/cldr-json/48.2.1/cldr-json/cldr-localenames-full/main/ar/languages.json	2026-09-20	469d4b540f4a50c127a88c5b1e2bceac289d3a54b01dc2fbb9375c60470adf62	languages	world	Unicode-3.0	localeDisplayNames/languages/mg
Middle Irish	الأيرلندية الوسطى	cldr-language	https://raw.githubusercontent.com/unicode-org/cldr-json/48.2.1/cldr-json/cldr-localenames-full/main/ar/languages.json	2026-09-20	469d4b540f4a50c127a88c5b1e2bceac289d3a54b01dc2fbb9375c60470adf62	languages	world	Unicode-3.0	localeDisplayNames/languages/mga
Makhuwa-Meetto	ماخاوا-ميتو	cldr-language	https://raw.githubusercontent.com/unicode-org/cldr-json/48.2.1/cldr-json/cldr-localenames-full/main/ar/languages.json	2026-09-20	469d4b540f4a50c127a88c5b1e2bceac289d3a54b01dc2fbb9375c60470adf62	languages	world	Unicode-3.0	localeDisplayNames/languages/mgh
Metaʼ	ميتا	cldr-language	https://raw.githubusercontent.com/unicode-org/cldr-json/48.2.1/cldr-json/cldr-localenames-full/main/ar/languages.json	2026-09-20	469d4b540f4a50c127a88c5b1e2bceac289d3a54b01dc2fbb9375c60470adf62	languages	world	Unicode-3.0	localeDisplayNames/languages/mgo
Marshallese	المارشالية	cldr-language	https://raw.githubusercontent.com/unicode-org/cldr-json/48.2.1/cldr-json/cldr-localenames-full/main/ar/languages.json	2026-09-20	469d4b540f4a50c127a88c5b1e2bceac289d3a54b01dc2fbb9375c60470adf62	languages	world	Unicode-3.0	localeDisplayNames/languages/mh
Māori	الماورية	cldr-language	https://raw.githubusercontent.com/unicode-org/cldr-json/48.2.1/cldr-json/cldr-localenames-full/main/ar/languages.json	2026-09-20	469d4b540f4a50c127a88c5b1e2bceac289d3a54b01dc2fbb9375c60470adf62	languages	world	Unicode-3.0	localeDisplayNames/languages/mi
Mi'kmaw	الميكماكيونية	cldr-language	https://raw.githubusercontent.com/unicode-org/cldr-json/48.2.1/cldr-json/cldr-localenames-full/main/ar/languages.json	2026-09-20	469d4b540f4a50c127a88c5b1e2bceac289d3a54b01dc2fbb9375c60470adf62	languages	world	Unicode-3.0	localeDisplayNames/languages/mic
Minangkabau	المينانجكاباو	cldr-language	https://raw.githubusercontent.com/unicode-org/cldr-json/48.2.1/cldr-json/cldr-localenames-full/main/ar/languages.json	2026-09-20	469d4b540f4a50c127a88c5b1e2bceac289d3a54b01dc2fbb9375c60470adf62	languages	world	Unicode-3.0	localeDisplayNames/languages/min
Macedonian	المقدونية	cldr-language	https://raw.githubusercontent.com/unicode-org/cldr-json/48.2.1/cldr-json/cldr-localenames-full/main/ar/languages.json	2026-09-20	469d4b540f4a50c127a88c5b1e2bceac289d3a54b01dc2fbb9375c60470adf62	languages	world	Unicode-3.0	localeDisplayNames/languages/mk
Malayalam	المالايالامية	cldr-language	https://raw.githubusercontent.com/unicode-org/cldr-json/48.2.1/cldr-json/cldr-localenames-full/main/ar/languages.json	2026-09-20	469d4b540f4a50c127a88c5b1e2bceac289d3a54b01dc2fbb9375c60470adf62	languages	world	Unicode-3.0	localeDisplayNames/languages/ml
Mongolian	المنغولية	cldr-language	https://raw.githubusercontent.com/unicode-org/cldr-json/48.2.1/cldr-json/cldr-localenames-full/main/ar/languages.json	2026-09-20	469d4b540f4a50c127a88c5b1e2bceac289d3a54b01dc2fbb9375c60470adf62	languages	world	Unicode-3.0	localeDisplayNames/languages/mn
Manchu	المانشو	cldr-language	https://raw.githubusercontent.com/unicode-org/cldr-json/48.2.1/cldr-json/cldr-localenames-full/main/ar/languages.json	2026-09-20	469d4b540f4a50c127a88c5b1e2bceac289d3a54b01dc2fbb9375c60470adf62	languages	world	Unicode-3.0	localeDisplayNames/languages/mnc
Manipuri	المانيبورية	cldr-language	https://raw.githubusercontent.com/unicode-org/cldr-json/48.2.1/cldr-json/cldr-localenames-full/main/ar/languages.json	2026-09-20	469d4b540f4a50c127a88c5b1e2bceac289d3a54b01dc2fbb9375c60470adf62	languages	world	Unicode-3.0	localeDisplayNames/languages/mni
Innu-aimun	إينو-ايمون	cldr-language	https://raw.githubusercontent.com/unicode-org/cldr-json/48.2.1/cldr-json/cldr-localenames-full/main/ar/languages.json	2026-09-20	469d4b540f4a50c127a88c5b1e2bceac289d3a54b01dc2fbb9375c60470adf62	languages	world	Unicode-3.0	localeDisplayNames/languages/moe
Mohawk	الموهوك	cldr-language	https://raw.githubusercontent.com/unicode-org/cldr-json/48.2.1/cldr-json/cldr-localenames-full/main/ar/languages.json	2026-09-20	469d4b540f4a50c127a88c5b1e2bceac289d3a54b01dc2fbb9375c60470adf62	languages	world	Unicode-3.0	localeDisplayNames/languages/moh
Mossi	الموسي	cldr-language	https://raw.githubusercontent.com/unicode-org/cldr-json/48.2.1/cldr-json/cldr-localenames-full/main/ar/languages.json	2026-09-20	469d4b540f4a50c127a88c5b1e2bceac289d3a54b01dc2fbb9375c60470adf62	languages	world	Unicode-3.0	localeDisplayNames/languages/mos
Marathi	الماراثية	cldr-language	https://raw.githubusercontent.com/unicode-org/cldr-json/48.2.1/cldr-json/cldr-localenames-full/main/ar/languages.json	2026-09-20	469d4b540f4a50c127a88c5b1e2bceac289d3a54b01dc2fbb9375c60470adf62	languages	world	Unicode-3.0	localeDisplayNames/languages/mr
Malay	الماليزية	cldr-language	https://raw.githubusercontent.com/unicode-org/cldr-json/48.2.1/cldr-json/cldr-localenames-full/main/ar/languages.json	2026-09-20	469d4b540f4a50c127a88c5b1e2bceac289d3a54b01dc2fbb9375c60470adf62	languages	world	Unicode-3.0	localeDisplayNames/languages/ms
Maltese	المالطية	cldr-language	https://raw.githubusercontent.com/unicode-org/cldr-json/48.2.1/cldr-json/cldr-localenames-full/main/ar/languages.json	2026-09-20	469d4b540f4a50c127a88c5b1e2bceac289d3a54b01dc2fbb9375c60470adf62	languages	world	Unicode-3.0	localeDisplayNames/languages/mt
Mundang	مندنج	cldr-language	https://raw.githubusercontent.com/unicode-org/cldr-json/48.2.1/cldr-json/cldr-localenames-full/main/ar/languages.json	2026-09-20	469d4b540f4a50c127a88c5b1e2bceac289d3a54b01dc2fbb9375c60470adf62	languages	world	Unicode-3.0	localeDisplayNames/languages/mua
Multiple languages	لغات متعددة	cldr-language	https://raw.githubusercontent.com/unicode-org/cldr-json/48.2.1/cldr-json/cldr-localenames-full/main/ar/languages.json	2026-09-20	469d4b540f4a50c127a88c5b1e2bceac289d3a54b01dc2fbb9375c60470adf62	languages	world	Unicode-3.0	localeDisplayNames/languages/mul
Muscogee	الكريك	cldr-language	https://raw.githubusercontent.com/unicode-org/cldr-json/48.2.1/cldr-json/cldr-localenames-full/main/ar/languages.json	2026-09-20	469d4b540f4a50c127a88c5b1e2bceac289d3a54b01dc2fbb9375c60470adf62	languages	world	Unicode-3.0	localeDisplayNames/languages/mus
Mirandese	الميرانديز	cldr-language	https://raw.githubusercontent.com/unicode-org/cldr-json/48.2.1/cldr-json/cldr-localenames-full/main/ar/languages.json	2026-09-20	469d4b540f4a50c127a88c5b1e2bceac289d3a54b01dc2fbb9375c60470adf62	languages	world	Unicode-3.0	localeDisplayNames/languages/mwl
Marwari	الماروارية	cldr-language	https://raw.githubusercontent.com/unicode-org/cldr-json/48.2.1/cldr-json/cldr-localenames-full/main/ar/languages.json	2026-09-20	469d4b540f4a50c127a88c5b1e2bceac289d3a54b01dc2fbb9375c60470adf62	languages	world	Unicode-3.0	localeDisplayNames/languages/mwr
Burmese	البورمية	cldr-language	https://raw.githubusercontent.com/unicode-org/cldr-json/48.2.1/cldr-json/cldr-localenames-full/main/ar/languages.json	2026-09-20	469d4b540f4a50c127a88c5b1e2bceac289d3a54b01dc2fbb9375c60470adf62	languages	world	Unicode-3.0	localeDisplayNames/languages/my
Erzya	الأرزية	cldr-language	https://raw.githubusercontent.com/unicode-org/cldr-json/48.2.1/cldr-json/cldr-localenames-full/main/ar/languages.json	2026-09-20	469d4b540f4a50c127a88c5b1e2bceac289d3a54b01dc2fbb9375c60470adf62	languages	world	Unicode-3.0	localeDisplayNames/languages/myv
Mazanderani	المازندرانية	cldr-language	https://raw.githubusercontent.com/unicode-org/cldr-json/48.2.1/cldr-json/cldr-localenames-full/main/ar/languages.json	2026-09-20	469d4b540f4a50c127a88c5b1e2bceac289d3a54b01dc2fbb9375c60470adf62	languages	world	Unicode-3.0	localeDisplayNames/languages/mzn
Nauru	النورو	cldr-language	https://raw.githubusercontent.com/unicode-org/cldr-json/48.2.1/cldr-json/cldr-localenames-full/main/ar/languages.json	2026-09-20	469d4b540f4a50c127a88c5b1e2bceac289d3a54b01dc2fbb9375c60470adf62	languages	world	Unicode-3.0	localeDisplayNames/languages/na
Min Nan Chinese	مين-نان الصينية	cldr-language	https://raw.githubusercontent.com/unicode-org/cldr-json/48.2.1/cldr-json/cldr-localenames-full/main/ar/languages.json	2026-09-20	469d4b540f4a50c127a88c5b1e2bceac289d3a54b01dc2fbb9375c60470adf62	languages	world	Unicode-3.0	localeDisplayNames/languages/nan
Neapolitan	النابولية	cldr-language	https://raw.githubusercontent.com/unicode-org/cldr-json/48.2.1/cldr-json/cldr-localenames-full/main/ar/languages.json	2026-09-20	469d4b540f4a50c127a88c5b1e2bceac289d3a54b01dc2fbb9375c60470adf62	languages	world	Unicode-3.0	localeDisplayNames/languages/nap
Nama	لغة الناما	cldr-language	https://raw.githubusercontent.com/unicode-org/cldr-json/48.2.1/cldr-json/cldr-localenames-full/main/ar/languages.json	2026-09-20	469d4b540f4a50c127a88c5b1e2bceac289d3a54b01dc2fbb9375c60470adf62	languages	world	Unicode-3.0	localeDisplayNames/languages/naq
Norwegian Bokmål	النرويجية بوكمال	cldr-language	https://raw.githubusercontent.com/unicode-org/cldr-json/48.2.1/cldr-json/cldr-localenames-full/main/ar/languages.json	2026-09-20	469d4b540f4a50c127a88c5b1e2bceac289d3a54b01dc2fbb9375c60470adf62	languages	world	Unicode-3.0	localeDisplayNames/languages/nb
North Ndebele	النديبيل الشمالية	cldr-language	https://raw.githubusercontent.com/unicode-org/cldr-json/48.2.1/cldr-json/cldr-localenames-full/main/ar/languages.json	2026-09-20	469d4b540f4a50c127a88c5b1e2bceac289d3a54b01dc2fbb9375c60470adf62	languages	world	Unicode-3.0	localeDisplayNames/languages/nd
Low German	الألمانية السفلى	cldr-language	https://raw.githubusercontent.com/unicode-org/cldr-json/48.2.1/cldr-json/cldr-localenames-full/main/ar/languages.json	2026-09-20	469d4b540f4a50c127a88c5b1e2bceac289d3a54b01dc2fbb9375c60470adf62	languages	world	Unicode-3.0	localeDisplayNames/languages/nds
Low Saxon	السكسونية السفلى	cldr-language	https://raw.githubusercontent.com/unicode-org/cldr-json/48.2.1/cldr-json/cldr-localenames-full/main/ar/languages.json	2026-09-20	469d4b540f4a50c127a88c5b1e2bceac289d3a54b01dc2fbb9375c60470adf62	languages	world	Unicode-3.0	localeDisplayNames/languages/nds-NL
Nepali	النيبالية	cldr-language	https://raw.githubusercontent.com/unicode-org/cldr-json/48.2.1/cldr-json/cldr-localenames-full/main/ar/languages.json	2026-09-20	469d4b540f4a50c127a88c5b1e2bceac289d3a54b01dc2fbb9375c60470adf62	languages	world	Unicode-3.0	localeDisplayNames/languages/ne
Newari	النوارية	cldr-language	https://raw.githubusercontent.com/unicode-org/cldr-json/48.2.1/cldr-json/cldr-localenames-full/main/ar/languages.json	2026-09-20	469d4b540f4a50c127a88c5b1e2bceac289d3a54b01dc2fbb9375c60470adf62	languages	world	Unicode-3.0	localeDisplayNames/languages/new
Ndonga	الندونجا	cldr-language	https://raw.githubusercontent.com/unicode-org/cldr-json/48.2.1/cldr-json/cldr-localenames-full/main/ar/languages.json	2026-09-20	469d4b540f4a50c127a88c5b1e2bceac289d3a54b01dc2fbb9375c60470adf62	languages	world	Unicode-3.0	localeDisplayNames/languages/ng
Nias	النياس	cldr-language	https://raw.githubusercontent.com/unicode-org/cldr-json/48.2.1/cldr-json/cldr-localenames-full/main/ar/languages.json	2026-09-20	469d4b540f4a50c127a88c5b1e2bceac289d3a54b01dc2fbb9375c60470adf62	languages	world	Unicode-3.0	localeDisplayNames/languages/nia
Niuean	النيوي	cldr-language	https://raw.githubusercontent.com/unicode-org/cldr-json/48.2.1/cldr-json/cldr-localenames-full/main/ar/languages.json	2026-09-20	469d4b540f4a50c127a88c5b1e2bceac289d3a54b01dc2fbb9375c60470adf62	languages	world	Unicode-3.0	localeDisplayNames/languages/niu
Dutch	الهولندية	cldr-language	https://raw.githubusercontent.com/unicode-org/cldr-json/48.2.1/cldr-json/cldr-localenames-full/main/ar/languages.json	2026-09-20	469d4b540f4a50c127a88c5b1e2bceac289d3a54b01dc2fbb9375c60470adf62	languages	world	Unicode-3.0	localeDisplayNames/languages/nl
Kwasio	كواسيو	cldr-language	https://raw.githubusercontent.com/unicode-org/cldr-json/48.2.1/cldr-json/cldr-localenames-full/main/ar/languages.json	2026-09-20	469d4b540f4a50c127a88c5b1e2bceac289d3a54b01dc2fbb9375c60470adf62	languages	world	Unicode-3.0	localeDisplayNames/languages/nmg
Norwegian Nynorsk	النرويجية نينورسك	cldr-language	https://raw.githubusercontent.com/unicode-org/cldr-json/48.2.1/cldr-json/cldr-localenames-full/main/ar/languages.json	2026-09-20	469d4b540f4a50c127a88c5b1e2bceac289d3a54b01dc2fbb9375c60470adf62	languages	world	Unicode-3.0	localeDisplayNames/languages/nn
Ngiemboon	لغة النجيمبون	cldr-language	https://raw.githubusercontent.com/unicode-org/cldr-json/48.2.1/cldr-json/cldr-localenames-full/main/ar/languages.json	2026-09-20	469d4b540f4a50c127a88c5b1e2bceac289d3a54b01dc2fbb9375c60470adf62	languages	world	Unicode-3.0	localeDisplayNames/languages/nnh
Norwegian	النرويجية	cldr-language	https://raw.githubusercontent.com/unicode-org/cldr-json/48.2.1/cldr-json/cldr-localenames-full/main/ar/languages.json	2026-09-20	469d4b540f4a50c127a88c5b1e2bceac289d3a54b01dc2fbb9375c60470adf62	languages	world	Unicode-3.0	localeDisplayNames/languages/no
Nogai	النوجاي	cldr-language	https://raw.githubusercontent.com/unicode-org/cldr-json/48.2.1/cldr-json/cldr-localenames-full/main/ar/languages.json	2026-09-20	469d4b540f4a50c127a88c5b1e2bceac289d3a54b01dc2fbb9375c60470adf62	languages	world	Unicode-3.0	localeDisplayNames/languages/nog
Old Norse	النورس القديم	cldr-language	https://raw.githubusercontent.com/unicode-org/cldr-json/48.2.1/cldr-json/cldr-localenames-full/main/ar/languages.json	2026-09-20	469d4b540f4a50c127a88c5b1e2bceac289d3a54b01dc2fbb9375c60470adf62	languages	world	Unicode-3.0	localeDisplayNames/languages/non
N’Ko	أنكو	cldr-language	https://raw.githubusercontent.com/unicode-org/cldr-json/48.2.1/cldr-json/cldr-localenames-full/main/ar/languages.json	2026-09-20	469d4b540f4a50c127a88c5b1e2bceac289d3a54b01dc2fbb9375c60470adf62	languages	world	Unicode-3.0	localeDisplayNames/languages/nqo
South Ndebele	النديبيل الجنوبي	cldr-language	https://raw.githubusercontent.com/unicode-org/cldr-json/48.2.1/cldr-json/cldr-localenames-full/main/ar/languages.json	2026-09-20	469d4b540f4a50c127a88c5b1e2bceac289d3a54b01dc2fbb9375c60470adf62	languages	world	Unicode-3.0	localeDisplayNames/languages/nr
Northern Sotho	السوتو الشمالية	cldr-language	https://raw.githubusercontent.com/unicode-org/cldr-json/48.2.1/cldr-json/cldr-localenames-full/main/ar/languages.json	2026-09-20	469d4b540f4a50c127a88c5b1e2bceac289d3a54b01dc2fbb9375c60470adf62	languages	world	Unicode-3.0	localeDisplayNames/languages/nso
Nuer	النوير	cldr-language	https://raw.githubusercontent.com/unicode-org/cldr-json/48.2.1/cldr-json/cldr-localenames-full/main/ar/languages.json	2026-09-20	469d4b540f4a50c127a88c5b1e2bceac289d3a54b01dc2fbb9375c60470adf62	languages	world	Unicode-3.0	localeDisplayNames/languages/nus
Navajo	النافاجو	cldr-language	https://raw.githubusercontent.com/unicode-org/cldr-json/48.2.1/cldr-json/cldr-localenames-full/main/ar/languages.json	2026-09-20	469d4b540f4a50c127a88c5b1e2bceac289d3a54b01dc2fbb9375c60470adf62	languages	world	Unicode-3.0	localeDisplayNames/languages/nv
Classical Newari	النوارية التقليدية	cldr-language	https://raw.githubusercontent.com/unicode-org/cldr-json/48.2.1/cldr-json/cldr-localenames-full/main/ar/languages.json	2026-09-20	469d4b540f4a50c127a88c5b1e2bceac289d3a54b01dc2fbb9375c60470adf62	languages	world	Unicode-3.0	localeDisplayNames/languages/nwc
Nyanja	النيانجا	cldr-language	https://raw.githubusercontent.com/unicode-org/cldr-json/48.2.1/cldr-json/cldr-localenames-full/main/ar/languages.json	2026-09-20	469d4b540f4a50c127a88c5b1e2bceac289d3a54b01dc2fbb9375c60470adf62	languages	world	Unicode-3.0	localeDisplayNames/languages/ny
Nyamwezi	النيامويزي	cldr-language	https://raw.githubusercontent.com/unicode-org/cldr-json/48.2.1/cldr-json/cldr-localenames-full/main/ar/languages.json	2026-09-20	469d4b540f4a50c127a88c5b1e2bceac289d3a54b01dc2fbb9375c60470adf62	languages	world	Unicode-3.0	localeDisplayNames/languages/nym
Nyankole	النيانكول	cldr-language	https://raw.githubusercontent.com/unicode-org/cldr-json/48.2.1/cldr-json/cldr-localenames-full/main/ar/languages.json	2026-09-20	469d4b540f4a50c127a88c5b1e2bceac289d3a54b01dc2fbb9375c60470adf62	languages	world	Unicode-3.0	localeDisplayNames/languages/nyn
Nyoro	النيورو	cldr-language	https://raw.githubusercontent.com/unicode-org/cldr-json/48.2.1/cldr-json/cldr-localenames-full/main/ar/languages.json	2026-09-20	469d4b540f4a50c127a88c5b1e2bceac289d3a54b01dc2fbb9375c60470adf62	languages	world	Unicode-3.0	localeDisplayNames/languages/nyo
Nzima	النزيما	cldr-language	https://raw.githubusercontent.com/unicode-org/cldr-json/48.2.1/cldr-json/cldr-localenames-full/main/ar/languages.json	2026-09-20	469d4b540f4a50c127a88c5b1e2bceac289d3a54b01dc2fbb9375c60470adf62	languages	world	Unicode-3.0	localeDisplayNames/languages/nzi
Occitan	الأوكسيتانية	cldr-language	https://raw.githubusercontent.com/unicode-org/cldr-json/48.2.1/cldr-json/cldr-localenames-full/main/ar/languages.json	2026-09-20	469d4b540f4a50c127a88c5b1e2bceac289d3a54b01dc2fbb9375c60470adf62	languages	world	Unicode-3.0	localeDisplayNames/languages/oc
Ojibwa	الأوجيبوا	cldr-language	https://raw.githubusercontent.com/unicode-org/cldr-json/48.2.1/cldr-json/cldr-localenames-full/main/ar/languages.json	2026-09-20	469d4b540f4a50c127a88c5b1e2bceac289d3a54b01dc2fbb9375c60470adf62	languages	world	Unicode-3.0	localeDisplayNames/languages/oj
Northwestern Ojibwa	أوجيبوا الشمالية الغربية	cldr-language	https://raw.githubusercontent.com/unicode-org/cldr-json/48.2.1/cldr-json/cldr-localenames-full/main/ar/languages.json	2026-09-20	469d4b540f4a50c127a88c5b1e2bceac289d3a54b01dc2fbb9375c60470adf62	languages	world	Unicode-3.0	localeDisplayNames/languages/ojb
Central Ojibwa	أوجيبوا الوسطى	cldr-language	https://raw.githubusercontent.com/unicode-org/cldr-json/48.2.1/cldr-json/cldr-localenames-full/main/ar/languages.json	2026-09-20	469d4b540f4a50c127a88c5b1e2bceac289d3a54b01dc2fbb9375c60470adf62	languages	world	Unicode-3.0	localeDisplayNames/languages/ojc
Oji-Cree	الأوجي-كري	cldr-language	https://raw.githubusercontent.com/unicode-org/cldr-json/48.2.1/cldr-json/cldr-localenames-full/main/ar/languages.json	2026-09-20	469d4b540f4a50c127a88c5b1e2bceac289d3a54b01dc2fbb9375c60470adf62	languages	world	Unicode-3.0	localeDisplayNames/languages/ojs
Western Ojibwa	الأوجيبوا الغربية	cldr-language	https://raw.githubusercontent.com/unicode-org/cldr-json/48.2.1/cldr-json/cldr-localenames-full/main/ar/languages.json	2026-09-20	469d4b540f4a50c127a88c5b1e2bceac289d3a54b01dc2fbb9375c60470adf62	languages	world	Unicode-3.0	localeDisplayNames/languages/ojw
Okanagan	الأوكاناغانية	cldr-language	https://raw.githubusercontent.com/unicode-org/cldr-json/48.2.1/cldr-json/cldr-localenames-full/main/ar/languages.json	2026-09-20	469d4b540f4a50c127a88c5b1e2bceac289d3a54b01dc2fbb9375c60470adf62	languages	world	Unicode-3.0	localeDisplayNames/languages/oka
Oromo	الأورومية	cldr-language	https://raw.githubusercontent.com/unicode-org/cldr-json/48.2.1/cldr-json/cldr-localenames-full/main/ar/languages.json	2026-09-20	469d4b540f4a50c127a88c5b1e2bceac289d3a54b01dc2fbb9375c60470adf62	languages	world	Unicode-3.0	localeDisplayNames/languages/om
Odia	الأورية	cldr-language	https://raw.githubusercontent.com/unicode-org/cldr-json/48.2.1/cldr-json/cldr-localenames-full/main/ar/languages.json	2026-09-20	469d4b540f4a50c127a88c5b1e2bceac289d3a54b01dc2fbb9375c60470adf62	languages	world	Unicode-3.0	localeDisplayNames/languages/or
Ossetic	الأوسيتيك	cldr-language	https://raw.githubusercontent.com/unicode-org/cldr-json/48.2.1/cldr-json/cldr-localenames-full/main/ar/languages.json	2026-09-20	469d4b540f4a50c127a88c5b1e2bceac289d3a54b01dc2fbb9375c60470adf62	languages	world	Unicode-3.0	localeDisplayNames/languages/os
Osage	الأوساج	cldr-language	https://raw.githubusercontent.com/unicode-org/cldr-json/48.2.1/cldr-json/cldr-localenames-full/main/ar/languages.json	2026-09-20	469d4b540f4a50c127a88c5b1e2bceac289d3a54b01dc2fbb9375c60470adf62	languages	world	Unicode-3.0	localeDisplayNames/languages/osa
Ottoman Turkish	التركية العثمانية	cldr-language	https://raw.githubusercontent.com/unicode-org/cldr-json/48.2.1/cldr-json/cldr-localenames-full/main/ar/languages.json	2026-09-20	469d4b540f4a50c127a88c5b1e2bceac289d3a54b01dc2fbb9375c60470adf62	languages	world	Unicode-3.0	localeDisplayNames/languages/ota
Punjabi	البنجابية	cldr-language	https://raw.githubusercontent.com/unicode-org/cldr-json/48.2.1/cldr-json/cldr-localenames-full/main/ar/languages.json	2026-09-20	469d4b540f4a50c127a88c5b1e2bceac289d3a54b01dc2fbb9375c60470adf62	languages	world	Unicode-3.0	localeDisplayNames/languages/pa
Pangasinan	البانجاسينان	cldr-language	https://raw.githubusercontent.com/unicode-org/cldr-json/48.2.1/cldr-json/cldr-localenames-full/main/ar/languages.json	2026-09-20	469d4b540f4a50c127a88c5b1e2bceac289d3a54b01dc2fbb9375c60470adf62	languages	world	Unicode-3.0	localeDisplayNames/languages/pag
Pahlavi	البهلوية	cldr-language	https://raw.githubusercontent.com/unicode-org/cldr-json/48.2.1/cldr-json/cldr-localenames-full/main/ar/languages.json	2026-09-20	469d4b540f4a50c127a88c5b1e2bceac289d3a54b01dc2fbb9375c60470adf62	languages	world	Unicode-3.0	localeDisplayNames/languages/pal
Pampanga	البامبانجا	cldr-language	https://raw.githubusercontent.com/unicode-org/cldr-json/48.2.1/cldr-json/cldr-localenames-full/main/ar/languages.json	2026-09-20	469d4b540f4a50c127a88c5b1e2bceac289d3a54b01dc2fbb9375c60470adf62	languages	world	Unicode-3.0	localeDisplayNames/languages/pam
Papiamento	البابيامينتو	cldr-language	https://raw.githubusercontent.com/unicode-org/cldr-json/48.2.1/cldr-json/cldr-localenames-full/main/ar/languages.json	2026-09-20	469d4b540f4a50c127a88c5b1e2bceac289d3a54b01dc2fbb9375c60470adf62	languages	world	Unicode-3.0	localeDisplayNames/languages/pap
Palauan	البالوان	cldr-language	https://raw.githubusercontent.com/unicode-org/cldr-json/48.2.1/cldr-json/cldr-localenames-full/main/ar/languages.json	2026-09-20	469d4b540f4a50c127a88c5b1e2bceac289d3a54b01dc2fbb9375c60470adf62	languages	world	Unicode-3.0	localeDisplayNames/languages/pau
Nigerian Pidgin	البدجنية النيجيرية	cldr-language	https://raw.githubusercontent.com/unicode-org/cldr-json/48.2.1/cldr-json/cldr-localenames-full/main/ar/languages.json	2026-09-20	469d4b540f4a50c127a88c5b1e2bceac289d3a54b01dc2fbb9375c60470adf62	languages	world	Unicode-3.0	localeDisplayNames/languages/pcm
Old Persian	الفارسية القديمة	cldr-language	https://raw.githubusercontent.com/unicode-org/cldr-json/48.2.1/cldr-json/cldr-localenames-full/main/ar/languages.json	2026-09-20	469d4b540f4a50c127a88c5b1e2bceac289d3a54b01dc2fbb9375c60470adf62	languages	world	Unicode-3.0	localeDisplayNames/languages/peo
Phoenician	الفينيقية	cldr-language	https://raw.githubusercontent.com/unicode-org/cldr-json/48.2.1/cldr-json/cldr-localenames-full/main/ar/languages.json	2026-09-20	469d4b540f4a50c127a88c5b1e2bceac289d3a54b01dc2fbb9375c60470adf62	languages	world	Unicode-3.0	localeDisplayNames/languages/phn
Pali	البالية	cldr-language	https://raw.githubusercontent.com/unicode-org/cldr-json/48.2.1/cldr-json/cldr-localenames-full/main/ar/languages.json	2026-09-20	469d4b540f4a50c127a88c5b1e2bceac289d3a54b01dc2fbb9375c60470adf62	languages	world	Unicode-3.0	localeDisplayNames/languages/pi
Pijin	بيجين	cldr-language	https://raw.githubusercontent.com/unicode-org/cldr-json/48.2.1/cldr-json/cldr-localenames-full/main/ar/languages.json	2026-09-20	469d4b540f4a50c127a88c5b1e2bceac289d3a54b01dc2fbb9375c60470adf62	languages	world	Unicode-3.0	localeDisplayNames/languages/pis
Polish	البولندية	cldr-language	https://raw.githubusercontent.com/unicode-org/cldr-json/48.2.1/cldr-json/cldr-localenames-full/main/ar/languages.json	2026-09-20	469d4b540f4a50c127a88c5b1e2bceac289d3a54b01dc2fbb9375c60470adf62	languages	world	Unicode-3.0	localeDisplayNames/languages/pl
Pohnpeian	البوهنبيايان	cldr-language	https://raw.githubusercontent.com/unicode-org/cldr-json/48.2.1/cldr-json/cldr-localenames-full/main/ar/languages.json	2026-09-20	469d4b540f4a50c127a88c5b1e2bceac289d3a54b01dc2fbb9375c60470adf62	languages	world	Unicode-3.0	localeDisplayNames/languages/pon
Maliseet-Passamaquoddy	الماليزيت-باساماكودي	cldr-language	https://raw.githubusercontent.com/unicode-org/cldr-json/48.2.1/cldr-json/cldr-localenames-full/main/ar/languages.json	2026-09-20	469d4b540f4a50c127a88c5b1e2bceac289d3a54b01dc2fbb9375c60470adf62	languages	world	Unicode-3.0	localeDisplayNames/languages/pqm
Prussian	البروسياوية	cldr-language	https://raw.githubusercontent.com/unicode-org/cldr-json/48.2.1/cldr-json/cldr-localenames-full/main/ar/languages.json	2026-09-20	469d4b540f4a50c127a88c5b1e2bceac289d3a54b01dc2fbb9375c60470adf62	languages	world	Unicode-3.0	localeDisplayNames/languages/prg
Old Provençal	البروفانسية القديمة	cldr-language	https://raw.githubusercontent.com/unicode-org/cldr-json/48.2.1/cldr-json/cldr-localenames-full/main/ar/languages.json	2026-09-20	469d4b540f4a50c127a88c5b1e2bceac289d3a54b01dc2fbb9375c60470adf62	languages	world	Unicode-3.0	localeDisplayNames/languages/pro
Pashto	البشتو	cldr-language	https://raw.githubusercontent.com/unicode-org/cldr-json/48.2.1/cldr-json/cldr-localenames-full/main/ar/languages.json	2026-09-20	469d4b540f4a50c127a88c5b1e2bceac289d3a54b01dc2fbb9375c60470adf62	languages	world	Unicode-3.0	localeDisplayNames/languages/ps
Pushto	بشتو	cldr-language	https://raw.githubusercontent.com/unicode-org/cldr-json/48.2.1/cldr-json/cldr-localenames-full/main/ar/languages.json	2026-09-20	469d4b540f4a50c127a88c5b1e2bceac289d3a54b01dc2fbb9375c60470adf62	languages	world	Unicode-3.0	localeDisplayNames/languages/ps-alt-variant
Portuguese	البرتغالية	cldr-language	https://raw.githubusercontent.com/unicode-org/cldr-json/48.2.1/cldr-json/cldr-localenames-full/main/ar/languages.json	2026-09-20	469d4b540f4a50c127a88c5b1e2bceac289d3a54b01dc2fbb9375c60470adf62	languages	world	Unicode-3.0	localeDisplayNames/languages/pt
Brazilian Portuguese	البرتغالية البرازيلية	cldr-language	https://raw.githubusercontent.com/unicode-org/cldr-json/48.2.1/cldr-json/cldr-localenames-full/main/ar/languages.json	2026-09-20	469d4b540f4a50c127a88c5b1e2bceac289d3a54b01dc2fbb9375c60470adf62	languages	world	Unicode-3.0	localeDisplayNames/languages/pt-BR
European Portuguese	البرتغالية الأوروبية	cldr-language	https://raw.githubusercontent.com/unicode-org/cldr-json/48.2.1/cldr-json/cldr-localenames-full/main/ar/languages.json	2026-09-20	469d4b540f4a50c127a88c5b1e2bceac289d3a54b01dc2fbb9375c60470adf62	languages	world	Unicode-3.0	localeDisplayNames/languages/pt-PT
Quechua	كيشوا	cldr-language	https://raw.githubusercontent.com/unicode-org/cldr-json/48.2.1/cldr-json/cldr-localenames-full/main/ar/languages.json	2026-09-20	469d4b540f4a50c127a88c5b1e2bceac289d3a54b01dc2fbb9375c60470adf62	languages	world	Unicode-3.0	localeDisplayNames/languages/qu
Kʼicheʼ	الكيشية	cldr-language	https://raw.githubusercontent.com/unicode-org/cldr-json/48.2.1/cldr-json/cldr-localenames-full/main/ar/languages.json	2026-09-20	469d4b540f4a50c127a88c5b1e2bceac289d3a54b01dc2fbb9375c60470adf62	languages	world	Unicode-3.0	localeDisplayNames/languages/quc
Rajasthani	الراجاسثانية	cldr-language	https://raw.githubusercontent.com/unicode-org/cldr-json/48.2.1/cldr-json/cldr-localenames-full/main/ar/languages.json	2026-09-20	469d4b540f4a50c127a88c5b1e2bceac289d3a54b01dc2fbb9375c60470adf62	languages	world	Unicode-3.0	localeDisplayNames/languages/raj
Rapanui	الراباني	cldr-language	https://raw.githubusercontent.com/unicode-org/cldr-json/48.2.1/cldr-json/cldr-localenames-full/main/ar/languages.json	2026-09-20	469d4b540f4a50c127a88c5b1e2bceac289d3a54b01dc2fbb9375c60470adf62	languages	world	Unicode-3.0	localeDisplayNames/languages/rap
Rarotongan	الراروتونجاني	cldr-language	https://raw.githubusercontent.com/unicode-org/cldr-json/48.2.1/cldr-json/cldr-localenames-full/main/ar/languages.json	2026-09-20	469d4b540f4a50c127a88c5b1e2bceac289d3a54b01dc2fbb9375c60470adf62	languages	world	Unicode-3.0	localeDisplayNames/languages/rar
Rohingya	الروهينغية	cldr-language	https://raw.githubusercontent.com/unicode-org/cldr-json/48.2.1/cldr-json/cldr-localenames-full/main/ar/languages.json	2026-09-20	469d4b540f4a50c127a88c5b1e2bceac289d3a54b01dc2fbb9375c60470adf62	languages	world	Unicode-3.0	localeDisplayNames/languages/rhg
Romansh	الرومانشية	cldr-language	https://raw.githubusercontent.com/unicode-org/cldr-json/48.2.1/cldr-json/cldr-localenames-full/main/ar/languages.json	2026-09-20	469d4b540f4a50c127a88c5b1e2bceac289d3a54b01dc2fbb9375c60470adf62	languages	world	Unicode-3.0	localeDisplayNames/languages/rm
Rundi	الرندي	cldr-language	https://raw.githubusercontent.com/unicode-org/cldr-json/48.2.1/cldr-json/cldr-localenames-full/main/ar/languages.json	2026-09-20	469d4b540f4a50c127a88c5b1e2bceac289d3a54b01dc2fbb9375c60470adf62	languages	world	Unicode-3.0	localeDisplayNames/languages/rn
Romanian	الرومانية	cldr-language	https://raw.githubusercontent.com/unicode-org/cldr-json/48.2.1/cldr-json/cldr-localenames-full/main/ar/languages.json	2026-09-20	469d4b540f4a50c127a88c5b1e2bceac289d3a54b01dc2fbb9375c60470adf62	languages	world	Unicode-3.0	localeDisplayNames/languages/ro
Moldavian	المولدوفية	cldr-language	https://raw.githubusercontent.com/unicode-org/cldr-json/48.2.1/cldr-json/cldr-localenames-full/main/ar/languages.json	2026-09-20	469d4b540f4a50c127a88c5b1e2bceac289d3a54b01dc2fbb9375c60470adf62	languages	world	Unicode-3.0	localeDisplayNames/languages/ro-MD
Rombo	الرومبو	cldr-language	https://raw.githubusercontent.com/unicode-org/cldr-json/48.2.1/cldr-json/cldr-localenames-full/main/ar/languages.json	2026-09-20	469d4b540f4a50c127a88c5b1e2bceac289d3a54b01dc2fbb9375c60470adf62	languages	world	Unicode-3.0	localeDisplayNames/languages/rof
Romany	الغجرية	cldr-language	https://raw.githubusercontent.com/unicode-org/cldr-json/48.2.1/cldr-json/cldr-localenames-full/main/ar/languages.json	2026-09-20	469d4b540f4a50c127a88c5b1e2bceac289d3a54b01dc2fbb9375c60470adf62	languages	world	Unicode-3.0	localeDisplayNames/languages/rom
Russian	الروسية	cldr-language	https://raw.githubusercontent.com/unicode-org/cldr-json/48.2.1/cldr-json/cldr-localenames-full/main/ar/languages.json	2026-09-20	469d4b540f4a50c127a88c5b1e2bceac289d3a54b01dc2fbb9375c60470adf62	languages	world	Unicode-3.0	localeDisplayNames/languages/ru
Aromanian	الأرومانيان	cldr-language	https://raw.githubusercontent.com/unicode-org/cldr-json/48.2.1/cldr-json/cldr-localenames-full/main/ar/languages.json	2026-09-20	469d4b540f4a50c127a88c5b1e2bceac289d3a54b01dc2fbb9375c60470adf62	languages	world	Unicode-3.0	localeDisplayNames/languages/rup
Kinyarwanda	الكينيارواندا	cldr-language	https://raw.githubusercontent.com/unicode-org/cldr-json/48.2.1/cldr-json/cldr-localenames-full/main/ar/languages.json	2026-09-20	469d4b540f4a50c127a88c5b1e2bceac289d3a54b01dc2fbb9375c60470adf62	languages	world	Unicode-3.0	localeDisplayNames/languages/rw
Rwa	الروا	cldr-language	https://raw.githubusercontent.com/unicode-org/cldr-json/48.2.1/cldr-json/cldr-localenames-full/main/ar/languages.json	2026-09-20	469d4b540f4a50c127a88c5b1e2bceac289d3a54b01dc2fbb9375c60470adf62	languages	world	Unicode-3.0	localeDisplayNames/languages/rwk
Sanskrit	السنسكريتية	cldr-language	https://raw.githubusercontent.com/unicode-org/cldr-json/48.2.1/cldr-json/cldr-localenames-full/main/ar/languages.json	2026-09-20	469d4b540f4a50c127a88c5b1e2bceac289d3a54b01dc2fbb9375c60470adf62	languages	world	Unicode-3.0	localeDisplayNames/languages/sa
Sandawe	السانداوي	cldr-language	https://raw.githubusercontent.com/unicode-org/cldr-json/48.2.1/cldr-json/cldr-localenames-full/main/ar/languages.json	2026-09-20	469d4b540f4a50c127a88c5b1e2bceac289d3a54b01dc2fbb9375c60470adf62	languages	world	Unicode-3.0	localeDisplayNames/languages/sad
Yakut	الساخيّة	cldr-language	https://raw.githubusercontent.com/unicode-org/cldr-json/48.2.1/cldr-json/cldr-localenames-full/main/ar/languages.json	2026-09-20	469d4b540f4a50c127a88c5b1e2bceac289d3a54b01dc2fbb9375c60470adf62	languages	world	Unicode-3.0	localeDisplayNames/languages/sah
Samaritan Aramaic	الآرامية السامرية	cldr-language	https://raw.githubusercontent.com/unicode-org/cldr-json/48.2.1/cldr-json/cldr-localenames-full/main/ar/languages.json	2026-09-20	469d4b540f4a50c127a88c5b1e2bceac289d3a54b01dc2fbb9375c60470adf62	languages	world	Unicode-3.0	localeDisplayNames/languages/sam
Samburu	سامبورو	cldr-language	https://raw.githubusercontent.com/unicode-org/cldr-json/48.2.1/cldr-json/cldr-localenames-full/main/ar/languages.json	2026-09-20	469d4b540f4a50c127a88c5b1e2bceac289d3a54b01dc2fbb9375c60470adf62	languages	world	Unicode-3.0	localeDisplayNames/languages/saq
Sasak	الساساك	cldr-language	https://raw.githubusercontent.com/unicode-org/cldr-json/48.2.1/cldr-json/cldr-localenames-full/main/ar/languages.json	2026-09-20	469d4b540f4a50c127a88c5b1e2bceac289d3a54b01dc2fbb9375c60470adf62	languages	world	Unicode-3.0	localeDisplayNames/languages/sas
Santali	السانتالية	cldr-language	https://raw.githubusercontent.com/unicode-org/cldr-json/48.2.1/cldr-json/cldr-localenames-full/main/ar/languages.json	2026-09-20	469d4b540f4a50c127a88c5b1e2bceac289d3a54b01dc2fbb9375c60470adf62	languages	world	Unicode-3.0	localeDisplayNames/languages/sat
Ngambay	نامبي	cldr-language	https://raw.githubusercontent.com/unicode-org/cldr-json/48.2.1/cldr-json/cldr-localenames-full/main/ar/languages.json	2026-09-20	469d4b540f4a50c127a88c5b1e2bceac289d3a54b01dc2fbb9375c60470adf62	languages	world	Unicode-3.0	localeDisplayNames/languages/sba
Sangu	سانغو	cldr-language	https://raw.githubusercontent.com/unicode-org/cldr-json/48.2.1/cldr-json/cldr-localenames-full/main/ar/languages.json	2026-09-20	469d4b540f4a50c127a88c5b1e2bceac289d3a54b01dc2fbb9375c60470adf62	languages	world	Unicode-3.0	localeDisplayNames/languages/sbp
Sardinian	السردينية	cldr-language	https://raw.githubusercontent.com/unicode-org/cldr-json/48.2.1/cldr-json/cldr-localenames-full/main/ar/languages.json	2026-09-20	469d4b540f4a50c127a88c5b1e2bceac289d3a54b01dc2fbb9375c60470adf62	languages	world	Unicode-3.0	localeDisplayNames/languages/sc
Sicilian	الصقلية	cldr-language	https://raw.githubusercontent.com/unicode-org/cldr-json/48.2.1/cldr-json/cldr-localenames-full/main/ar/languages.json	2026-09-20	469d4b540f4a50c127a88c5b1e2bceac289d3a54b01dc2fbb9375c60470adf62	languages	world	Unicode-3.0	localeDisplayNames/languages/scn
Scots	الأسكتلندية	cldr-language	https://raw.githubusercontent.com/unicode-org/cldr-json/48.2.1/cldr-json/cldr-localenames-full/main/ar/languages.json	2026-09-20	469d4b540f4a50c127a88c5b1e2bceac289d3a54b01dc2fbb9375c60470adf62	languages	world	Unicode-3.0	localeDisplayNames/languages/sco
Sindhi	السندية	cldr-language	https://raw.githubusercontent.com/unicode-org/cldr-json/48.2.1/cldr-json/cldr-localenames-full/main/ar/languages.json	2026-09-20	469d4b540f4a50c127a88c5b1e2bceac289d3a54b01dc2fbb9375c60470adf62	languages	world	Unicode-3.0	localeDisplayNames/languages/sd
Southern Kurdish	الكردية الجنوبية	cldr-language	https://raw.githubusercontent.com/unicode-org/cldr-json/48.2.1/cldr-json/cldr-localenames-full/main/ar/languages.json	2026-09-20	469d4b540f4a50c127a88c5b1e2bceac289d3a54b01dc2fbb9375c60470adf62	languages	world	Unicode-3.0	localeDisplayNames/languages/sdh
Northern Sami	سامي الشمالية	cldr-language	https://raw.githubusercontent.com/unicode-org/cldr-json/48.2.1/cldr-json/cldr-localenames-full/main/ar/languages.json	2026-09-20	469d4b540f4a50c127a88c5b1e2bceac289d3a54b01dc2fbb9375c60470adf62	languages	world	Unicode-3.0	localeDisplayNames/languages/se
Seneca	السنيكا	cldr-language	https://raw.githubusercontent.com/unicode-org/cldr-json/48.2.1/cldr-json/cldr-localenames-full/main/ar/languages.json	2026-09-20	469d4b540f4a50c127a88c5b1e2bceac289d3a54b01dc2fbb9375c60470adf62	languages	world	Unicode-3.0	localeDisplayNames/languages/see
Sena	سينا	cldr-language	https://raw.githubusercontent.com/unicode-org/cldr-json/48.2.1/cldr-json/cldr-localenames-full/main/ar/languages.json	2026-09-20	469d4b540f4a50c127a88c5b1e2bceac289d3a54b01dc2fbb9375c60470adf62	languages	world	Unicode-3.0	localeDisplayNames/languages/seh
Selkup	السيلكب	cldr-language	https://raw.githubusercontent.com/unicode-org/cldr-json/48.2.1/cldr-json/cldr-localenames-full/main/ar/languages.json	2026-09-20	469d4b540f4a50c127a88c5b1e2bceac289d3a54b01dc2fbb9375c60470adf62	languages	world	Unicode-3.0	localeDisplayNames/languages/sel
Koyraboro Senni	كويرابورو سيني	cldr-language	https://raw.githubusercontent.com/unicode-org/cldr-json/48.2.1/cldr-json/cldr-localenames-full/main/ar/languages.json	2026-09-20	469d4b540f4a50c127a88c5b1e2bceac289d3a54b01dc2fbb9375c60470adf62	languages	world	Unicode-3.0	localeDisplayNames/languages/ses
Sango	السانجو	cldr-language	https://raw.githubusercontent.com/unicode-org/cldr-json/48.2.1/cldr-json/cldr-localenames-full/main/ar/languages.json	2026-09-20	469d4b540f4a50c127a88c5b1e2bceac289d3a54b01dc2fbb9375c60470adf62	languages	world	Unicode-3.0	localeDisplayNames/languages/sg
Old Irish	الأيرلندية القديمة	cldr-language	https://raw.githubusercontent.com/unicode-org/cldr-json/48.2.1/cldr-json/cldr-localenames-full/main/ar/languages.json	2026-09-20	469d4b540f4a50c127a88c5b1e2bceac289d3a54b01dc2fbb9375c60470adf62	languages	world	Unicode-3.0	localeDisplayNames/languages/sga
Serbo-Croatian	صربية-كرواتية	cldr-language	https://raw.githubusercontent.com/unicode-org/cldr-json/48.2.1/cldr-json/cldr-localenames-full/main/ar/languages.json	2026-09-20	469d4b540f4a50c127a88c5b1e2bceac289d3a54b01dc2fbb9375c60470adf62	languages	world	Unicode-3.0	localeDisplayNames/languages/sh
Tachelhit	تشلحيت	cldr-language	https://raw.githubusercontent.com/unicode-org/cldr-json/48.2.1/cldr-json/cldr-localenames-full/main/ar/languages.json	2026-09-20	469d4b540f4a50c127a88c5b1e2bceac289d3a54b01dc2fbb9375c60470adf62	languages	world	Unicode-3.0	localeDisplayNames/languages/shi
Shan	الشان	cldr-language	https://raw.githubusercontent.com/unicode-org/cldr-json/48.2.1/cldr-json/cldr-localenames-full/main/ar/languages.json	2026-09-20	469d4b540f4a50c127a88c5b1e2bceac289d3a54b01dc2fbb9375c60470adf62	languages	world	Unicode-3.0	localeDisplayNames/languages/shn
Chadian Arabic	العربية التشادية	cldr-language	https://raw.githubusercontent.com/unicode-org/cldr-json/48.2.1/cldr-json/cldr-localenames-full/main/ar/languages.json	2026-09-20	469d4b540f4a50c127a88c5b1e2bceac289d3a54b01dc2fbb9375c60470adf62	languages	world	Unicode-3.0	localeDisplayNames/languages/shu
Sinhala	السنهالية	cldr-language	https://raw.githubusercontent.com/unicode-org/cldr-json/48.2.1/cldr-json/cldr-localenames-full/main/ar/languages.json	2026-09-20	469d4b540f4a50c127a88c5b1e2bceac289d3a54b01dc2fbb9375c60470adf62	languages	world	Unicode-3.0	localeDisplayNames/languages/si
Sidamo	السيدامو	cldr-language	https://raw.githubusercontent.com/unicode-org/cldr-json/48.2.1/cldr-json/cldr-localenames-full/main/ar/languages.json	2026-09-20	469d4b540f4a50c127a88c5b1e2bceac289d3a54b01dc2fbb9375c60470adf62	languages	world	Unicode-3.0	localeDisplayNames/languages/sid
Slovak	السلوفاكية	cldr-language	https://raw.githubusercontent.com/unicode-org/cldr-json/48.2.1/cldr-json/cldr-localenames-full/main/ar/languages.json	2026-09-20	469d4b540f4a50c127a88c5b1e2bceac289d3a54b01dc2fbb9375c60470adf62	languages	world	Unicode-3.0	localeDisplayNames/languages/sk
Slovenian	السلوفانية	cldr-language	https://raw.githubusercontent.com/unicode-org/cldr-json/48.2.1/cldr-json/cldr-localenames-full/main/ar/languages.json	2026-09-20	469d4b540f4a50c127a88c5b1e2bceac289d3a54b01dc2fbb9375c60470adf62	languages	world	Unicode-3.0	localeDisplayNames/languages/sl
Southern Lushootseed	لوشوتسيد الجنوبية	cldr-language	https://raw.githubusercontent.com/unicode-org/cldr-json/48.2.1/cldr-json/cldr-localenames-full/main/ar/languages.json	2026-09-20	469d4b540f4a50c127a88c5b1e2bceac289d3a54b01dc2fbb9375c60470adf62	languages	world	Unicode-3.0	localeDisplayNames/languages/slh
Samoan	الساموائية	cldr-language	https://raw.githubusercontent.com/unicode-org/cldr-json/48.2.1/cldr-json/cldr-localenames-full/main/ar/languages.json	2026-09-20	469d4b540f4a50c127a88c5b1e2bceac289d3a54b01dc2fbb9375c60470adf62	languages	world	Unicode-3.0	localeDisplayNames/languages/sm
Southern Sami	السامي الجنوبي	cldr-language	https://raw.githubusercontent.com/unicode-org/cldr-json/48.2.1/cldr-json/cldr-localenames-full/main/ar/languages.json	2026-09-20	469d4b540f4a50c127a88c5b1e2bceac289d3a54b01dc2fbb9375c60470adf62	languages	world	Unicode-3.0	localeDisplayNames/languages/sma
Lule Sami	السامي لولي	cldr-language	https://raw.githubusercontent.com/unicode-org/cldr-json/48.2.1/cldr-json/cldr-localenames-full/main/ar/languages.json	2026-09-20	469d4b540f4a50c127a88c5b1e2bceac289d3a54b01dc2fbb9375c60470adf62	languages	world	Unicode-3.0	localeDisplayNames/languages/smj
Inari Sami	الإيناري سامي	cldr-language	https://raw.githubusercontent.com/unicode-org/cldr-json/48.2.1/cldr-json/cldr-localenames-full/main/ar/languages.json	2026-09-20	469d4b540f4a50c127a88c5b1e2bceac289d3a54b01dc2fbb9375c60470adf62	languages	world	Unicode-3.0	localeDisplayNames/languages/smn
Skolt Sami	السكولت سامي	cldr-language	https://raw.githubusercontent.com/unicode-org/cldr-json/48.2.1/cldr-json/cldr-localenames-full/main/ar/languages.json	2026-09-20	469d4b540f4a50c127a88c5b1e2bceac289d3a54b01dc2fbb9375c60470adf62	languages	world	Unicode-3.0	localeDisplayNames/languages/sms
Shona	الشونا	cldr-language	https://raw.githubusercontent.com/unicode-org/cldr-json/48.2.1/cldr-json/cldr-localenames-full/main/ar/languages.json	2026-09-20	469d4b540f4a50c127a88c5b1e2bceac289d3a54b01dc2fbb9375c60470adf62	languages	world	Unicode-3.0	localeDisplayNames/languages/sn
Soninke	السونينك	cldr-language	https://raw.githubusercontent.com/unicode-org/cldr-json/48.2.1/cldr-json/cldr-localenames-full/main/ar/languages.json	2026-09-20	469d4b540f4a50c127a88c5b1e2bceac289d3a54b01dc2fbb9375c60470adf62	languages	world	Unicode-3.0	localeDisplayNames/languages/snk
Somali	الصومالية	cldr-language	https://raw.githubusercontent.com/unicode-org/cldr-json/48.2.1/cldr-json/cldr-localenames-full/main/ar/languages.json	2026-09-20	469d4b540f4a50c127a88c5b1e2bceac289d3a54b01dc2fbb9375c60470adf62	languages	world	Unicode-3.0	localeDisplayNames/languages/so
Sogdien	السوجدين	cldr-language	https://raw.githubusercontent.com/unicode-org/cldr-json/48.2.1/cldr-json/cldr-localenames-full/main/ar/languages.json	2026-09-20	469d4b540f4a50c127a88c5b1e2bceac289d3a54b01dc2fbb9375c60470adf62	languages	world	Unicode-3.0	localeDisplayNames/languages/sog
Albanian	الألبانية	cldr-language	https://raw.githubusercontent.com/unicode-org/cldr-json/48.2.1/cldr-json/cldr-localenames-full/main/ar/languages.json	2026-09-20	469d4b540f4a50c127a88c5b1e2bceac289d3a54b01dc2fbb9375c60470adf62	languages	world	Unicode-3.0	localeDisplayNames/languages/sq
Serbian	الصربية	cldr-language	https://raw.githubusercontent.com/unicode-org/cldr-json/48.2.1/cldr-json/cldr-localenames-full/main/ar/languages.json	2026-09-20	469d4b540f4a50c127a88c5b1e2bceac289d3a54b01dc2fbb9375c60470adf62	languages	world	Unicode-3.0	localeDisplayNames/languages/sr
Sranan Tongo	السرانان تونجو	cldr-language	https://raw.githubusercontent.com/unicode-org/cldr-json/48.2.1/cldr-json/cldr-localenames-full/main/ar/languages.json	2026-09-20	469d4b540f4a50c127a88c5b1e2bceac289d3a54b01dc2fbb9375c60470adf62	languages	world	Unicode-3.0	localeDisplayNames/languages/srn
Serer	السرر	cldr-language	https://raw.githubusercontent.com/unicode-org/cldr-json/48.2.1/cldr-json/cldr-localenames-full/main/ar/languages.json	2026-09-20	469d4b540f4a50c127a88c5b1e2bceac289d3a54b01dc2fbb9375c60470adf62	languages	world	Unicode-3.0	localeDisplayNames/languages/srr
Swati	السواتي	cldr-language	https://raw.githubusercontent.com/unicode-org/cldr-json/48.2.1/cldr-json/cldr-localenames-full/main/ar/languages.json	2026-09-20	469d4b540f4a50c127a88c5b1e2bceac289d3a54b01dc2fbb9375c60470adf62	languages	world	Unicode-3.0	localeDisplayNames/languages/ss
Saho	لغة الساهو	cldr-language	https://raw.githubusercontent.com/unicode-org/cldr-json/48.2.1/cldr-json/cldr-localenames-full/main/ar/languages.json	2026-09-20	469d4b540f4a50c127a88c5b1e2bceac289d3a54b01dc2fbb9375c60470adf62	languages	world	Unicode-3.0	localeDisplayNames/languages/ssy
Southern Sotho	السوتو الجنوبية	cldr-language	https://raw.githubusercontent.com/unicode-org/cldr-json/48.2.1/cldr-json/cldr-localenames-full/main/ar/languages.json	2026-09-20	469d4b540f4a50c127a88c5b1e2bceac289d3a54b01dc2fbb9375c60470adf62	languages	world	Unicode-3.0	localeDisplayNames/languages/st
Straits Salish	سترايتس ساليش	cldr-language	https://raw.githubusercontent.com/unicode-org/cldr-json/48.2.1/cldr-json/cldr-localenames-full/main/ar/languages.json	2026-09-20	469d4b540f4a50c127a88c5b1e2bceac289d3a54b01dc2fbb9375c60470adf62	languages	world	Unicode-3.0	localeDisplayNames/languages/str
Sundanese	السوندانية	cldr-language	https://raw.githubusercontent.com/unicode-org/cldr-json/48.2.1/cldr-json/cldr-localenames-full/main/ar/languages.json	2026-09-20	469d4b540f4a50c127a88c5b1e2bceac289d3a54b01dc2fbb9375c60470adf62	languages	world	Unicode-3.0	localeDisplayNames/languages/su
Sukuma	السوكوما	cldr-language	https://raw.githubusercontent.com/unicode-org/cldr-json/48.2.1/cldr-json/cldr-localenames-full/main/ar/languages.json	2026-09-20	469d4b540f4a50c127a88c5b1e2bceac289d3a54b01dc2fbb9375c60470adf62	languages	world	Unicode-3.0	localeDisplayNames/languages/suk
Susu	السوسو	cldr-language	https://raw.githubusercontent.com/unicode-org/cldr-json/48.2.1/cldr-json/cldr-localenames-full/main/ar/languages.json	2026-09-20	469d4b540f4a50c127a88c5b1e2bceac289d3a54b01dc2fbb9375c60470adf62	languages	world	Unicode-3.0	localeDisplayNames/languages/sus
Sumerian	السومارية	cldr-language	https://raw.githubusercontent.com/unicode-org/cldr-json/48.2.1/cldr-json/cldr-localenames-full/main/ar/languages.json	2026-09-20	469d4b540f4a50c127a88c5b1e2bceac289d3a54b01dc2fbb9375c60470adf62	languages	world	Unicode-3.0	localeDisplayNames/languages/sux
Swedish	السويدية	cldr-language	https://raw.githubusercontent.com/unicode-org/cldr-json/48.2.1/cldr-json/cldr-localenames-full/main/ar/languages.json	2026-09-20	469d4b540f4a50c127a88c5b1e2bceac289d3a54b01dc2fbb9375c60470adf62	languages	world	Unicode-3.0	localeDisplayNames/languages/sv
Swahili	السواحلية	cldr-language	https://raw.githubusercontent.com/unicode-org/cldr-json/48.2.1/cldr-json/cldr-localenames-full/main/ar/languages.json	2026-09-20	469d4b540f4a50c127a88c5b1e2bceac289d3a54b01dc2fbb9375c60470adf62	languages	world	Unicode-3.0	localeDisplayNames/languages/sw
Congo Swahili	الكونغو السواحلية	cldr-language	https://raw.githubusercontent.com/unicode-org/cldr-json/48.2.1/cldr-json/cldr-localenames-full/main/ar/languages.json	2026-09-20	469d4b540f4a50c127a88c5b1e2bceac289d3a54b01dc2fbb9375c60470adf62	languages	world	Unicode-3.0	localeDisplayNames/languages/sw-CD
Comorian	القمرية	cldr-language	https://raw.githubusercontent.com/unicode-org/cldr-json/48.2.1/cldr-json/cldr-localenames-full/main/ar/languages.json	2026-09-20	469d4b540f4a50c127a88c5b1e2bceac289d3a54b01dc2fbb9375c60470adf62	languages	world	Unicode-3.0	localeDisplayNames/languages/swb
Classical Syriac	سريانية تقليدية	cldr-language	https://raw.githubusercontent.com/unicode-org/cldr-json/48.2.1/cldr-json/cldr-localenames-full/main/ar/languages.json	2026-09-20	469d4b540f4a50c127a88c5b1e2bceac289d3a54b01dc2fbb9375c60470adf62	languages	world	Unicode-3.0	localeDisplayNames/languages/syc
Syriac	السريانية	cldr-language	https://raw.githubusercontent.com/unicode-org/cldr-json/48.2.1/cldr-json/cldr-localenames-full/main/ar/languages.json	2026-09-20	469d4b540f4a50c127a88c5b1e2bceac289d3a54b01dc2fbb9375c60470adf62	languages	world	Unicode-3.0	localeDisplayNames/languages/syr
Silesian	السيليزية	cldr-language	https://raw.githubusercontent.com/unicode-org/cldr-json/48.2.1/cldr-json/cldr-localenames-full/main/ar/languages.json	2026-09-20	469d4b540f4a50c127a88c5b1e2bceac289d3a54b01dc2fbb9375c60470adf62	languages	world	Unicode-3.0	localeDisplayNames/languages/szl
Tamil	التاميلية	cldr-language	https://raw.githubusercontent.com/unicode-org/cldr-json/48.2.1/cldr-json/cldr-localenames-full/main/ar/languages.json	2026-09-20	469d4b540f4a50c127a88c5b1e2bceac289d3a54b01dc2fbb9375c60470adf62	languages	world	Unicode-3.0	localeDisplayNames/languages/ta
Southern Tutchone	التوتشون الجنوبية	cldr-language	https://raw.githubusercontent.com/unicode-org/cldr-json/48.2.1/cldr-json/cldr-localenames-full/main/ar/languages.json	2026-09-20	469d4b540f4a50c127a88c5b1e2bceac289d3a54b01dc2fbb9375c60470adf62	languages	world	Unicode-3.0	localeDisplayNames/languages/tce
Telugu	التيلوغوية	cldr-language	https://raw.githubusercontent.com/unicode-org/cldr-json/48.2.1/cldr-json/cldr-localenames-full/main/ar/languages.json	2026-09-20	469d4b540f4a50c127a88c5b1e2bceac289d3a54b01dc2fbb9375c60470adf62	languages	world	Unicode-3.0	localeDisplayNames/languages/te
Timne	التيمن	cldr-language	https://raw.githubusercontent.com/unicode-org/cldr-json/48.2.1/cldr-json/cldr-localenames-full/main/ar/languages.json	2026-09-20	469d4b540f4a50c127a88c5b1e2bceac289d3a54b01dc2fbb9375c60470adf62	languages	world	Unicode-3.0	localeDisplayNames/languages/tem
Teso	تيسو	cldr-language	https://raw.githubusercontent.com/unicode-org/cldr-json/48.2.1/cldr-json/cldr-localenames-full/main/ar/languages.json	2026-09-20	469d4b540f4a50c127a88c5b1e2bceac289d3a54b01dc2fbb9375c60470adf62	languages	world	Unicode-3.0	localeDisplayNames/languages/teo
Tereno	التيرينو	cldr-language	https://raw.githubusercontent.com/unicode-org/cldr-json/48.2.1/cldr-json/cldr-localenames-full/main/ar/languages.json	2026-09-20	469d4b540f4a50c127a88c5b1e2bceac289d3a54b01dc2fbb9375c60470adf62	languages	world	Unicode-3.0	localeDisplayNames/languages/ter
Tetum	التيتم	cldr-language	https://raw.githubusercontent.com/unicode-org/cldr-json/48.2.1/cldr-json/cldr-localenames-full/main/ar/languages.json	2026-09-20	469d4b540f4a50c127a88c5b1e2bceac289d3a54b01dc2fbb9375c60470adf62	languages	world	Unicode-3.0	localeDisplayNames/languages/tet
Tajik	الطاجيكية	cldr-language	https://raw.githubusercontent.com/unicode-org/cldr-json/48.2.1/cldr-json/cldr-localenames-full/main/ar/languages.json	2026-09-20	469d4b540f4a50c127a88c5b1e2bceac289d3a54b01dc2fbb9375c60470adf62	languages	world	Unicode-3.0	localeDisplayNames/languages/tg
Tagish	التاغيش	cldr-language	https://raw.githubusercontent.com/unicode-org/cldr-json/48.2.1/cldr-json/cldr-localenames-full/main/ar/languages.json	2026-09-20	469d4b540f4a50c127a88c5b1e2bceac289d3a54b01dc2fbb9375c60470adf62	languages	world	Unicode-3.0	localeDisplayNames/languages/tgx
Thai	التايلاندية	cldr-language	https://raw.githubusercontent.com/unicode-org/cldr-json/48.2.1/cldr-json/cldr-localenames-full/main/ar/languages.json	2026-09-20	469d4b540f4a50c127a88c5b1e2bceac289d3a54b01dc2fbb9375c60470adf62	languages	world	Unicode-3.0	localeDisplayNames/languages/th
Tahltan	التالتان	cldr-language	https://raw.githubusercontent.com/unicode-org/cldr-json/48.2.1/cldr-json/cldr-localenames-full/main/ar/languages.json	2026-09-20	469d4b540f4a50c127a88c5b1e2bceac289d3a54b01dc2fbb9375c60470adf62	languages	world	Unicode-3.0	localeDisplayNames/languages/tht
Tigrinya	التغرينية	cldr-language	https://raw.githubusercontent.com/unicode-org/cldr-json/48.2.1/cldr-json/cldr-localenames-full/main/ar/languages.json	2026-09-20	469d4b540f4a50c127a88c5b1e2bceac289d3a54b01dc2fbb9375c60470adf62	languages	world	Unicode-3.0	localeDisplayNames/languages/ti
Tigre	التيغرية	cldr-language	https://raw.githubusercontent.com/unicode-org/cldr-json/48.2.1/cldr-json/cldr-localenames-full/main/ar/languages.json	2026-09-20	469d4b540f4a50c127a88c5b1e2bceac289d3a54b01dc2fbb9375c60470adf62	languages	world	Unicode-3.0	localeDisplayNames/languages/tig
Tiv	التيف	cldr-language	https://raw.githubusercontent.com/unicode-org/cldr-json/48.2.1/cldr-json/cldr-localenames-full/main/ar/languages.json	2026-09-20	469d4b540f4a50c127a88c5b1e2bceac289d3a54b01dc2fbb9375c60470adf62	languages	world	Unicode-3.0	localeDisplayNames/languages/tiv
Turkmen	التركمانية	cldr-language	https://raw.githubusercontent.com/unicode-org/cldr-json/48.2.1/cldr-json/cldr-localenames-full/main/ar/languages.json	2026-09-20	469d4b540f4a50c127a88c5b1e2bceac289d3a54b01dc2fbb9375c60470adf62	languages	world	Unicode-3.0	localeDisplayNames/languages/tk
Tokelauan	التوكيلاو	cldr-language	https://raw.githubusercontent.com/unicode-org/cldr-json/48.2.1/cldr-json/cldr-localenames-full/main/ar/languages.json	2026-09-20	469d4b540f4a50c127a88c5b1e2bceac289d3a54b01dc2fbb9375c60470adf62	languages	world	Unicode-3.0	localeDisplayNames/languages/tkl
Tagalog	التاغالوغية	cldr-language	https://raw.githubusercontent.com/unicode-org/cldr-json/48.2.1/cldr-json/cldr-localenames-full/main/ar/languages.json	2026-09-20	469d4b540f4a50c127a88c5b1e2bceac289d3a54b01dc2fbb9375c60470adf62	languages	world	Unicode-3.0	localeDisplayNames/languages/tl
Klingon	الكلينجون	cldr-language	https://raw.githubusercontent.com/unicode-org/cldr-json/48.2.1/cldr-json/cldr-localenames-full/main/ar/languages.json	2026-09-20	469d4b540f4a50c127a88c5b1e2bceac289d3a54b01dc2fbb9375c60470adf62	languages	world	Unicode-3.0	localeDisplayNames/languages/tlh
Tlingit	التلينغيتية	cldr-language	https://raw.githubusercontent.com/unicode-org/cldr-json/48.2.1/cldr-json/cldr-localenames-full/main/ar/languages.json	2026-09-20	469d4b540f4a50c127a88c5b1e2bceac289d3a54b01dc2fbb9375c60470adf62	languages	world	Unicode-3.0	localeDisplayNames/languages/tli
Tamashek	التاماشيك	cldr-language	https://raw.githubusercontent.com/unicode-org/cldr-json/48.2.1/cldr-json/cldr-localenames-full/main/ar/languages.json	2026-09-20	469d4b540f4a50c127a88c5b1e2bceac289d3a54b01dc2fbb9375c60470adf62	languages	world	Unicode-3.0	localeDisplayNames/languages/tmh
Tswana	التسوانية	cldr-language	https://raw.githubusercontent.com/unicode-org/cldr-json/48.2.1/cldr-json/cldr-localenames-full/main/ar/languages.json	2026-09-20	469d4b540f4a50c127a88c5b1e2bceac289d3a54b01dc2fbb9375c60470adf62	languages	world	Unicode-3.0	localeDisplayNames/languages/tn
Tongan	التونغية	cldr-language	https://raw.githubusercontent.com/unicode-org/cldr-json/48.2.1/cldr-json/cldr-localenames-full/main/ar/languages.json	2026-09-20	469d4b540f4a50c127a88c5b1e2bceac289d3a54b01dc2fbb9375c60470adf62	languages	world	Unicode-3.0	localeDisplayNames/languages/to
Nyasa Tonga	تونجا - نياسا	cldr-language	https://raw.githubusercontent.com/unicode-org/cldr-json/48.2.1/cldr-json/cldr-localenames-full/main/ar/languages.json	2026-09-20	469d4b540f4a50c127a88c5b1e2bceac289d3a54b01dc2fbb9375c60470adf62	languages	world	Unicode-3.0	localeDisplayNames/languages/tog
Toki Pona	التوكي-بونا	cldr-language	https://raw.githubusercontent.com/unicode-org/cldr-json/48.2.1/cldr-json/cldr-localenames-full/main/ar/languages.json	2026-09-20	469d4b540f4a50c127a88c5b1e2bceac289d3a54b01dc2fbb9375c60470adf62	languages	world	Unicode-3.0	localeDisplayNames/languages/tok
Tok Pisin	التوك بيسين	cldr-language	https://raw.githubusercontent.com/unicode-org/cldr-json/48.2.1/cldr-json/cldr-localenames-full/main/ar/languages.json	2026-09-20	469d4b540f4a50c127a88c5b1e2bceac289d3a54b01dc2fbb9375c60470adf62	languages	world	Unicode-3.0	localeDisplayNames/languages/tpi
Turkish	التركية	cldr-language	https://raw.githubusercontent.com/unicode-org/cldr-json/48.2.1/cldr-json/cldr-localenames-full/main/ar/languages.json	2026-09-20	469d4b540f4a50c127a88c5b1e2bceac289d3a54b01dc2fbb9375c60470adf62	languages	world	Unicode-3.0	localeDisplayNames/languages/tr
Taroko	لغة التاروكو	cldr-language	https://raw.githubusercontent.com/unicode-org/cldr-json/48.2.1/cldr-json/cldr-localenames-full/main/ar/languages.json	2026-09-20	469d4b540f4a50c127a88c5b1e2bceac289d3a54b01dc2fbb9375c60470adf62	languages	world	Unicode-3.0	localeDisplayNames/languages/trv
Tsonga	السونجا	cldr-language	https://raw.githubusercontent.com/unicode-org/cldr-json/48.2.1/cldr-json/cldr-localenames-full/main/ar/languages.json	2026-09-20	469d4b540f4a50c127a88c5b1e2bceac289d3a54b01dc2fbb9375c60470adf62	languages	world	Unicode-3.0	localeDisplayNames/languages/ts
Tsimshian	التسيمشيان	cldr-language	https://raw.githubusercontent.com/unicode-org/cldr-json/48.2.1/cldr-json/cldr-localenames-full/main/ar/languages.json	2026-09-20	469d4b540f4a50c127a88c5b1e2bceac289d3a54b01dc2fbb9375c60470adf62	languages	world	Unicode-3.0	localeDisplayNames/languages/tsi
Tatar	التترية	cldr-language	https://raw.githubusercontent.com/unicode-org/cldr-json/48.2.1/cldr-json/cldr-localenames-full/main/ar/languages.json	2026-09-20	469d4b540f4a50c127a88c5b1e2bceac289d3a54b01dc2fbb9375c60470adf62	languages	world	Unicode-3.0	localeDisplayNames/languages/tt
Northern Tutchone	التوتشون الشمالية	cldr-language	https://raw.githubusercontent.com/unicode-org/cldr-json/48.2.1/cldr-json/cldr-localenames-full/main/ar/languages.json	2026-09-20	469d4b540f4a50c127a88c5b1e2bceac289d3a54b01dc2fbb9375c60470adf62	languages	world	Unicode-3.0	localeDisplayNames/languages/ttm
Tumbuka	التامبوكا	cldr-language	https://raw.githubusercontent.com/unicode-org/cldr-json/48.2.1/cldr-json/cldr-localenames-full/main/ar/languages.json	2026-09-20	469d4b540f4a50c127a88c5b1e2bceac289d3a54b01dc2fbb9375c60470adf62	languages	world	Unicode-3.0	localeDisplayNames/languages/tum
Tuvalu	التوفالو	cldr-language	https://raw.githubusercontent.com/unicode-org/cldr-json/48.2.1/cldr-json/cldr-localenames-full/main/ar/languages.json	2026-09-20	469d4b540f4a50c127a88c5b1e2bceac289d3a54b01dc2fbb9375c60470adf62	languages	world	Unicode-3.0	localeDisplayNames/languages/tvl
Twi	التوي	cldr-language	https://raw.githubusercontent.com/unicode-org/cldr-json/48.2.1/cldr-json/cldr-localenames-full/main/ar/languages.json	2026-09-20	469d4b540f4a50c127a88c5b1e2bceac289d3a54b01dc2fbb9375c60470adf62	languages	world	Unicode-3.0	localeDisplayNames/languages/tw
Tasawaq	تاساواق	cldr-language	https://raw.githubusercontent.com/unicode-org/cldr-json/48.2.1/cldr-json/cldr-localenames-full/main/ar/languages.json	2026-09-20	469d4b540f4a50c127a88c5b1e2bceac289d3a54b01dc2fbb9375c60470adf62	languages	world	Unicode-3.0	localeDisplayNames/languages/twq
Tahitian	التاهيتية	cldr-language	https://raw.githubusercontent.com/unicode-org/cldr-json/48.2.1/cldr-json/cldr-localenames-full/main/ar/languages.json	2026-09-20	469d4b540f4a50c127a88c5b1e2bceac289d3a54b01dc2fbb9375c60470adf62	languages	world	Unicode-3.0	localeDisplayNames/languages/ty
Tuvinian	التوفية	cldr-language	https://raw.githubusercontent.com/unicode-org/cldr-json/48.2.1/cldr-json/cldr-localenames-full/main/ar/languages.json	2026-09-20	469d4b540f4a50c127a88c5b1e2bceac289d3a54b01dc2fbb9375c60470adf62	languages	world	Unicode-3.0	localeDisplayNames/languages/tyv
Central Atlas Tamazight	الأمازيغية وسط الأطلس	cldr-language	https://raw.githubusercontent.com/unicode-org/cldr-json/48.2.1/cldr-json/cldr-localenames-full/main/ar/languages.json	2026-09-20	469d4b540f4a50c127a88c5b1e2bceac289d3a54b01dc2fbb9375c60470adf62	languages	world	Unicode-3.0	localeDisplayNames/languages/tzm
Udmurt	الأدمرت	cldr-language	https://raw.githubusercontent.com/unicode-org/cldr-json/48.2.1/cldr-json/cldr-localenames-full/main/ar/languages.json	2026-09-20	469d4b540f4a50c127a88c5b1e2bceac289d3a54b01dc2fbb9375c60470adf62	languages	world	Unicode-3.0	localeDisplayNames/languages/udm
Uyghur	الأويغورية	cldr-language	https://raw.githubusercontent.com/unicode-org/cldr-json/48.2.1/cldr-json/cldr-localenames-full/main/ar/languages.json	2026-09-20	469d4b540f4a50c127a88c5b1e2bceac289d3a54b01dc2fbb9375c60470adf62	languages	world	Unicode-3.0	localeDisplayNames/languages/ug
Uighur	الأيغورية	cldr-language	https://raw.githubusercontent.com/unicode-org/cldr-json/48.2.1/cldr-json/cldr-localenames-full/main/ar/languages.json	2026-09-20	469d4b540f4a50c127a88c5b1e2bceac289d3a54b01dc2fbb9375c60470adf62	languages	world	Unicode-3.0	localeDisplayNames/languages/ug-alt-variant
Ugaritic	اليجاريتيك	cldr-language	https://raw.githubusercontent.com/unicode-org/cldr-json/48.2.1/cldr-json/cldr-localenames-full/main/ar/languages.json	2026-09-20	469d4b540f4a50c127a88c5b1e2bceac289d3a54b01dc2fbb9375c60470adf62	languages	world	Unicode-3.0	localeDisplayNames/languages/uga
Ukrainian	الأوكرانية	cldr-language	https://raw.githubusercontent.com/unicode-org/cldr-json/48.2.1/cldr-json/cldr-localenames-full/main/ar/languages.json	2026-09-20	469d4b540f4a50c127a88c5b1e2bceac289d3a54b01dc2fbb9375c60470adf62	languages	world	Unicode-3.0	localeDisplayNames/languages/uk
Umbundu	الأمبندو	cldr-language	https://raw.githubusercontent.com/unicode-org/cldr-json/48.2.1/cldr-json/cldr-localenames-full/main/ar/languages.json	2026-09-20	469d4b540f4a50c127a88c5b1e2bceac289d3a54b01dc2fbb9375c60470adf62	languages	world	Unicode-3.0	localeDisplayNames/languages/umb
Unknown language	لغة غير معروفة	cldr-language	https://raw.githubusercontent.com/unicode-org/cldr-json/48.2.1/cldr-json/cldr-localenames-full/main/ar/languages.json	2026-09-20	469d4b540f4a50c127a88c5b1e2bceac289d3a54b01dc2fbb9375c60470adf62	languages	world	Unicode-3.0	localeDisplayNames/languages/und
Urdu	الأوردية	cldr-language	https://raw.githubusercontent.com/unicode-org/cldr-json/48.2.1/cldr-json/cldr-localenames-full/main/ar/languages.json	2026-09-20	469d4b540f4a50c127a88c5b1e2bceac289d3a54b01dc2fbb9375c60470adf62	languages	world	Unicode-3.0	localeDisplayNames/languages/ur
Uzbek	الأوزبكية	cldr-language	https://raw.githubusercontent.com/unicode-org/cldr-json/48.2.1/cldr-json/cldr-localenames-full/main/ar/languages.json	2026-09-20	469d4b540f4a50c127a88c5b1e2bceac289d3a54b01dc2fbb9375c60470adf62	languages	world	Unicode-3.0	localeDisplayNames/languages/uz
Vai	الفاي	cldr-language	https://raw.githubusercontent.com/unicode-org/cldr-json/48.2.1/cldr-json/cldr-localenames-full/main/ar/languages.json	2026-09-20	469d4b540f4a50c127a88c5b1e2bceac289d3a54b01dc2fbb9375c60470adf62	languages	world	Unicode-3.0	localeDisplayNames/languages/vai
Venda	الفيندا	cldr-language	https://raw.githubusercontent.com/unicode-org/cldr-json/48.2.1/cldr-json/cldr-localenames-full/main/ar/languages.json	2026-09-20	469d4b540f4a50c127a88c5b1e2bceac289d3a54b01dc2fbb9375c60470adf62	languages	world	Unicode-3.0	localeDisplayNames/languages/ve
Venetian	البندقية	cldr-language	https://raw.githubusercontent.com/unicode-org/cldr-json/48.2.1/cldr-json/cldr-localenames-full/main/ar/languages.json	2026-09-20	469d4b540f4a50c127a88c5b1e2bceac289d3a54b01dc2fbb9375c60470adf62	languages	world	Unicode-3.0	localeDisplayNames/languages/vec
Vietnamese	الفيتنامية	cldr-language	https://raw.githubusercontent.com/unicode-org/cldr-json/48.2.1/cldr-json/cldr-localenames-full/main/ar/languages.json	2026-09-20	469d4b540f4a50c127a88c5b1e2bceac289d3a54b01dc2fbb9375c60470adf62	languages	world	Unicode-3.0	localeDisplayNames/languages/vi
Makhuwa	الماكوا	cldr-language	https://raw.githubusercontent.com/unicode-org/cldr-json/48.2.1/cldr-json/cldr-localenames-full/main/ar/languages.json	2026-09-20	469d4b540f4a50c127a88c5b1e2bceac289d3a54b01dc2fbb9375c60470adf62	languages	world	Unicode-3.0	localeDisplayNames/languages/vmw
Volapük	لغة الفولابوك	cldr-language	https://raw.githubusercontent.com/unicode-org/cldr-json/48.2.1/cldr-json/cldr-localenames-full/main/ar/languages.json	2026-09-20	469d4b540f4a50c127a88c5b1e2bceac289d3a54b01dc2fbb9375c60470adf62	languages	world	Unicode-3.0	localeDisplayNames/languages/vo
Votic	الفوتيك	cldr-language	https://raw.githubusercontent.com/unicode-org/cldr-json/48.2.1/cldr-json/cldr-localenames-full/main/ar/languages.json	2026-09-20	469d4b540f4a50c127a88c5b1e2bceac289d3a54b01dc2fbb9375c60470adf62	languages	world	Unicode-3.0	localeDisplayNames/languages/vot
Vunjo	الفونجو	cldr-language	https://raw.githubusercontent.com/unicode-org/cldr-json/48.2.1/cldr-json/cldr-localenames-full/main/ar/languages.json	2026-09-20	469d4b540f4a50c127a88c5b1e2bceac289d3a54b01dc2fbb9375c60470adf62	languages	world	Unicode-3.0	localeDisplayNames/languages/vun
Walloon	الولونية	cldr-language	https://raw.githubusercontent.com/unicode-org/cldr-json/48.2.1/cldr-json/cldr-localenames-full/main/ar/languages.json	2026-09-20	469d4b540f4a50c127a88c5b1e2bceac289d3a54b01dc2fbb9375c60470adf62	languages	world	Unicode-3.0	localeDisplayNames/languages/wa
Walser	الوالسر	cldr-language	https://raw.githubusercontent.com/unicode-org/cldr-json/48.2.1/cldr-json/cldr-localenames-full/main/ar/languages.json	2026-09-20	469d4b540f4a50c127a88c5b1e2bceac289d3a54b01dc2fbb9375c60470adf62	languages	world	Unicode-3.0	localeDisplayNames/languages/wae
Wolaytta	الولاياتا	cldr-language	https://raw.githubusercontent.com/unicode-org/cldr-json/48.2.1/cldr-json/cldr-localenames-full/main/ar/languages.json	2026-09-20	469d4b540f4a50c127a88c5b1e2bceac289d3a54b01dc2fbb9375c60470adf62	languages	world	Unicode-3.0	localeDisplayNames/languages/wal
Waray	الواراي	cldr-language	https://raw.githubusercontent.com/unicode-org/cldr-json/48.2.1/cldr-json/cldr-localenames-full/main/ar/languages.json	2026-09-20	469d4b540f4a50c127a88c5b1e2bceac289d3a54b01dc2fbb9375c60470adf62	languages	world	Unicode-3.0	localeDisplayNames/languages/war
Washo	الواشو	cldr-language	https://raw.githubusercontent.com/unicode-org/cldr-json/48.2.1/cldr-json/cldr-localenames-full/main/ar/languages.json	2026-09-20	469d4b540f4a50c127a88c5b1e2bceac289d3a54b01dc2fbb9375c60470adf62	languages	world	Unicode-3.0	localeDisplayNames/languages/was
Warlpiri	وارلبيري	cldr-language	https://raw.githubusercontent.com/unicode-org/cldr-json/48.2.1/cldr-json/cldr-localenames-full/main/ar/languages.json	2026-09-20	469d4b540f4a50c127a88c5b1e2bceac289d3a54b01dc2fbb9375c60470adf62	languages	world	Unicode-3.0	localeDisplayNames/languages/wbp
Wolof	الولوفية	cldr-language	https://raw.githubusercontent.com/unicode-org/cldr-json/48.2.1/cldr-json/cldr-localenames-full/main/ar/languages.json	2026-09-20	469d4b540f4a50c127a88c5b1e2bceac289d3a54b01dc2fbb9375c60470adf62	languages	world	Unicode-3.0	localeDisplayNames/languages/wo
Wu Chinese	الوو الصينية	cldr-language	https://raw.githubusercontent.com/unicode-org/cldr-json/48.2.1/cldr-json/cldr-localenames-full/main/ar/languages.json	2026-09-20	469d4b540f4a50c127a88c5b1e2bceac289d3a54b01dc2fbb9375c60470adf62	languages	world	Unicode-3.0	localeDisplayNames/languages/wuu
Kalmyk	الكالميك	cldr-language	https://raw.githubusercontent.com/unicode-org/cldr-json/48.2.1/cldr-json/cldr-localenames-full/main/ar/languages.json	2026-09-20	469d4b540f4a50c127a88c5b1e2bceac289d3a54b01dc2fbb9375c60470adf62	languages	world	Unicode-3.0	localeDisplayNames/languages/xal
Xhosa	الخوسا	cldr-language	https://raw.githubusercontent.com/unicode-org/cldr-json/48.2.1/cldr-json/cldr-localenames-full/main/ar/languages.json	2026-09-20	469d4b540f4a50c127a88c5b1e2bceac289d3a54b01dc2fbb9375c60470adf62	languages	world	Unicode-3.0	localeDisplayNames/languages/xh
Kangri	كانغري	cldr-language	https://raw.githubusercontent.com/unicode-org/cldr-json/48.2.1/cldr-json/cldr-localenames-full/main/ar/languages.json	2026-09-20	469d4b540f4a50c127a88c5b1e2bceac289d3a54b01dc2fbb9375c60470adf62	languages	world	Unicode-3.0	localeDisplayNames/languages/xnr
Soga	السوغا	cldr-language	https://raw.githubusercontent.com/unicode-org/cldr-json/48.2.1/cldr-json/cldr-localenames-full/main/ar/languages.json	2026-09-20	469d4b540f4a50c127a88c5b1e2bceac289d3a54b01dc2fbb9375c60470adf62	languages	world	Unicode-3.0	localeDisplayNames/languages/xog
Yao	الياو	cldr-language	https://raw.githubusercontent.com/unicode-org/cldr-json/48.2.1/cldr-json/cldr-localenames-full/main/ar/languages.json	2026-09-20	469d4b540f4a50c127a88c5b1e2bceac289d3a54b01dc2fbb9375c60470adf62	languages	world	Unicode-3.0	localeDisplayNames/languages/yao
Yapese	اليابيز	cldr-language	https://raw.githubusercontent.com/unicode-org/cldr-json/48.2.1/cldr-json/cldr-localenames-full/main/ar/languages.json	2026-09-20	469d4b540f4a50c127a88c5b1e2bceac289d3a54b01dc2fbb9375c60470adf62	languages	world	Unicode-3.0	localeDisplayNames/languages/yap
Yangben	يانجبن	cldr-language	https://raw.githubusercontent.com/unicode-org/cldr-json/48.2.1/cldr-json/cldr-localenames-full/main/ar/languages.json	2026-09-20	469d4b540f4a50c127a88c5b1e2bceac289d3a54b01dc2fbb9375c60470adf62	languages	world	Unicode-3.0	localeDisplayNames/languages/yav
Yemba	يمبا	cldr-language	https://raw.githubusercontent.com/unicode-org/cldr-json/48.2.1/cldr-json/cldr-localenames-full/main/ar/languages.json	2026-09-20	469d4b540f4a50c127a88c5b1e2bceac289d3a54b01dc2fbb9375c60470adf62	languages	world	Unicode-3.0	localeDisplayNames/languages/ybb
Yiddish	اليديشية	cldr-language	https://raw.githubusercontent.com/unicode-org/cldr-json/48.2.1/cldr-json/cldr-localenames-full/main/ar/languages.json	2026-09-20	469d4b540f4a50c127a88c5b1e2bceac289d3a54b01dc2fbb9375c60470adf62	languages	world	Unicode-3.0	localeDisplayNames/languages/yi
Yoruba	اليوروبا	cldr-language	https://raw.githubusercontent.com/unicode-org/cldr-json/48.2.1/cldr-json/cldr-localenames-full/main/ar/languages.json	2026-09-20	469d4b540f4a50c127a88c5b1e2bceac289d3a54b01dc2fbb9375c60470adf62	languages	world	Unicode-3.0	localeDisplayNames/languages/yo
Nheengatu	النيينجاتو	cldr-language	https://raw.githubusercontent.com/unicode-org/cldr-json/48.2.1/cldr-json/cldr-localenames-full/main/ar/languages.json	2026-09-20	469d4b540f4a50c127a88c5b1e2bceac289d3a54b01dc2fbb9375c60470adf62	languages	world	Unicode-3.0	localeDisplayNames/languages/yrl
Cantonese	الكَنْتُونية	cldr-language	https://raw.githubusercontent.com/unicode-org/cldr-json/48.2.1/cldr-json/cldr-localenames-full/main/ar/languages.json	2026-09-20	469d4b540f4a50c127a88c5b1e2bceac289d3a54b01dc2fbb9375c60470adf62	languages	world	Unicode-3.0	localeDisplayNames/languages/yue
Zhuang	الزهيونج	cldr-language	https://raw.githubusercontent.com/unicode-org/cldr-json/48.2.1/cldr-json/cldr-localenames-full/main/ar/languages.json	2026-09-20	469d4b540f4a50c127a88c5b1e2bceac289d3a54b01dc2fbb9375c60470adf62	languages	world	Unicode-3.0	localeDisplayNames/languages/za
Zapotec	الزابوتيك	cldr-language	https://raw.githubusercontent.com/unicode-org/cldr-json/48.2.1/cldr-json/cldr-localenames-full/main/ar/languages.json	2026-09-20	469d4b540f4a50c127a88c5b1e2bceac289d3a54b01dc2fbb9375c60470adf62	languages	world	Unicode-3.0	localeDisplayNames/languages/zap
Blissymbols	رموز المعايير الأساسية	cldr-language	https://raw.githubusercontent.com/unicode-org/cldr-json/48.2.1/cldr-json/cldr-localenames-full/main/ar/languages.json	2026-09-20	469d4b540f4a50c127a88c5b1e2bceac289d3a54b01dc2fbb9375c60470adf62	languages	world	Unicode-3.0	localeDisplayNames/languages/zbl
Zenaga	الزيناجا	cldr-language	https://raw.githubusercontent.com/unicode-org/cldr-json/48.2.1/cldr-json/cldr-localenames-full/main/ar/languages.json	2026-09-20	469d4b540f4a50c127a88c5b1e2bceac289d3a54b01dc2fbb9375c60470adf62	languages	world	Unicode-3.0	localeDisplayNames/languages/zen
Standard Moroccan Tamazight	التمازيغية المغربية القياسية	cldr-language	https://raw.githubusercontent.com/unicode-org/cldr-json/48.2.1/cldr-json/cldr-localenames-full/main/ar/languages.json	2026-09-20	469d4b540f4a50c127a88c5b1e2bceac289d3a54b01dc2fbb9375c60470adf62	languages	world	Unicode-3.0	localeDisplayNames/languages/zgh
Chinese	الصينية	cldr-language	https://raw.githubusercontent.com/unicode-org/cldr-json/48.2.1/cldr-json/cldr-localenames-full/main/ar/languages.json	2026-09-20	469d4b540f4a50c127a88c5b1e2bceac289d3a54b01dc2fbb9375c60470adf62	languages	world	Unicode-3.0	localeDisplayNames/languages/zh
Simplified Chinese	الصينية المبسطة	cldr-language	https://raw.githubusercontent.com/unicode-org/cldr-json/48.2.1/cldr-json/cldr-localenames-full/main/ar/languages.json	2026-09-20	469d4b540f4a50c127a88c5b1e2bceac289d3a54b01dc2fbb9375c60470adf62	languages	world	Unicode-3.0	localeDisplayNames/languages/zh-Hans
Traditional Chinese	الصينية التقليدية	cldr-language	https://raw.githubusercontent.com/unicode-org/cldr-json/48.2.1/cldr-json/cldr-localenames-full/main/ar/languages.json	2026-09-20	469d4b540f4a50c127a88c5b1e2bceac289d3a54b01dc2fbb9375c60470adf62	languages	world	Unicode-3.0	localeDisplayNames/languages/zh-Hant
Zulu	الزولو	cldr-language	https://raw.githubusercontent.com/unicode-org/cldr-json/48.2.1/cldr-json/cldr-localenames-full/main/ar/languages.json	2026-09-20	469d4b540f4a50c127a88c5b1e2bceac289d3a54b01dc2fbb9375c60470adf62	languages	world	Unicode-3.0	localeDisplayNames/languages/zu
Zuni	الزونية	cldr-language	https://raw.githubusercontent.com/unicode-org/cldr-json/48.2.1/cldr-json/cldr-localenames-full/main/ar/languages.json	2026-09-20	469d4b540f4a50c127a88c5b1e2bceac289d3a54b01dc2fbb9375c60470adf62	languages	world	Unicode-3.0	localeDisplayNames/languages/zun
No linguistic content	بدون محتوى لغوي	cldr-language	https://raw.githubusercontent.com/unicode-org/cldr-json/48.2.1/cldr-json/cldr-localenames-full/main/ar/languages.json	2026-09-20	469d4b540f4a50c127a88c5b1e2bceac289d3a54b01dc2fbb9375c60470adf62	languages	world	Unicode-3.0	localeDisplayNames/languages/zxx
Zaza	زازا	cldr-language	https://raw.githubusercontent.com/unicode-org/cldr-json/48.2.1/cldr-json/cldr-localenames-full/main/ar/languages.json	2026-09-20	469d4b540f4a50c127a88c5b1e2bceac289d3a54b01dc2fbb9375c60470adf62	languages	world	Unicode-3.0	localeDisplayNames/languages/zza
