latin	arabic_form	form_kind	source_url	date_read	fetch_sha256	domain	market	licence	cldr_key
g-force	قوة تسارع	cldr-unit	https://raw.githubusercontent.com/unicode-org/cldr-json/48.2.1/cldr-json/cldr-units-full/main/ar/units.json	2026-09-20	3a24bb442e133ea9ed43bfa71732e6969ea189eefa90e381054aaa877ce39237	units	world	Unicode-3.0	units/long/acceleration-g-force/displayName
meters per second squared	متر في الثانية المربعة	cldr-unit	https://raw.githubusercontent.com/unicode-org/cldr-json/48.2.1/cldr-json/cldr-units-full/main/ar/units.json	2026-09-20	3a24bb442e133ea9ed43bfa71732e6969ea189eefa90e381054aaa877ce39237	units	world	Unicode-3.0	units/long/acceleration-meter-per-square-second/displayName
revolutions	دورة	cldr-unit	https://raw.githubusercontent.com/unicode-org/cldr-json/48.2.1/cldr-json/cldr-units-full/main/ar/units.json	2026-09-20	3a24bb442e133ea9ed43bfa71732e6969ea189eefa90e381054aaa877ce39237	units	world	Unicode-3.0	units/long/angle-revolution/displayName
radians	راديان	cldr-unit	https://raw.githubusercontent.com/unicode-org/cldr-json/48.2.1/cldr-json/cldr-units-full/main/ar/units.json	2026-09-20	3a24bb442e133ea9ed43bfa71732e6969ea189eefa90e381054aaa877ce39237	units	world	Unicode-3.0	units/long/angle-radian/displayName
degrees	درجة	cldr-unit	https://raw.githubusercontent.com/unicode-org/cldr-json/48.2.1/cldr-json/cldr-units-full/main/ar/units.json	2026-09-20	3a24bb442e133ea9ed43bfa71732e6969ea189eefa90e381054aaa877ce39237	units	world	Unicode-3.0	units/long/angle-degree/displayName
arcminutes	دقيقة قوسية	cldr-unit	https://raw.githubusercontent.com/unicode-org/cldr-json/48.2.1/cldr-json/cldr-units-full/main/ar/units.json	2026-09-20	3a24bb442e133ea9ed43bfa71732e6969ea189eefa90e381054aaa877ce39237	units	world	Unicode-3.0	units/long/angle-arc-minute/displayName
arcseconds	ثانية قوسية	cldr-unit	https://raw.githubusercontent.com/unicode-org/cldr-json/48.2.1/cldr-json/cldr-units-full/main/ar/units.json	2026-09-20	3a24bb442e133ea9ed43bfa71732e6969ea189eefa90e381054aaa877ce39237	units	world	Unicode-3.0	units/long/angle-arc-second/displayName
square kilometers	كيلومتر مربع	cldr-unit	https://raw.githubusercontent.com/unicode-org/cldr-json/48.2.1/cldr-json/cldr-units-full/main/ar/units.json	2026-09-20	3a24bb442e133ea9ed43bfa71732e6969ea189eefa90e381054aaa877ce39237	units	world	Unicode-3.0	units/long/area-square-kilometer/displayName
hectares	هكتار	cldr-unit	https://raw.githubusercontent.com/unicode-org/cldr-json/48.2.1/cldr-json/cldr-units-full/main/ar/units.json	2026-09-20	3a24bb442e133ea9ed43bfa71732e6969ea189eefa90e381054aaa877ce39237	units	world	Unicode-3.0	units/long/area-hectare/displayName
square meters	متر مربع	cldr-unit	https://raw.githubusercontent.com/unicode-org/cldr-json/48.2.1/cldr-json/cldr-units-full/main/ar/units.json	2026-09-20	3a24bb442e133ea9ed43bfa71732e6969ea189eefa90e381054aaa877ce39237	units	world	Unicode-3.0	units/long/area-square-meter/displayName
square centimeters	سنتيمتر مربع	cldr-unit	https://raw.githubusercontent.com/unicode-org/cldr-json/48.2.1/cldr-json/cldr-units-full/main/ar/units.json	2026-09-20	3a24bb442e133ea9ed43bfa71732e6969ea189eefa90e381054aaa877ce39237	units	world	Unicode-3.0	units/long/area-square-centimeter/displayName
square miles	ميل مربع	cldr-unit	https://raw.githubusercontent.com/unicode-org/cldr-json/48.2.1/cldr-json/cldr-units-full/main/ar/units.json	2026-09-20	3a24bb442e133ea9ed43bfa71732e6969ea189eefa90e381054aaa877ce39237	units	world	Unicode-3.0	units/long/area-square-mile/displayName
acres	فدان	cldr-unit	https://raw.githubusercontent.com/unicode-org/cldr-json/48.2.1/cldr-json/cldr-units-full/main/ar/units.json	2026-09-20	3a24bb442e133ea9ed43bfa71732e6969ea189eefa90e381054aaa877ce39237	units	world	Unicode-3.0	units/long/area-acre/displayName
square yards	ياردة مربعة	cldr-unit	https://raw.githubusercontent.com/unicode-org/cldr-json/48.2.1/cldr-json/cldr-units-full/main/ar/units.json	2026-09-20	3a24bb442e133ea9ed43bfa71732e6969ea189eefa90e381054aaa877ce39237	units	world	Unicode-3.0	units/long/area-square-yard/displayName
square feet	قدم مربعة	cldr-unit	https://raw.githubusercontent.com/unicode-org/cldr-json/48.2.1/cldr-json/cldr-units-full/main/ar/units.json	2026-09-20	3a24bb442e133ea9ed43bfa71732e6969ea189eefa90e381054aaa877ce39237	units	world	Unicode-3.0	units/long/area-square-foot/displayName
square inches	بوصة مربعة	cldr-unit	https://raw.githubusercontent.com/unicode-org/cldr-json/48.2.1/cldr-json/cldr-units-full/main/ar/units.json	2026-09-20	3a24bb442e133ea9ed43bfa71732e6969ea189eefa90e381054aaa877ce39237	units	world	Unicode-3.0	units/long/area-square-inch/displayName
dunams	دونم	cldr-unit	https://raw.githubusercontent.com/unicode-org/cldr-json/48.2.1/cldr-json/cldr-units-full/main/ar/units.json	2026-09-20	3a24bb442e133ea9ed43bfa71732e6969ea189eefa90e381054aaa877ce39237	units	world	Unicode-3.0	units/long/area-dunam/displayName
karats	قيراط	cldr-unit	https://raw.githubusercontent.com/unicode-org/cldr-json/48.2.1/cldr-json/cldr-units-full/main/ar/units.json	2026-09-20	3a24bb442e133ea9ed43bfa71732e6969ea189eefa90e381054aaa877ce39237	units	world	Unicode-3.0	units/long/concentr-karat/displayName
milligrams per deciliter	مغم/ديسيلتر	cldr-unit	https://raw.githubusercontent.com/unicode-org/cldr-json/48.2.1/cldr-json/cldr-units-full/main/ar/units.json	2026-09-20	3a24bb442e133ea9ed43bfa71732e6969ea189eefa90e381054aaa877ce39237	units	world	Unicode-3.0	units/long/concentr-milligram-ofglucose-per-deciliter/displayName
millimoles per liter	ملي مول/لتر	cldr-unit	https://raw.githubusercontent.com/unicode-org/cldr-json/48.2.1/cldr-json/cldr-units-full/main/ar/units.json	2026-09-20	3a24bb442e133ea9ed43bfa71732e6969ea189eefa90e381054aaa877ce39237	units	world	Unicode-3.0	units/long/concentr-millimole-per-liter/displayName
items	عنصر	cldr-unit	https://raw.githubusercontent.com/unicode-org/cldr-json/48.2.1/cldr-json/cldr-units-full/main/ar/units.json	2026-09-20	3a24bb442e133ea9ed43bfa71732e6969ea189eefa90e381054aaa877ce39237	units	world	Unicode-3.0	units/long/concentr-item/displayName
parts	جزء	cldr-unit	https://raw.githubusercontent.com/unicode-org/cldr-json/48.2.1/cldr-json/cldr-units-full/main/ar/units.json	2026-09-20	3a24bb442e133ea9ed43bfa71732e6969ea189eefa90e381054aaa877ce39237	units	world	Unicode-3.0	units/long/concentr-part/displayName
parts per million	جزء في المليون	cldr-unit	https://raw.githubusercontent.com/unicode-org/cldr-json/48.2.1/cldr-json/cldr-units-full/main/ar/units.json	2026-09-20	3a24bb442e133ea9ed43bfa71732e6969ea189eefa90e381054aaa877ce39237	units	world	Unicode-3.0	units/long/concentr-part-per-1e6/displayName
percent	بالمائة	cldr-unit	https://raw.githubusercontent.com/unicode-org/cldr-json/48.2.1/cldr-json/cldr-units-full/main/ar/units.json	2026-09-20	3a24bb442e133ea9ed43bfa71732e6969ea189eefa90e381054aaa877ce39237	units	world	Unicode-3.0	units/long/concentr-percent/displayName
permille	في الألف	cldr-unit	https://raw.githubusercontent.com/unicode-org/cldr-json/48.2.1/cldr-json/cldr-units-full/main/ar/units.json	2026-09-20	3a24bb442e133ea9ed43bfa71732e6969ea189eefa90e381054aaa877ce39237	units	world	Unicode-3.0	units/long/concentr-permille/displayName
permyriad	‱	cldr-unit	https://raw.githubusercontent.com/unicode-org/cldr-json/48.2.1/cldr-json/cldr-units-full/main/ar/units.json	2026-09-20	3a24bb442e133ea9ed43bfa71732e6969ea189eefa90e381054aaa877ce39237	units	world	Unicode-3.0	units/long/concentr-permyriad/displayName
moles	مول	cldr-unit	https://raw.githubusercontent.com/unicode-org/cldr-json/48.2.1/cldr-json/cldr-units-full/main/ar/units.json	2026-09-20	3a24bb442e133ea9ed43bfa71732e6969ea189eefa90e381054aaa877ce39237	units	world	Unicode-3.0	units/long/concentr-mole/displayName
of glucose	سكّري	cldr-unit	https://raw.githubusercontent.com/unicode-org/cldr-json/48.2.1/cldr-json/cldr-units-full/main/ar/units.json	2026-09-20	3a24bb442e133ea9ed43bfa71732e6969ea189eefa90e381054aaa877ce39237	units	world	Unicode-3.0	units/long/concentr-ofglucose/displayName
liters per kilometer	لتر لكل كيلومتر	cldr-unit	https://raw.githubusercontent.com/unicode-org/cldr-json/48.2.1/cldr-json/cldr-units-full/main/ar/units.json	2026-09-20	3a24bb442e133ea9ed43bfa71732e6969ea189eefa90e381054aaa877ce39237	units	world	Unicode-3.0	units/long/consumption-liter-per-kilometer/displayName
liters per 100 kilometers	لتر لكل ١٠٠ كيلومتر	cldr-unit	https://raw.githubusercontent.com/unicode-org/cldr-json/48.2.1/cldr-json/cldr-units-full/main/ar/units.json	2026-09-20	3a24bb442e133ea9ed43bfa71732e6969ea189eefa90e381054aaa877ce39237	units	world	Unicode-3.0	units/long/consumption-liter-per-100-kilometer/displayName
miles per gallon	ميل لكل غالون	cldr-unit	https://raw.githubusercontent.com/unicode-org/cldr-json/48.2.1/cldr-json/cldr-units-full/main/ar/units.json	2026-09-20	3a24bb442e133ea9ed43bfa71732e6969ea189eefa90e381054aaa877ce39237	units	world	Unicode-3.0	units/long/consumption-mile-per-gallon/displayName
miles per Imp. gallon	ميل لكل غالون إمبراطوري	cldr-unit	https://raw.githubusercontent.com/unicode-org/cldr-json/48.2.1/cldr-json/cldr-units-full/main/ar/units.json	2026-09-20	3a24bb442e133ea9ed43bfa71732e6969ea189eefa90e381054aaa877ce39237	units	world	Unicode-3.0	units/long/consumption-mile-per-gallon-imperial/displayName
petabytes	بيتابايت	cldr-unit	https://raw.githubusercontent.com/unicode-org/cldr-json/48.2.1/cldr-json/cldr-units-full/main/ar/units.json	2026-09-20	3a24bb442e133ea9ed43bfa71732e6969ea189eefa90e381054aaa877ce39237	units	world	Unicode-3.0	units/long/digital-petabyte/displayName
terabytes	تيرابايت	cldr-unit	https://raw.githubusercontent.com/unicode-org/cldr-json/48.2.1/cldr-json/cldr-units-full/main/ar/units.json	2026-09-20	3a24bb442e133ea9ed43bfa71732e6969ea189eefa90e381054aaa877ce39237	units	world	Unicode-3.0	units/long/digital-terabyte/displayName
terabits	تيرابت	cldr-unit	https://raw.githubusercontent.com/unicode-org/cldr-json/48.2.1/cldr-json/cldr-units-full/main/ar/units.json	2026-09-20	3a24bb442e133ea9ed43bfa71732e6969ea189eefa90e381054aaa877ce39237	units	world	Unicode-3.0	units/long/digital-terabit/displayName
gigabytes	غيغابايت	cldr-unit	https://raw.githubusercontent.com/unicode-org/cldr-json/48.2.1/cldr-json/cldr-units-full/main/ar/units.json	2026-09-20	3a24bb442e133ea9ed43bfa71732e6969ea189eefa90e381054aaa877ce39237	units	world	Unicode-3.0	units/long/digital-gigabyte/displayName
gigabits	غيغابت	cldr-unit	https://raw.githubusercontent.com/unicode-org/cldr-json/48.2.1/cldr-json/cldr-units-full/main/ar/units.json	2026-09-20	3a24bb442e133ea9ed43bfa71732e6969ea189eefa90e381054aaa877ce39237	units	world	Unicode-3.0	units/long/digital-gigabit/displayName
megabytes	ميغابايت	cldr-unit	https://raw.githubusercontent.com/unicode-org/cldr-json/48.2.1/cldr-json/cldr-units-full/main/ar/units.json	2026-09-20	3a24bb442e133ea9ed43bfa71732e6969ea189eefa90e381054aaa877ce39237	units	world	Unicode-3.0	units/long/digital-megabyte/displayName
megabits	ميغابت	cldr-unit	https://raw.githubusercontent.com/unicode-org/cldr-json/48.2.1/cldr-json/cldr-units-full/main/ar/units.json	2026-09-20	3a24bb442e133ea9ed43bfa71732e6969ea189eefa90e381054aaa877ce39237	units	world	Unicode-3.0	units/long/digital-megabit/displayName
kilobytes	كيلوبايت	cldr-unit	https://raw.githubusercontent.com/unicode-org/cldr-json/48.2.1/cldr-json/cldr-units-full/main/ar/units.json	2026-09-20	3a24bb442e133ea9ed43bfa71732e6969ea189eefa90e381054aaa877ce39237	units	world	Unicode-3.0	units/long/digital-kilobyte/displayName
kilobits	كيلوبت	cldr-unit	https://raw.githubusercontent.com/unicode-org/cldr-json/48.2.1/cldr-json/cldr-units-full/main/ar/units.json	2026-09-20	3a24bb442e133ea9ed43bfa71732e6969ea189eefa90e381054aaa877ce39237	units	world	Unicode-3.0	units/long/digital-kilobit/displayName
bytes	بايت	cldr-unit	https://raw.githubusercontent.com/unicode-org/cldr-json/48.2.1/cldr-json/cldr-units-full/main/ar/units.json	2026-09-20	3a24bb442e133ea9ed43bfa71732e6969ea189eefa90e381054aaa877ce39237	units	world	Unicode-3.0	units/long/digital-byte/displayName
bits	بت	cldr-unit	https://raw.githubusercontent.com/unicode-org/cldr-json/48.2.1/cldr-json/cldr-units-full/main/ar/units.json	2026-09-20	3a24bb442e133ea9ed43bfa71732e6969ea189eefa90e381054aaa877ce39237	units	world	Unicode-3.0	units/long/digital-bit/displayName
centuries	قرون	cldr-unit	https://raw.githubusercontent.com/unicode-org/cldr-json/48.2.1/cldr-json/cldr-units-full/main/ar/units.json	2026-09-20	3a24bb442e133ea9ed43bfa71732e6969ea189eefa90e381054aaa877ce39237	units	world	Unicode-3.0	units/long/duration-century/displayName
decades	عقود	cldr-unit	https://raw.githubusercontent.com/unicode-org/cldr-json/48.2.1/cldr-json/cldr-units-full/main/ar/units.json	2026-09-20	3a24bb442e133ea9ed43bfa71732e6969ea189eefa90e381054aaa877ce39237	units	world	Unicode-3.0	units/long/duration-decade/displayName
years	سنوات	cldr-unit	https://raw.githubusercontent.com/unicode-org/cldr-json/48.2.1/cldr-json/cldr-units-full/main/ar/units.json	2026-09-20	3a24bb442e133ea9ed43bfa71732e6969ea189eefa90e381054aaa877ce39237	units	world	Unicode-3.0	units/long/duration-year/displayName
quarters	أرباع	cldr-unit	https://raw.githubusercontent.com/unicode-org/cldr-json/48.2.1/cldr-json/cldr-units-full/main/ar/units.json	2026-09-20	3a24bb442e133ea9ed43bfa71732e6969ea189eefa90e381054aaa877ce39237	units	world	Unicode-3.0	units/long/duration-quarter/displayName
months	شهور	cldr-unit	https://raw.githubusercontent.com/unicode-org/cldr-json/48.2.1/cldr-json/cldr-units-full/main/ar/units.json	2026-09-20	3a24bb442e133ea9ed43bfa71732e6969ea189eefa90e381054aaa877ce39237	units	world	Unicode-3.0	units/long/duration-month/displayName
weeks	أسابيع	cldr-unit	https://raw.githubusercontent.com/unicode-org/cldr-json/48.2.1/cldr-json/cldr-units-full/main/ar/units.json	2026-09-20	3a24bb442e133ea9ed43bfa71732e6969ea189eefa90e381054aaa877ce39237	units	world	Unicode-3.0	units/long/duration-week/displayName
days	أيام	cldr-unit	https://raw.githubusercontent.com/unicode-org/cldr-json/48.2.1/cldr-json/cldr-units-full/main/ar/units.json	2026-09-20	3a24bb442e133ea9ed43bfa71732e6969ea189eefa90e381054aaa877ce39237	units	world	Unicode-3.0	units/long/duration-day/displayName
hours	ساعات	cldr-unit	https://raw.githubusercontent.com/unicode-org/cldr-json/48.2.1/cldr-json/cldr-units-full/main/ar/units.json	2026-09-20	3a24bb442e133ea9ed43bfa71732e6969ea189eefa90e381054aaa877ce39237	units	world	Unicode-3.0	units/long/duration-hour/displayName
minutes	دقيقة	cldr-unit	https://raw.githubusercontent.com/unicode-org/cldr-json/48.2.1/cldr-json/cldr-units-full/main/ar/units.json	2026-09-20	3a24bb442e133ea9ed43bfa71732e6969ea189eefa90e381054aaa877ce39237	units	world	Unicode-3.0	units/long/duration-minute/displayName
seconds	ثانية	cldr-unit	https://raw.githubusercontent.com/unicode-org/cldr-json/48.2.1/cldr-json/cldr-units-full/main/ar/units.json	2026-09-20	3a24bb442e133ea9ed43bfa71732e6969ea189eefa90e381054aaa877ce39237	units	world	Unicode-3.0	units/long/duration-second/displayName
milliseconds	ملي ثانية	cldr-unit	https://raw.githubusercontent.com/unicode-org/cldr-json/48.2.1/cldr-json/cldr-units-full/main/ar/units.json	2026-09-20	3a24bb442e133ea9ed43bfa71732e6969ea189eefa90e381054aaa877ce39237	units	world	Unicode-3.0	units/long/duration-millisecond/displayName
microseconds	ميكروثانية	cldr-unit	https://raw.githubusercontent.com/unicode-org/cldr-json/48.2.1/cldr-json/cldr-units-full/main/ar/units.json	2026-09-20	3a24bb442e133ea9ed43bfa71732e6969ea189eefa90e381054aaa877ce39237	units	world	Unicode-3.0	units/long/duration-microsecond/displayName
nanoseconds	نانو ثانية	cldr-unit	https://raw.githubusercontent.com/unicode-org/cldr-json/48.2.1/cldr-json/cldr-units-full/main/ar/units.json	2026-09-20	3a24bb442e133ea9ed43bfa71732e6969ea189eefa90e381054aaa877ce39237	units	world	Unicode-3.0	units/long/duration-nanosecond/displayName
amperes	أمبير	cldr-unit	https://raw.githubusercontent.com/unicode-org/cldr-json/48.2.1/cldr-json/cldr-units-full/main/ar/units.json	2026-09-20	3a24bb442e133ea9ed43bfa71732e6969ea189eefa90e381054aaa877ce39237	units	world	Unicode-3.0	units/long/electric-ampere/displayName
milliamperes	ملي أمبير	cldr-unit	https://raw.githubusercontent.com/unicode-org/cldr-json/48.2.1/cldr-json/cldr-units-full/main/ar/units.json	2026-09-20	3a24bb442e133ea9ed43bfa71732e6969ea189eefa90e381054aaa877ce39237	units	world	Unicode-3.0	units/long/electric-milliampere/displayName
ohms	أوم	cldr-unit	https://raw.githubusercontent.com/unicode-org/cldr-json/48.2.1/cldr-json/cldr-units-full/main/ar/units.json	2026-09-20	3a24bb442e133ea9ed43bfa71732e6969ea189eefa90e381054aaa877ce39237	units	world	Unicode-3.0	units/long/electric-ohm/displayName
volts	فولت	cldr-unit	https://raw.githubusercontent.com/unicode-org/cldr-json/48.2.1/cldr-json/cldr-units-full/main/ar/units.json	2026-09-20	3a24bb442e133ea9ed43bfa71732e6969ea189eefa90e381054aaa877ce39237	units	world	Unicode-3.0	units/long/electric-volt/displayName
kilocalories	كيلو سعرة	cldr-unit	https://raw.githubusercontent.com/unicode-org/cldr-json/48.2.1/cldr-json/cldr-units-full/main/ar/units.json	2026-09-20	3a24bb442e133ea9ed43bfa71732e6969ea189eefa90e381054aaa877ce39237	units	world	Unicode-3.0	units/long/energy-kilocalorie/displayName
calories	سعرة	cldr-unit	https://raw.githubusercontent.com/unicode-org/cldr-json/48.2.1/cldr-json/cldr-units-full/main/ar/units.json	2026-09-20	3a24bb442e133ea9ed43bfa71732e6969ea189eefa90e381054aaa877ce39237	units	world	Unicode-3.0	units/long/energy-calorie/displayName
Calories	سعرة	cldr-unit	https://raw.githubusercontent.com/unicode-org/cldr-json/48.2.1/cldr-json/cldr-units-full/main/ar/units.json	2026-09-20	3a24bb442e133ea9ed43bfa71732e6969ea189eefa90e381054aaa877ce39237	units	world	Unicode-3.0	units/long/energy-foodcalorie/displayName
kilojoules	كيلو جول	cldr-unit	https://raw.githubusercontent.com/unicode-org/cldr-json/48.2.1/cldr-json/cldr-units-full/main/ar/units.json	2026-09-20	3a24bb442e133ea9ed43bfa71732e6969ea189eefa90e381054aaa877ce39237	units	world	Unicode-3.0	units/long/energy-kilojoule/displayName
joules	جول	cldr-unit	https://raw.githubusercontent.com/unicode-org/cldr-json/48.2.1/cldr-json/cldr-units-full/main/ar/units.json	2026-09-20	3a24bb442e133ea9ed43bfa71732e6969ea189eefa90e381054aaa877ce39237	units	world	Unicode-3.0	units/long/energy-joule/displayName
kilowatt-hours	كيلو واط/ساعة	cldr-unit	https://raw.githubusercontent.com/unicode-org/cldr-json/48.2.1/cldr-json/cldr-units-full/main/ar/units.json	2026-09-20	3a24bb442e133ea9ed43bfa71732e6969ea189eefa90e381054aaa877ce39237	units	world	Unicode-3.0	units/long/energy-kilowatt-hour/displayName
electronvolts	إلكترون فولت	cldr-unit	https://raw.githubusercontent.com/unicode-org/cldr-json/48.2.1/cldr-json/cldr-units-full/main/ar/units.json	2026-09-20	3a24bb442e133ea9ed43bfa71732e6969ea189eefa90e381054aaa877ce39237	units	world	Unicode-3.0	units/long/energy-electronvolt/displayName
British thermal units	وحدة حرارية بريطانية	cldr-unit	https://raw.githubusercontent.com/unicode-org/cldr-json/48.2.1/cldr-json/cldr-units-full/main/ar/units.json	2026-09-20	3a24bb442e133ea9ed43bfa71732e6969ea189eefa90e381054aaa877ce39237	units	world	Unicode-3.0	units/long/energy-british-thermal-unit/displayName
US therms	وحدة حرارية أمريكية	cldr-unit	https://raw.githubusercontent.com/unicode-org/cldr-json/48.2.1/cldr-json/cldr-units-full/main/ar/units.json	2026-09-20	3a24bb442e133ea9ed43bfa71732e6969ea189eefa90e381054aaa877ce39237	units	world	Unicode-3.0	units/long/energy-therm-us/displayName
pounds of force	باوند قوة	cldr-unit	https://raw.githubusercontent.com/unicode-org/cldr-json/48.2.1/cldr-json/cldr-units-full/main/ar/units.json	2026-09-20	3a24bb442e133ea9ed43bfa71732e6969ea189eefa90e381054aaa877ce39237	units	world	Unicode-3.0	units/long/force-pound-force/displayName
newtons	نيوتن	cldr-unit	https://raw.githubusercontent.com/unicode-org/cldr-json/48.2.1/cldr-json/cldr-units-full/main/ar/units.json	2026-09-20	3a24bb442e133ea9ed43bfa71732e6969ea189eefa90e381054aaa877ce39237	units	world	Unicode-3.0	units/long/force-newton/displayName
kilowatt-hours per 100 kilometers	كيلوواط ساعة لكل 100 كيلومتر	cldr-unit	https://raw.githubusercontent.com/unicode-org/cldr-json/48.2.1/cldr-json/cldr-units-full/main/ar/units.json	2026-09-20	3a24bb442e133ea9ed43bfa71732e6969ea189eefa90e381054aaa877ce39237	units	world	Unicode-3.0	units/long/force-kilowatt-hour-per-100-kilometer/displayName
gigahertz	غيغا هرتز	cldr-unit	https://raw.githubusercontent.com/unicode-org/cldr-json/48.2.1/cldr-json/cldr-units-full/main/ar/units.json	2026-09-20	3a24bb442e133ea9ed43bfa71732e6969ea189eefa90e381054aaa877ce39237	units	world	Unicode-3.0	units/long/frequency-gigahertz/displayName
megahertz	ميغا هرتز	cldr-unit	https://raw.githubusercontent.com/unicode-org/cldr-json/48.2.1/cldr-json/cldr-units-full/main/ar/units.json	2026-09-20	3a24bb442e133ea9ed43bfa71732e6969ea189eefa90e381054aaa877ce39237	units	world	Unicode-3.0	units/long/frequency-megahertz/displayName
kilohertz	كيلو هرتز	cldr-unit	https://raw.githubusercontent.com/unicode-org/cldr-json/48.2.1/cldr-json/cldr-units-full/main/ar/units.json	2026-09-20	3a24bb442e133ea9ed43bfa71732e6969ea189eefa90e381054aaa877ce39237	units	world	Unicode-3.0	units/long/frequency-kilohertz/displayName
hertz	هرتز	cldr-unit	https://raw.githubusercontent.com/unicode-org/cldr-json/48.2.1/cldr-json/cldr-units-full/main/ar/units.json	2026-09-20	3a24bb442e133ea9ed43bfa71732e6969ea189eefa90e381054aaa877ce39237	units	world	Unicode-3.0	units/long/frequency-hertz/displayName
typographic ems	إم مطبعي	cldr-unit	https://raw.githubusercontent.com/unicode-org/cldr-json/48.2.1/cldr-json/cldr-units-full/main/ar/units.json	2026-09-20	3a24bb442e133ea9ed43bfa71732e6969ea189eefa90e381054aaa877ce39237	units	world	Unicode-3.0	units/long/graphics-em/displayName
pixels	بكسل	cldr-unit	https://raw.githubusercontent.com/unicode-org/cldr-json/48.2.1/cldr-json/cldr-units-full/main/ar/units.json	2026-09-20	3a24bb442e133ea9ed43bfa71732e6969ea189eefa90e381054aaa877ce39237	units	world	Unicode-3.0	units/long/graphics-pixel/displayName
megapixels	ميغابكسل	cldr-unit	https://raw.githubusercontent.com/unicode-org/cldr-json/48.2.1/cldr-json/cldr-units-full/main/ar/units.json	2026-09-20	3a24bb442e133ea9ed43bfa71732e6969ea189eefa90e381054aaa877ce39237	units	world	Unicode-3.0	units/long/graphics-megapixel/displayName
pixels per centimeter	بكسل لكل سنتيمتر	cldr-unit	https://raw.githubusercontent.com/unicode-org/cldr-json/48.2.1/cldr-json/cldr-units-full/main/ar/units.json	2026-09-20	3a24bb442e133ea9ed43bfa71732e6969ea189eefa90e381054aaa877ce39237	units	world	Unicode-3.0	units/long/graphics-pixel-per-centimeter/displayName
pixels per inch	بكسل لكل بوصة	cldr-unit	https://raw.githubusercontent.com/unicode-org/cldr-json/48.2.1/cldr-json/cldr-units-full/main/ar/units.json	2026-09-20	3a24bb442e133ea9ed43bfa71732e6969ea189eefa90e381054aaa877ce39237	units	world	Unicode-3.0	units/long/graphics-pixel-per-inch/displayName
dots per centimeter	نقطة لكل سنتيمتر	cldr-unit	https://raw.githubusercontent.com/unicode-org/cldr-json/48.2.1/cldr-json/cldr-units-full/main/ar/units.json	2026-09-20	3a24bb442e133ea9ed43bfa71732e6969ea189eefa90e381054aaa877ce39237	units	world	Unicode-3.0	units/long/graphics-dot-per-centimeter/displayName
dots per inch	نقطة/بوصة	cldr-unit	https://raw.githubusercontent.com/unicode-org/cldr-json/48.2.1/cldr-json/cldr-units-full/main/ar/units.json	2026-09-20	3a24bb442e133ea9ed43bfa71732e6969ea189eefa90e381054aaa877ce39237	units	world	Unicode-3.0	units/long/graphics-dot-per-inch/displayName
earth radius	نصف قطر أرضي	cldr-unit	https://raw.githubusercontent.com/unicode-org/cldr-json/48.2.1/cldr-json/cldr-units-full/main/ar/units.json	2026-09-20	3a24bb442e133ea9ed43bfa71732e6969ea189eefa90e381054aaa877ce39237	units	world	Unicode-3.0	units/long/length-earth-radius/displayName
kilometers	كيلومتر	cldr-unit	https://raw.githubusercontent.com/unicode-org/cldr-json/48.2.1/cldr-json/cldr-units-full/main/ar/units.json	2026-09-20	3a24bb442e133ea9ed43bfa71732e6969ea189eefa90e381054aaa877ce39237	units	world	Unicode-3.0	units/long/length-kilometer/displayName
meters	متر	cldr-unit	https://raw.githubusercontent.com/unicode-org/cldr-json/48.2.1/cldr-json/cldr-units-full/main/ar/units.json	2026-09-20	3a24bb442e133ea9ed43bfa71732e6969ea189eefa90e381054aaa877ce39237	units	world	Unicode-3.0	units/long/length-meter/displayName
decimeters	ديسيمتر	cldr-unit	https://raw.githubusercontent.com/unicode-org/cldr-json/48.2.1/cldr-json/cldr-units-full/main/ar/units.json	2026-09-20	3a24bb442e133ea9ed43bfa71732e6969ea189eefa90e381054aaa877ce39237	units	world	Unicode-3.0	units/long/length-decimeter/displayName
centimeters	سنتيمتر	cldr-unit	https://raw.githubusercontent.com/unicode-org/cldr-json/48.2.1/cldr-json/cldr-units-full/main/ar/units.json	2026-09-20	3a24bb442e133ea9ed43bfa71732e6969ea189eefa90e381054aaa877ce39237	units	world	Unicode-3.0	units/long/length-centimeter/displayName
millimeters	مليمتر	cldr-unit	https://raw.githubusercontent.com/unicode-org/cldr-json/48.2.1/cldr-json/cldr-units-full/main/ar/units.json	2026-09-20	3a24bb442e133ea9ed43bfa71732e6969ea189eefa90e381054aaa877ce39237	units	world	Unicode-3.0	units/long/length-millimeter/displayName
micrometers	ميكرومتر	cldr-unit	https://raw.githubusercontent.com/unicode-org/cldr-json/48.2.1/cldr-json/cldr-units-full/main/ar/units.json	2026-09-20	3a24bb442e133ea9ed43bfa71732e6969ea189eefa90e381054aaa877ce39237	units	world	Unicode-3.0	units/long/length-micrometer/displayName
nanometers	نانو متر	cldr-unit	https://raw.githubusercontent.com/unicode-org/cldr-json/48.2.1/cldr-json/cldr-units-full/main/ar/units.json	2026-09-20	3a24bb442e133ea9ed43bfa71732e6969ea189eefa90e381054aaa877ce39237	units	world	Unicode-3.0	units/long/length-nanometer/displayName
picometers	بيكومتر	cldr-unit	https://raw.githubusercontent.com/unicode-org/cldr-json/48.2.1/cldr-json/cldr-units-full/main/ar/units.json	2026-09-20	3a24bb442e133ea9ed43bfa71732e6969ea189eefa90e381054aaa877ce39237	units	world	Unicode-3.0	units/long/length-picometer/displayName
miles	ميل	cldr-unit	https://raw.githubusercontent.com/unicode-org/cldr-json/48.2.1/cldr-json/cldr-units-full/main/ar/units.json	2026-09-20	3a24bb442e133ea9ed43bfa71732e6969ea189eefa90e381054aaa877ce39237	units	world	Unicode-3.0	units/long/length-mile/displayName
yards	ياردة	cldr-unit	https://raw.githubusercontent.com/unicode-org/cldr-json/48.2.1/cldr-json/cldr-units-full/main/ar/units.json	2026-09-20	3a24bb442e133ea9ed43bfa71732e6969ea189eefa90e381054aaa877ce39237	units	world	Unicode-3.0	units/long/length-yard/displayName
feet	قدم	cldr-unit	https://raw.githubusercontent.com/unicode-org/cldr-json/48.2.1/cldr-json/cldr-units-full/main/ar/units.json	2026-09-20	3a24bb442e133ea9ed43bfa71732e6969ea189eefa90e381054aaa877ce39237	units	world	Unicode-3.0	units/long/length-foot/displayName
inches	بوصة	cldr-unit	https://raw.githubusercontent.com/unicode-org/cldr-json/48.2.1/cldr-json/cldr-units-full/main/ar/units.json	2026-09-20	3a24bb442e133ea9ed43bfa71732e6969ea189eefa90e381054aaa877ce39237	units	world	Unicode-3.0	units/long/length-inch/displayName
parsecs	فرسخ فلكي	cldr-unit	https://raw.githubusercontent.com/unicode-org/cldr-json/48.2.1/cldr-json/cldr-units-full/main/ar/units.json	2026-09-20	3a24bb442e133ea9ed43bfa71732e6969ea189eefa90e381054aaa877ce39237	units	world	Unicode-3.0	units/long/length-parsec/displayName
light years	سنة ضوئية	cldr-unit	https://raw.githubusercontent.com/unicode-org/cldr-json/48.2.1/cldr-json/cldr-units-full/main/ar/units.json	2026-09-20	3a24bb442e133ea9ed43bfa71732e6969ea189eefa90e381054aaa877ce39237	units	world	Unicode-3.0	units/long/length-light-year/displayName
astronomical units	وحدة فلكية	cldr-unit	https://raw.githubusercontent.com/unicode-org/cldr-json/48.2.1/cldr-json/cldr-units-full/main/ar/units.json	2026-09-20	3a24bb442e133ea9ed43bfa71732e6969ea189eefa90e381054aaa877ce39237	units	world	Unicode-3.0	units/long/length-astronomical-unit/displayName
furlongs	فرلنغ	cldr-unit	https://raw.githubusercontent.com/unicode-org/cldr-json/48.2.1/cldr-json/cldr-units-full/main/ar/units.json	2026-09-20	3a24bb442e133ea9ed43bfa71732e6969ea189eefa90e381054aaa877ce39237	units	world	Unicode-3.0	units/long/length-furlong/displayName
fathoms	قامة	cldr-unit	https://raw.githubusercontent.com/unicode-org/cldr-json/48.2.1/cldr-json/cldr-units-full/main/ar/units.json	2026-09-20	3a24bb442e133ea9ed43bfa71732e6969ea189eefa90e381054aaa877ce39237	units	world	Unicode-3.0	units/long/length-fathom/displayName
nautical miles	ميل بحري	cldr-unit	https://raw.githubusercontent.com/unicode-org/cldr-json/48.2.1/cldr-json/cldr-units-full/main/ar/units.json	2026-09-20	3a24bb442e133ea9ed43bfa71732e6969ea189eefa90e381054aaa877ce39237	units	world	Unicode-3.0	units/long/length-nautical-mile/displayName
miles-scandinavian	ميل اسكندنافي	cldr-unit	https://raw.githubusercontent.com/unicode-org/cldr-json/48.2.1/cldr-json/cldr-units-full/main/ar/units.json	2026-09-20	3a24bb442e133ea9ed43bfa71732e6969ea189eefa90e381054aaa877ce39237	units	world	Unicode-3.0	units/long/length-mile-scandinavian/displayName
points	نقطة	cldr-unit	https://raw.githubusercontent.com/unicode-org/cldr-json/48.2.1/cldr-json/cldr-units-full/main/ar/units.json	2026-09-20	3a24bb442e133ea9ed43bfa71732e6969ea189eefa90e381054aaa877ce39237	units	world	Unicode-3.0	units/long/length-point/displayName
solar radii	نصف قطر شمسي	cldr-unit	https://raw.githubusercontent.com/unicode-org/cldr-json/48.2.1/cldr-json/cldr-units-full/main/ar/units.json	2026-09-20	3a24bb442e133ea9ed43bfa71732e6969ea189eefa90e381054aaa877ce39237	units	world	Unicode-3.0	units/long/length-solar-radius/displayName
lux	لكس	cldr-unit	https://raw.githubusercontent.com/unicode-org/cldr-json/48.2.1/cldr-json/cldr-units-full/main/ar/units.json	2026-09-20	3a24bb442e133ea9ed43bfa71732e6969ea189eefa90e381054aaa877ce39237	units	world	Unicode-3.0	units/long/light-lux/displayName
candela	شمعة	cldr-unit	https://raw.githubusercontent.com/unicode-org/cldr-json/48.2.1/cldr-json/cldr-units-full/main/ar/units.json	2026-09-20	3a24bb442e133ea9ed43bfa71732e6969ea189eefa90e381054aaa877ce39237	units	world	Unicode-3.0	units/long/light-candela/displayName
lumen	لومن	cldr-unit	https://raw.githubusercontent.com/unicode-org/cldr-json/48.2.1/cldr-json/cldr-units-full/main/ar/units.json	2026-09-20	3a24bb442e133ea9ed43bfa71732e6969ea189eefa90e381054aaa877ce39237	units	world	Unicode-3.0	units/long/light-lumen/displayName
solar luminosities	ضياء شمسي	cldr-unit	https://raw.githubusercontent.com/unicode-org/cldr-json/48.2.1/cldr-json/cldr-units-full/main/ar/units.json	2026-09-20	3a24bb442e133ea9ed43bfa71732e6969ea189eefa90e381054aaa877ce39237	units	world	Unicode-3.0	units/long/light-solar-luminosity/displayName
metric tons	طن متري	cldr-unit	https://raw.githubusercontent.com/unicode-org/cldr-json/48.2.1/cldr-json/cldr-units-full/main/ar/units.json	2026-09-20	3a24bb442e133ea9ed43bfa71732e6969ea189eefa90e381054aaa877ce39237	units	world	Unicode-3.0	units/long/mass-tonne/displayName
kilograms	كيلوغرام	cldr-unit	https://raw.githubusercontent.com/unicode-org/cldr-json/48.2.1/cldr-json/cldr-units-full/main/ar/units.json	2026-09-20	3a24bb442e133ea9ed43bfa71732e6969ea189eefa90e381054aaa877ce39237	units	world	Unicode-3.0	units/long/mass-kilogram/displayName
grams	غرام	cldr-unit	https://raw.githubusercontent.com/unicode-org/cldr-json/48.2.1/cldr-json/cldr-units-full/main/ar/units.json	2026-09-20	3a24bb442e133ea9ed43bfa71732e6969ea189eefa90e381054aaa877ce39237	units	world	Unicode-3.0	units/long/mass-gram/displayName
milligrams	مليغرام	cldr-unit	https://raw.githubusercontent.com/unicode-org/cldr-json/48.2.1/cldr-json/cldr-units-full/main/ar/units.json	2026-09-20	3a24bb442e133ea9ed43bfa71732e6969ea189eefa90e381054aaa877ce39237	units	world	Unicode-3.0	units/long/mass-milligram/displayName
micrograms	ميكروغرام	cldr-unit	https://raw.githubusercontent.com/unicode-org/cldr-json/48.2.1/cldr-json/cldr-units-full/main/ar/units.json	2026-09-20	3a24bb442e133ea9ed43bfa71732e6969ea189eefa90e381054aaa877ce39237	units	world	Unicode-3.0	units/long/mass-microgram/displayName
tons	طن	cldr-unit	https://raw.githubusercontent.com/unicode-org/cldr-json/48.2.1/cldr-json/cldr-units-full/main/ar/units.json	2026-09-20	3a24bb442e133ea9ed43bfa71732e6969ea189eefa90e381054aaa877ce39237	units	world	Unicode-3.0	units/long/mass-ton/displayName
stones	ستون	cldr-unit	https://raw.githubusercontent.com/unicode-org/cldr-json/48.2.1/cldr-json/cldr-units-full/main/ar/units.json	2026-09-20	3a24bb442e133ea9ed43bfa71732e6969ea189eefa90e381054aaa877ce39237	units	world	Unicode-3.0	units/long/mass-stone/displayName
pounds	رطل	cldr-unit	https://raw.githubusercontent.com/unicode-org/cldr-json/48.2.1/cldr-json/cldr-units-full/main/ar/units.json	2026-09-20	3a24bb442e133ea9ed43bfa71732e6969ea189eefa90e381054aaa877ce39237	units	world	Unicode-3.0	units/long/mass-pound/displayName
ounces	أونصة	cldr-unit	https://raw.githubusercontent.com/unicode-org/cldr-json/48.2.1/cldr-json/cldr-units-full/main/ar/units.json	2026-09-20	3a24bb442e133ea9ed43bfa71732e6969ea189eefa90e381054aaa877ce39237	units	world	Unicode-3.0	units/long/mass-ounce/displayName
troy ounces	أونصة ترويسية	cldr-unit	https://raw.githubusercontent.com/unicode-org/cldr-json/48.2.1/cldr-json/cldr-units-full/main/ar/units.json	2026-09-20	3a24bb442e133ea9ed43bfa71732e6969ea189eefa90e381054aaa877ce39237	units	world	Unicode-3.0	units/long/mass-ounce-troy/displayName
carats	قيراط	cldr-unit	https://raw.githubusercontent.com/unicode-org/cldr-json/48.2.1/cldr-json/cldr-units-full/main/ar/units.json	2026-09-20	3a24bb442e133ea9ed43bfa71732e6969ea189eefa90e381054aaa877ce39237	units	world	Unicode-3.0	units/long/mass-carat/displayName
daltons	دالتون	cldr-unit	https://raw.githubusercontent.com/unicode-org/cldr-json/48.2.1/cldr-json/cldr-units-full/main/ar/units.json	2026-09-20	3a24bb442e133ea9ed43bfa71732e6969ea189eefa90e381054aaa877ce39237	units	world	Unicode-3.0	units/long/mass-dalton/displayName
Earth masses	كتلة أرضية	cldr-unit	https://raw.githubusercontent.com/unicode-org/cldr-json/48.2.1/cldr-json/cldr-units-full/main/ar/units.json	2026-09-20	3a24bb442e133ea9ed43bfa71732e6969ea189eefa90e381054aaa877ce39237	units	world	Unicode-3.0	units/long/mass-earth-mass/displayName
solar masses	كتلة شمسية	cldr-unit	https://raw.githubusercontent.com/unicode-org/cldr-json/48.2.1/cldr-json/cldr-units-full/main/ar/units.json	2026-09-20	3a24bb442e133ea9ed43bfa71732e6969ea189eefa90e381054aaa877ce39237	units	world	Unicode-3.0	units/long/mass-solar-mass/displayName
grains	قمحة	cldr-unit	https://raw.githubusercontent.com/unicode-org/cldr-json/48.2.1/cldr-json/cldr-units-full/main/ar/units.json	2026-09-20	3a24bb442e133ea9ed43bfa71732e6969ea189eefa90e381054aaa877ce39237	units	world	Unicode-3.0	units/long/mass-grain/displayName
gigawatts	غيغا واط	cldr-unit	https://raw.githubusercontent.com/unicode-org/cldr-json/48.2.1/cldr-json/cldr-units-full/main/ar/units.json	2026-09-20	3a24bb442e133ea9ed43bfa71732e6969ea189eefa90e381054aaa877ce39237	units	world	Unicode-3.0	units/long/power-gigawatt/displayName
megawatts	ميغا واط	cldr-unit	https://raw.githubusercontent.com/unicode-org/cldr-json/48.2.1/cldr-json/cldr-units-full/main/ar/units.json	2026-09-20	3a24bb442e133ea9ed43bfa71732e6969ea189eefa90e381054aaa877ce39237	units	world	Unicode-3.0	units/long/power-megawatt/displayName
kilowatts	كيلوواط	cldr-unit	https://raw.githubusercontent.com/unicode-org/cldr-json/48.2.1/cldr-json/cldr-units-full/main/ar/units.json	2026-09-20	3a24bb442e133ea9ed43bfa71732e6969ea189eefa90e381054aaa877ce39237	units	world	Unicode-3.0	units/long/power-kilowatt/displayName
watts	واط	cldr-unit	https://raw.githubusercontent.com/unicode-org/cldr-json/48.2.1/cldr-json/cldr-units-full/main/ar/units.json	2026-09-20	3a24bb442e133ea9ed43bfa71732e6969ea189eefa90e381054aaa877ce39237	units	world	Unicode-3.0	units/long/power-watt/displayName
milliwatts	ملي واط	cldr-unit	https://raw.githubusercontent.com/unicode-org/cldr-json/48.2.1/cldr-json/cldr-units-full/main/ar/units.json	2026-09-20	3a24bb442e133ea9ed43bfa71732e6969ea189eefa90e381054aaa877ce39237	units	world	Unicode-3.0	units/long/power-milliwatt/displayName
horsepower	قوة حصان	cldr-unit	https://raw.githubusercontent.com/unicode-org/cldr-json/48.2.1/cldr-json/cldr-units-full/main/ar/units.json	2026-09-20	3a24bb442e133ea9ed43bfa71732e6969ea189eefa90e381054aaa877ce39237	units	world	Unicode-3.0	units/long/power-horsepower/displayName
millimeters of mercury	مليمتر زئبقي	cldr-unit	https://raw.githubusercontent.com/unicode-org/cldr-json/48.2.1/cldr-json/cldr-units-full/main/ar/units.json	2026-09-20	3a24bb442e133ea9ed43bfa71732e6969ea189eefa90e381054aaa877ce39237	units	world	Unicode-3.0	units/long/pressure-millimeter-ofhg/displayName
of mercury	زئبقي	cldr-unit	https://raw.githubusercontent.com/unicode-org/cldr-json/48.2.1/cldr-json/cldr-units-full/main/ar/units.json	2026-09-20	3a24bb442e133ea9ed43bfa71732e6969ea189eefa90e381054aaa877ce39237	units	world	Unicode-3.0	units/long/pressure-ofhg/displayName
pounds-force per square inch	رطل لكل بوصة مربعة	cldr-unit	https://raw.githubusercontent.com/unicode-org/cldr-json/48.2.1/cldr-json/cldr-units-full/main/ar/units.json	2026-09-20	3a24bb442e133ea9ed43bfa71732e6969ea189eefa90e381054aaa877ce39237	units	world	Unicode-3.0	units/long/pressure-pound-force-per-square-inch/displayName
inches of mercury	بوصة زئبقية	cldr-unit	https://raw.githubusercontent.com/unicode-org/cldr-json/48.2.1/cldr-json/cldr-units-full/main/ar/units.json	2026-09-20	3a24bb442e133ea9ed43bfa71732e6969ea189eefa90e381054aaa877ce39237	units	world	Unicode-3.0	units/long/pressure-inch-ofhg/displayName
bars	بار	cldr-unit	https://raw.githubusercontent.com/unicode-org/cldr-json/48.2.1/cldr-json/cldr-units-full/main/ar/units.json	2026-09-20	3a24bb442e133ea9ed43bfa71732e6969ea189eefa90e381054aaa877ce39237	units	world	Unicode-3.0	units/long/pressure-bar/displayName
millibars	ملي بار	cldr-unit	https://raw.githubusercontent.com/unicode-org/cldr-json/48.2.1/cldr-json/cldr-units-full/main/ar/units.json	2026-09-20	3a24bb442e133ea9ed43bfa71732e6969ea189eefa90e381054aaa877ce39237	units	world	Unicode-3.0	units/long/pressure-millibar/displayName
atmospheres	وحدة الضغط الجوي	cldr-unit	https://raw.githubusercontent.com/unicode-org/cldr-json/48.2.1/cldr-json/cldr-units-full/main/ar/units.json	2026-09-20	3a24bb442e133ea9ed43bfa71732e6969ea189eefa90e381054aaa877ce39237	units	world	Unicode-3.0	units/long/pressure-atmosphere/displayName
pascals	باسكال	cldr-unit	https://raw.githubusercontent.com/unicode-org/cldr-json/48.2.1/cldr-json/cldr-units-full/main/ar/units.json	2026-09-20	3a24bb442e133ea9ed43bfa71732e6969ea189eefa90e381054aaa877ce39237	units	world	Unicode-3.0	units/long/pressure-pascal/displayName
hectopascals	هكتوباسكال	cldr-unit	https://raw.githubusercontent.com/unicode-org/cldr-json/48.2.1/cldr-json/cldr-units-full/main/ar/units.json	2026-09-20	3a24bb442e133ea9ed43bfa71732e6969ea189eefa90e381054aaa877ce39237	units	world	Unicode-3.0	units/long/pressure-hectopascal/displayName
kilopascals	كيلوباسكال	cldr-unit	https://raw.githubusercontent.com/unicode-org/cldr-json/48.2.1/cldr-json/cldr-units-full/main/ar/units.json	2026-09-20	3a24bb442e133ea9ed43bfa71732e6969ea189eefa90e381054aaa877ce39237	units	world	Unicode-3.0	units/long/pressure-kilopascal/displayName
megapascals	ميغاباسكال	cldr-unit	https://raw.githubusercontent.com/unicode-org/cldr-json/48.2.1/cldr-json/cldr-units-full/main/ar/units.json	2026-09-20	3a24bb442e133ea9ed43bfa71732e6969ea189eefa90e381054aaa877ce39237	units	world	Unicode-3.0	units/long/pressure-megapascal/displayName
kilometers per hour	كيلومتر في الساعة	cldr-unit	https://raw.githubusercontent.com/unicode-org/cldr-json/48.2.1/cldr-json/cldr-units-full/main/ar/units.json	2026-09-20	3a24bb442e133ea9ed43bfa71732e6969ea189eefa90e381054aaa877ce39237	units	world	Unicode-3.0	units/long/speed-kilometer-per-hour/displayName
meters per second	متر في الثانية	cldr-unit	https://raw.githubusercontent.com/unicode-org/cldr-json/48.2.1/cldr-json/cldr-units-full/main/ar/units.json	2026-09-20	3a24bb442e133ea9ed43bfa71732e6969ea189eefa90e381054aaa877ce39237	units	world	Unicode-3.0	units/long/speed-meter-per-second/displayName
miles per hour	ميل في الساعة	cldr-unit	https://raw.githubusercontent.com/unicode-org/cldr-json/48.2.1/cldr-json/cldr-units-full/main/ar/units.json	2026-09-20	3a24bb442e133ea9ed43bfa71732e6969ea189eefa90e381054aaa877ce39237	units	world	Unicode-3.0	units/long/speed-mile-per-hour/displayName
knots	عقدة	cldr-unit	https://raw.githubusercontent.com/unicode-org/cldr-json/48.2.1/cldr-json/cldr-units-full/main/ar/units.json	2026-09-20	3a24bb442e133ea9ed43bfa71732e6969ea189eefa90e381054aaa877ce39237	units	world	Unicode-3.0	units/long/speed-knot/displayName
Beaufort	بوفورت	cldr-unit	https://raw.githubusercontent.com/unicode-org/cldr-json/48.2.1/cldr-json/cldr-units-full/main/ar/units.json	2026-09-20	3a24bb442e133ea9ed43bfa71732e6969ea189eefa90e381054aaa877ce39237	units	world	Unicode-3.0	units/long/speed-beaufort/displayName
degrees temperature	°	cldr-unit	https://raw.githubusercontent.com/unicode-org/cldr-json/48.2.1/cldr-json/cldr-units-full/main/ar/units.json	2026-09-20	3a24bb442e133ea9ed43bfa71732e6969ea189eefa90e381054aaa877ce39237	units	world	Unicode-3.0	units/long/temperature-generic/displayName
degrees Celsius	درجة مئوية	cldr-unit	https://raw.githubusercontent.com/unicode-org/cldr-json/48.2.1/cldr-json/cldr-units-full/main/ar/units.json	2026-09-20	3a24bb442e133ea9ed43bfa71732e6969ea189eefa90e381054aaa877ce39237	units	world	Unicode-3.0	units/long/temperature-celsius/displayName
degrees Fahrenheit	درجة فهرنهايت	cldr-unit	https://raw.githubusercontent.com/unicode-org/cldr-json/48.2.1/cldr-json/cldr-units-full/main/ar/units.json	2026-09-20	3a24bb442e133ea9ed43bfa71732e6969ea189eefa90e381054aaa877ce39237	units	world	Unicode-3.0	units/long/temperature-fahrenheit/displayName
kelvins	درجة كلفن	cldr-unit	https://raw.githubusercontent.com/unicode-org/cldr-json/48.2.1/cldr-json/cldr-units-full/main/ar/units.json	2026-09-20	3a24bb442e133ea9ed43bfa71732e6969ea189eefa90e381054aaa877ce39237	units	world	Unicode-3.0	units/long/temperature-kelvin/displayName
pound-force-feet	باوند قدم	cldr-unit	https://raw.githubusercontent.com/unicode-org/cldr-json/48.2.1/cldr-json/cldr-units-full/main/ar/units.json	2026-09-20	3a24bb442e133ea9ed43bfa71732e6969ea189eefa90e381054aaa877ce39237	units	world	Unicode-3.0	units/long/torque-pound-force-foot/displayName
newton-meters	نيوتن متر	cldr-unit	https://raw.githubusercontent.com/unicode-org/cldr-json/48.2.1/cldr-json/cldr-units-full/main/ar/units.json	2026-09-20	3a24bb442e133ea9ed43bfa71732e6969ea189eefa90e381054aaa877ce39237	units	world	Unicode-3.0	units/long/torque-newton-meter/displayName
cubic kilometers	كيلومتر مكعب	cldr-unit	https://raw.githubusercontent.com/unicode-org/cldr-json/48.2.1/cldr-json/cldr-units-full/main/ar/units.json	2026-09-20	3a24bb442e133ea9ed43bfa71732e6969ea189eefa90e381054aaa877ce39237	units	world	Unicode-3.0	units/long/volume-cubic-kilometer/displayName
cubic meters	متر مكعب	cldr-unit	https://raw.githubusercontent.com/unicode-org/cldr-json/48.2.1/cldr-json/cldr-units-full/main/ar/units.json	2026-09-20	3a24bb442e133ea9ed43bfa71732e6969ea189eefa90e381054aaa877ce39237	units	world	Unicode-3.0	units/long/volume-cubic-meter/displayName
cubic centimeters	سنتيمتر مكعب	cldr-unit	https://raw.githubusercontent.com/unicode-org/cldr-json/48.2.1/cldr-json/cldr-units-full/main/ar/units.json	2026-09-20	3a24bb442e133ea9ed43bfa71732e6969ea189eefa90e381054aaa877ce39237	units	world	Unicode-3.0	units/long/volume-cubic-centimeter/displayName
cubic miles	ميل مكعب	cldr-unit	https://raw.githubusercontent.com/unicode-org/cldr-json/48.2.1/cldr-json/cldr-units-full/main/ar/units.json	2026-09-20	3a24bb442e133ea9ed43bfa71732e6969ea189eefa90e381054aaa877ce39237	units	world	Unicode-3.0	units/long/volume-cubic-mile/displayName
cubic yards	ياردة مكعبة	cldr-unit	https://raw.githubusercontent.com/unicode-org/cldr-json/48.2.1/cldr-json/cldr-units-full/main/ar/units.json	2026-09-20	3a24bb442e133ea9ed43bfa71732e6969ea189eefa90e381054aaa877ce39237	units	world	Unicode-3.0	units/long/volume-cubic-yard/displayName
cubic feet	قدم مكعبة	cldr-unit	https://raw.githubusercontent.com/unicode-org/cldr-json/48.2.1/cldr-json/cldr-units-full/main/ar/units.json	2026-09-20	3a24bb442e133ea9ed43bfa71732e6969ea189eefa90e381054aaa877ce39237	units	world	Unicode-3.0	units/long/volume-cubic-foot/displayName
cubic inches	بوصة مكعبة	cldr-unit	https://raw.githubusercontent.com/unicode-org/cldr-json/48.2.1/cldr-json/cldr-units-full/main/ar/units.json	2026-09-20	3a24bb442e133ea9ed43bfa71732e6969ea189eefa90e381054aaa877ce39237	units	world	Unicode-3.0	units/long/volume-cubic-inch/displayName
megaliters	ميغالتر	cldr-unit	https://raw.githubusercontent.com/unicode-org/cldr-json/48.2.1/cldr-json/cldr-units-full/main/ar/units.json	2026-09-20	3a24bb442e133ea9ed43bfa71732e6969ea189eefa90e381054aaa877ce39237	units	world	Unicode-3.0	units/long/volume-megaliter/displayName
hectoliters	هكتولتر	cldr-unit	https://raw.githubusercontent.com/unicode-org/cldr-json/48.2.1/cldr-json/cldr-units-full/main/ar/units.json	2026-09-20	3a24bb442e133ea9ed43bfa71732e6969ea189eefa90e381054aaa877ce39237	units	world	Unicode-3.0	units/long/volume-hectoliter/displayName
liters	لتر	cldr-unit	https://raw.githubusercontent.com/unicode-org/cldr-json/48.2.1/cldr-json/cldr-units-full/main/ar/units.json	2026-09-20	3a24bb442e133ea9ed43bfa71732e6969ea189eefa90e381054aaa877ce39237	units	world	Unicode-3.0	units/long/volume-liter/displayName
deciliters	ديسيلتر	cldr-unit	https://raw.githubusercontent.com/unicode-org/cldr-json/48.2.1/cldr-json/cldr-units-full/main/ar/units.json	2026-09-20	3a24bb442e133ea9ed43bfa71732e6969ea189eefa90e381054aaa877ce39237	units	world	Unicode-3.0	units/long/volume-deciliter/displayName
centiliters	سنتيلتر	cldr-unit	https://raw.githubusercontent.com/unicode-org/cldr-json/48.2.1/cldr-json/cldr-units-full/main/ar/units.json	2026-09-20	3a24bb442e133ea9ed43bfa71732e6969ea189eefa90e381054aaa877ce39237	units	world	Unicode-3.0	units/long/volume-centiliter/displayName
milliliters	مليلتر	cldr-unit	https://raw.githubusercontent.com/unicode-org/cldr-json/48.2.1/cldr-json/cldr-units-full/main/ar/units.json	2026-09-20	3a24bb442e133ea9ed43bfa71732e6969ea189eefa90e381054aaa877ce39237	units	world	Unicode-3.0	units/long/volume-milliliter/displayName
metric pints	مكيال متري	cldr-unit	https://raw.githubusercontent.com/unicode-org/cldr-json/48.2.1/cldr-json/cldr-units-full/main/ar/units.json	2026-09-20	3a24bb442e133ea9ed43bfa71732e6969ea189eefa90e381054aaa877ce39237	units	world	Unicode-3.0	units/long/volume-pint-metric/displayName
metric cups	كوب متري	cldr-unit	https://raw.githubusercontent.com/unicode-org/cldr-json/48.2.1/cldr-json/cldr-units-full/main/ar/units.json	2026-09-20	3a24bb442e133ea9ed43bfa71732e6969ea189eefa90e381054aaa877ce39237	units	world	Unicode-3.0	units/long/volume-cup-metric/displayName
metric fluid ounces	أونصة سائلة مترية	cldr-unit	https://raw.githubusercontent.com/unicode-org/cldr-json/48.2.1/cldr-json/cldr-units-full/main/ar/units.json	2026-09-20	3a24bb442e133ea9ed43bfa71732e6969ea189eefa90e381054aaa877ce39237	units	world	Unicode-3.0	units/long/volume-fluid-ounce-metric/displayName
acre-feet	فدان قدم	cldr-unit	https://raw.githubusercontent.com/unicode-org/cldr-json/48.2.1/cldr-json/cldr-units-full/main/ar/units.json	2026-09-20	3a24bb442e133ea9ed43bfa71732e6969ea189eefa90e381054aaa877ce39237	units	world	Unicode-3.0	units/long/volume-acre-foot/displayName
bushels	بوشل	cldr-unit	https://raw.githubusercontent.com/unicode-org/cldr-json/48.2.1/cldr-json/cldr-units-full/main/ar/units.json	2026-09-20	3a24bb442e133ea9ed43bfa71732e6969ea189eefa90e381054aaa877ce39237	units	world	Unicode-3.0	units/long/volume-bushel/displayName
gallons	غالون	cldr-unit	https://raw.githubusercontent.com/unicode-org/cldr-json/48.2.1/cldr-json/cldr-units-full/main/ar/units.json	2026-09-20	3a24bb442e133ea9ed43bfa71732e6969ea189eefa90e381054aaa877ce39237	units	world	Unicode-3.0	units/long/volume-gallon/displayName
Imp. gallons	غالون إمبراطوري	cldr-unit	https://raw.githubusercontent.com/unicode-org/cldr-json/48.2.1/cldr-json/cldr-units-full/main/ar/units.json	2026-09-20	3a24bb442e133ea9ed43bfa71732e6969ea189eefa90e381054aaa877ce39237	units	world	Unicode-3.0	units/long/volume-gallon-imperial/displayName
quarts	ربع غالون	cldr-unit	https://raw.githubusercontent.com/unicode-org/cldr-json/48.2.1/cldr-json/cldr-units-full/main/ar/units.json	2026-09-20	3a24bb442e133ea9ed43bfa71732e6969ea189eefa90e381054aaa877ce39237	units	world	Unicode-3.0	units/long/volume-quart/displayName
pints	باينت	cldr-unit	https://raw.githubusercontent.com/unicode-org/cldr-json/48.2.1/cldr-json/cldr-units-full/main/ar/units.json	2026-09-20	3a24bb442e133ea9ed43bfa71732e6969ea189eefa90e381054aaa877ce39237	units	world	Unicode-3.0	units/long/volume-pint/displayName
pints Imperial	pint Imp.	cldr-unit	https://raw.githubusercontent.com/unicode-org/cldr-json/48.2.1/cldr-json/cldr-units-full/main/ar/units.json	2026-09-20	3a24bb442e133ea9ed43bfa71732e6969ea189eefa90e381054aaa877ce39237	units	world	Unicode-3.0	units/long/volume-pint-imperial/displayName
cups	كوب	cldr-unit	https://raw.githubusercontent.com/unicode-org/cldr-json/48.2.1/cldr-json/cldr-units-full/main/ar/units.json	2026-09-20	3a24bb442e133ea9ed43bfa71732e6969ea189eefa90e381054aaa877ce39237	units	world	Unicode-3.0	units/long/volume-cup/displayName
cups Imperial	cup Imp.	cldr-unit	https://raw.githubusercontent.com/unicode-org/cldr-json/48.2.1/cldr-json/cldr-units-full/main/ar/units.json	2026-09-20	3a24bb442e133ea9ed43bfa71732e6969ea189eefa90e381054aaa877ce39237	units	world	Unicode-3.0	units/long/volume-cup-imperial/displayName
fluid ounces	أونصة سائلة	cldr-unit	https://raw.githubusercontent.com/unicode-org/cldr-json/48.2.1/cldr-json/cldr-units-full/main/ar/units.json	2026-09-20	3a24bb442e133ea9ed43bfa71732e6969ea189eefa90e381054aaa877ce39237	units	world	Unicode-3.0	units/long/volume-fluid-ounce/displayName
Imp. fluid ounces	أونصة سائلة إمبراطورية	cldr-unit	https://raw.githubusercontent.com/unicode-org/cldr-json/48.2.1/cldr-json/cldr-units-full/main/ar/units.json	2026-09-20	3a24bb442e133ea9ed43bfa71732e6969ea189eefa90e381054aaa877ce39237	units	world	Unicode-3.0	units/long/volume-fluid-ounce-imperial/displayName
tablespoons	ملعقة كبيرة	cldr-unit	https://raw.githubusercontent.com/unicode-org/cldr-json/48.2.1/cldr-json/cldr-units-full/main/ar/units.json	2026-09-20	3a24bb442e133ea9ed43bfa71732e6969ea189eefa90e381054aaa877ce39237	units	world	Unicode-3.0	units/long/volume-tablespoon/displayName
teaspoons	ملعقة صغيرة	cldr-unit	https://raw.githubusercontent.com/unicode-org/cldr-json/48.2.1/cldr-json/cldr-units-full/main/ar/units.json	2026-09-20	3a24bb442e133ea9ed43bfa71732e6969ea189eefa90e381054aaa877ce39237	units	world	Unicode-3.0	units/long/volume-teaspoon/displayName
barrels	برميل	cldr-unit	https://raw.githubusercontent.com/unicode-org/cldr-json/48.2.1/cldr-json/cldr-units-full/main/ar/units.json	2026-09-20	3a24bb442e133ea9ed43bfa71732e6969ea189eefa90e381054aaa877ce39237	units	world	Unicode-3.0	units/long/volume-barrel/displayName
dessert spoons	ملعقة حلو	cldr-unit	https://raw.githubusercontent.com/unicode-org/cldr-json/48.2.1/cldr-json/cldr-units-full/main/ar/units.json	2026-09-20	3a24bb442e133ea9ed43bfa71732e6969ea189eefa90e381054aaa877ce39237	units	world	Unicode-3.0	units/long/volume-dessert-spoon/displayName
Imp. dessert spoons	ملعقة حلو إمبراطوري	cldr-unit	https://raw.githubusercontent.com/unicode-org/cldr-json/48.2.1/cldr-json/cldr-units-full/main/ar/units.json	2026-09-20	3a24bb442e133ea9ed43bfa71732e6969ea189eefa90e381054aaa877ce39237	units	world	Unicode-3.0	units/long/volume-dessert-spoon-imperial/displayName
drops	قطرة	cldr-unit	https://raw.githubusercontent.com/unicode-org/cldr-json/48.2.1/cldr-json/cldr-units-full/main/ar/units.json	2026-09-20	3a24bb442e133ea9ed43bfa71732e6969ea189eefa90e381054aaa877ce39237	units	world	Unicode-3.0	units/long/volume-drop/displayName
drams	درهم سائل	cldr-unit	https://raw.githubusercontent.com/unicode-org/cldr-json/48.2.1/cldr-json/cldr-units-full/main/ar/units.json	2026-09-20	3a24bb442e133ea9ed43bfa71732e6969ea189eefa90e381054aaa877ce39237	units	world	Unicode-3.0	units/long/volume-dram/displayName
jiggers	قدح	cldr-unit	https://raw.githubusercontent.com/unicode-org/cldr-json/48.2.1/cldr-json/cldr-units-full/main/ar/units.json	2026-09-20	3a24bb442e133ea9ed43bfa71732e6969ea189eefa90e381054aaa877ce39237	units	world	Unicode-3.0	units/long/volume-jigger/displayName
pinches	رشّة	cldr-unit	https://raw.githubusercontent.com/unicode-org/cldr-json/48.2.1/cldr-json/cldr-units-full/main/ar/units.json	2026-09-20	3a24bb442e133ea9ed43bfa71732e6969ea189eefa90e381054aaa877ce39237	units	world	Unicode-3.0	units/long/volume-pinch/displayName
Imp. quarts	ربع غالون إمبراطوري	cldr-unit	https://raw.githubusercontent.com/unicode-org/cldr-json/48.2.1/cldr-json/cldr-units-full/main/ar/units.json	2026-09-20	3a24bb442e133ea9ed43bfa71732e6969ea189eefa90e381054aaa877ce39237	units	world	Unicode-3.0	units/long/volume-quart-imperial/displayName
steradians	ستراديان	cldr-unit	https://raw.githubusercontent.com/unicode-org/cldr-json/48.2.1/cldr-json/cldr-units-full/main/ar/units.json	2026-09-20	3a24bb442e133ea9ed43bfa71732e6969ea189eefa90e381054aaa877ce39237	units	world	Unicode-3.0	units/long/angle-steradian/displayName
katals	كاتال	cldr-unit	https://raw.githubusercontent.com/unicode-org/cldr-json/48.2.1/cldr-json/cldr-units-full/main/ar/units.json	2026-09-20	3a24bb442e133ea9ed43bfa71732e6969ea189eefa90e381054aaa877ce39237	units	world	Unicode-3.0	units/long/concentr-katal/displayName
coulombs	كولوم	cldr-unit	https://raw.githubusercontent.com/unicode-org/cldr-json/48.2.1/cldr-json/cldr-units-full/main/ar/units.json	2026-09-20	3a24bb442e133ea9ed43bfa71732e6969ea189eefa90e381054aaa877ce39237	units	world	Unicode-3.0	units/long/electric-coulomb/displayName
farads	فاراد	cldr-unit	https://raw.githubusercontent.com/unicode-org/cldr-json/48.2.1/cldr-json/cldr-units-full/main/ar/units.json	2026-09-20	3a24bb442e133ea9ed43bfa71732e6969ea189eefa90e381054aaa877ce39237	units	world	Unicode-3.0	units/long/electric-farad/displayName
henrys	هنري	cldr-unit	https://raw.githubusercontent.com/unicode-org/cldr-json/48.2.1/cldr-json/cldr-units-full/main/ar/units.json	2026-09-20	3a24bb442e133ea9ed43bfa71732e6969ea189eefa90e381054aaa877ce39237	units	world	Unicode-3.0	units/long/electric-henry/displayName
siemens	سيمنز	cldr-unit	https://raw.githubusercontent.com/unicode-org/cldr-json/48.2.1/cldr-json/cldr-units-full/main/ar/units.json	2026-09-20	3a24bb442e133ea9ed43bfa71732e6969ea189eefa90e381054aaa877ce39237	units	world	Unicode-3.0	units/long/electric-siemens/displayName
calories [IT]	سعرة-it	cldr-unit	https://raw.githubusercontent.com/unicode-org/cldr-json/48.2.1/cldr-json/cldr-units-full/main/ar/units.json	2026-09-20	3a24bb442e133ea9ed43bfa71732e6969ea189eefa90e381054aaa877ce39237	units	world	Unicode-3.0	units/long/energy-calorie-it/displayName
British thermal units [IT]	BTU-IT	cldr-unit	https://raw.githubusercontent.com/unicode-org/cldr-json/48.2.1/cldr-json/cldr-units-full/main/ar/units.json	2026-09-20	3a24bb442e133ea9ed43bfa71732e6969ea189eefa90e381054aaa877ce39237	units	world	Unicode-3.0	units/long/energy-british-thermal-unit-it/displayName
becquerels	بيكريل	cldr-unit	https://raw.githubusercontent.com/unicode-org/cldr-json/48.2.1/cldr-json/cldr-units-full/main/ar/units.json	2026-09-20	3a24bb442e133ea9ed43bfa71732e6969ea189eefa90e381054aaa877ce39237	units	world	Unicode-3.0	units/long/energy-becquerel/displayName
sieverts	زيفرت	cldr-unit	https://raw.githubusercontent.com/unicode-org/cldr-json/48.2.1/cldr-json/cldr-units-full/main/ar/units.json	2026-09-20	3a24bb442e133ea9ed43bfa71732e6969ea189eefa90e381054aaa877ce39237	units	world	Unicode-3.0	units/long/energy-sievert/displayName
grays	جراي	cldr-unit	https://raw.githubusercontent.com/unicode-org/cldr-json/48.2.1/cldr-json/cldr-units-full/main/ar/units.json	2026-09-20	3a24bb442e133ea9ed43bfa71732e6969ea189eefa90e381054aaa877ce39237	units	world	Unicode-3.0	units/long/energy-gray/displayName
kilograms-force	كيلوغرام ثقلي	cldr-unit	https://raw.githubusercontent.com/unicode-org/cldr-json/48.2.1/cldr-json/cldr-units-full/main/ar/units.json	2026-09-20	3a24bb442e133ea9ed43bfa71732e6969ea189eefa90e381054aaa877ce39237	units	world	Unicode-3.0	units/long/force-kilogram-force/displayName
rods	rod	cldr-unit	https://raw.githubusercontent.com/unicode-org/cldr-json/48.2.1/cldr-json/cldr-units-full/main/ar/units.json	2026-09-20	3a24bb442e133ea9ed43bfa71732e6969ea189eefa90e381054aaa877ce39237	units	world	Unicode-3.0	units/long/length-rod/displayName
chains	chain	cldr-unit	https://raw.githubusercontent.com/unicode-org/cldr-json/48.2.1/cldr-json/cldr-units-full/main/ar/units.json	2026-09-20	3a24bb442e133ea9ed43bfa71732e6969ea189eefa90e381054aaa877ce39237	units	world	Unicode-3.0	units/long/length-chain/displayName
teslas	تسلا	cldr-unit	https://raw.githubusercontent.com/unicode-org/cldr-json/48.2.1/cldr-json/cldr-units-full/main/ar/units.json	2026-09-20	3a24bb442e133ea9ed43bfa71732e6969ea189eefa90e381054aaa877ce39237	units	world	Unicode-3.0	units/long/magnetic-tesla/displayName
webers	ويبر	cldr-unit	https://raw.githubusercontent.com/unicode-org/cldr-json/48.2.1/cldr-json/cldr-units-full/main/ar/units.json	2026-09-20	3a24bb442e133ea9ed43bfa71732e6969ea189eefa90e381054aaa877ce39237	units	world	Unicode-3.0	units/long/magnetic-weber/displayName
rankines	°R	cldr-unit	https://raw.githubusercontent.com/unicode-org/cldr-json/48.2.1/cldr-json/cldr-units-full/main/ar/units.json	2026-09-20	3a24bb442e133ea9ed43bfa71732e6969ea189eefa90e381054aaa877ce39237	units	world	Unicode-3.0	units/long/temperature-rankine/displayName
fortnights	fortnight	cldr-unit	https://raw.githubusercontent.com/unicode-org/cldr-json/48.2.1/cldr-json/cldr-units-full/main/ar/units.json	2026-09-20	3a24bb442e133ea9ed43bfa71732e6969ea189eefa90e381054aaa877ce39237	units	world	Unicode-3.0	units/long/duration-fortnight/displayName
slugs	slug	cldr-unit	https://raw.githubusercontent.com/unicode-org/cldr-json/48.2.1/cldr-json/cldr-units-full/main/ar/units.json	2026-09-20	3a24bb442e133ea9ed43bfa71732e6969ea189eefa90e381054aaa877ce39237	units	world	Unicode-3.0	units/long/mass-slug/displayName
of gasoline equivalent	gas E	cldr-unit	https://raw.githubusercontent.com/unicode-org/cldr-json/48.2.1/cldr-json/cldr-units-full/main/ar/units.json	2026-09-20	3a24bb442e133ea9ed43bfa71732e6969ea189eefa90e381054aaa877ce39237	units	world	Unicode-3.0	units/long/pressure-gasoline-energy-density/displayName
shaku [volume, JP]	shaku [vol, JP]	cldr-unit	https://raw.githubusercontent.com/unicode-org/cldr-json/48.2.1/cldr-json/cldr-units-full/main/ar/units.json	2026-09-20	3a24bb442e133ea9ed43bfa71732e6969ea189eefa90e381054aaa877ce39237	units	world	Unicode-3.0	units/long/volume-shaku/displayName
light	ضوئي	cldr-unit	https://raw.githubusercontent.com/unicode-org/cldr-json/48.2.1/cldr-json/cldr-units-full/main/ar/units.json	2026-09-20	3a24bb442e133ea9ed43bfa71732e6969ea189eefa90e381054aaa877ce39237	units	world	Unicode-3.0	units/long/speed-light-speed/displayName
parts per billion	جزء بالمليار	cldr-unit	https://raw.githubusercontent.com/unicode-org/cldr-json/48.2.1/cldr-json/cldr-units-full/main/ar/units.json	2026-09-20	3a24bb442e133ea9ed43bfa71732e6969ea189eefa90e381054aaa877ce39237	units	world	Unicode-3.0	units/long/concentr-part-per-1e9/displayName
nights	ليالي	cldr-unit	https://raw.githubusercontent.com/unicode-org/cldr-json/48.2.1/cldr-json/cldr-units-full/main/ar/units.json	2026-09-20	3a24bb442e133ea9ed43bfa71732e6969ea189eefa90e381054aaa877ce39237	units	world	Unicode-3.0	units/long/duration-night/displayName
cardinal direction	اتجاه أساسي	cldr-unit	https://raw.githubusercontent.com/unicode-org/cldr-json/48.2.1/cldr-json/cldr-units-full/main/ar/units.json	2026-09-20	3a24bb442e133ea9ed43bfa71732e6969ea189eefa90e381054aaa877ce39237	units	world	Unicode-3.0	units/long/coordinateUnit/displayName
g-force	قوة تسارع	cldr-unit	https://raw.githubusercontent.com/unicode-org/cldr-json/48.2.1/cldr-json/cldr-units-full/main/ar/units.json	2026-09-20	3a24bb442e133ea9ed43bfa71732e6969ea189eefa90e381054aaa877ce39237	units	world	Unicode-3.0	units/short/acceleration-g-force/displayName
meters/sec²	م/ث²	cldr-unit	https://raw.githubusercontent.com/unicode-org/cldr-json/48.2.1/cldr-json/cldr-units-full/main/ar/units.json	2026-09-20	3a24bb442e133ea9ed43bfa71732e6969ea189eefa90e381054aaa877ce39237	units	world	Unicode-3.0	units/short/acceleration-meter-per-square-second/displayName
rev	دورة	cldr-unit	https://raw.githubusercontent.com/unicode-org/cldr-json/48.2.1/cldr-json/cldr-units-full/main/ar/units.json	2026-09-20	3a24bb442e133ea9ed43bfa71732e6969ea189eefa90e381054aaa877ce39237	units	world	Unicode-3.0	units/short/angle-revolution/displayName
radians	راديان	cldr-unit	https://raw.githubusercontent.com/unicode-org/cldr-json/48.2.1/cldr-json/cldr-units-full/main/ar/units.json	2026-09-20	3a24bb442e133ea9ed43bfa71732e6969ea189eefa90e381054aaa877ce39237	units	world	Unicode-3.0	units/short/angle-radian/displayName
degrees	درجة	cldr-unit	https://raw.githubusercontent.com/unicode-org/cldr-json/48.2.1/cldr-json/cldr-units-full/main/ar/units.json	2026-09-20	3a24bb442e133ea9ed43bfa71732e6969ea189eefa90e381054aaa877ce39237	units	world	Unicode-3.0	units/short/angle-degree/displayName
arcmins	دقيقة قوسية	cldr-unit	https://raw.githubusercontent.com/unicode-org/cldr-json/48.2.1/cldr-json/cldr-units-full/main/ar/units.json	2026-09-20	3a24bb442e133ea9ed43bfa71732e6969ea189eefa90e381054aaa877ce39237	units	world	Unicode-3.0	units/short/angle-arc-minute/displayName
arcsecs	ثانية قوسية	cldr-unit	https://raw.githubusercontent.com/unicode-org/cldr-json/48.2.1/cldr-json/cldr-units-full/main/ar/units.json	2026-09-20	3a24bb442e133ea9ed43bfa71732e6969ea189eefa90e381054aaa877ce39237	units	world	Unicode-3.0	units/short/angle-arc-second/displayName
km²	كم²	cldr-unit	https://raw.githubusercontent.com/unicode-org/cldr-json/48.2.1/cldr-json/cldr-units-full/main/ar/units.json	2026-09-20	3a24bb442e133ea9ed43bfa71732e6969ea189eefa90e381054aaa877ce39237	units	world	Unicode-3.0	units/short/area-square-kilometer/displayName
hectares	هكتار	cldr-unit	https://raw.githubusercontent.com/unicode-org/cldr-json/48.2.1/cldr-json/cldr-units-full/main/ar/units.json	2026-09-20	3a24bb442e133ea9ed43bfa71732e6969ea189eefa90e381054aaa877ce39237	units	world	Unicode-3.0	units/short/area-hectare/displayName
meters²	م²	cldr-unit	https://raw.githubusercontent.com/unicode-org/cldr-json/48.2.1/cldr-json/cldr-units-full/main/ar/units.json	2026-09-20	3a24bb442e133ea9ed43bfa71732e6969ea189eefa90e381054aaa877ce39237	units	world	Unicode-3.0	units/short/area-square-meter/displayName
cm²	سم ²	cldr-unit	https://raw.githubusercontent.com/unicode-org/cldr-json/48.2.1/cldr-json/cldr-units-full/main/ar/units.json	2026-09-20	3a24bb442e133ea9ed43bfa71732e6969ea189eefa90e381054aaa877ce39237	units	world	Unicode-3.0	units/short/area-square-centimeter/displayName
sq miles	ميل²	cldr-unit	https://raw.githubusercontent.com/unicode-org/cldr-json/48.2.1/cldr-json/cldr-units-full/main/ar/units.json	2026-09-20	3a24bb442e133ea9ed43bfa71732e6969ea189eefa90e381054aaa877ce39237	units	world	Unicode-3.0	units/short/area-square-mile/displayName
acres	فدان	cldr-unit	https://raw.githubusercontent.com/unicode-org/cldr-json/48.2.1/cldr-json/cldr-units-full/main/ar/units.json	2026-09-20	3a24bb442e133ea9ed43bfa71732e6969ea189eefa90e381054aaa877ce39237	units	world	Unicode-3.0	units/short/area-acre/displayName
yards²	ياردة²	cldr-unit	https://raw.githubusercontent.com/unicode-org/cldr-json/48.2.1/cldr-json/cldr-units-full/main/ar/units.json	2026-09-20	3a24bb442e133ea9ed43bfa71732e6969ea189eefa90e381054aaa877ce39237	units	world	Unicode-3.0	units/short/area-square-yard/displayName
sq feet	قدم²	cldr-unit	https://raw.githubusercontent.com/unicode-org/cldr-json/48.2.1/cldr-json/cldr-units-full/main/ar/units.json	2026-09-20	3a24bb442e133ea9ed43bfa71732e6969ea189eefa90e381054aaa877ce39237	units	world	Unicode-3.0	units/short/area-square-foot/displayName
inches²	بوصة²	cldr-unit	https://raw.githubusercontent.com/unicode-org/cldr-json/48.2.1/cldr-json/cldr-units-full/main/ar/units.json	2026-09-20	3a24bb442e133ea9ed43bfa71732e6969ea189eefa90e381054aaa877ce39237	units	world	Unicode-3.0	units/short/area-square-inch/displayName
dunams	دونم	cldr-unit	https://raw.githubusercontent.com/unicode-org/cldr-json/48.2.1/cldr-json/cldr-units-full/main/ar/units.json	2026-09-20	3a24bb442e133ea9ed43bfa71732e6969ea189eefa90e381054aaa877ce39237	units	world	Unicode-3.0	units/short/area-dunam/displayName
karats	قيراط	cldr-unit	https://raw.githubusercontent.com/unicode-org/cldr-json/48.2.1/cldr-json/cldr-units-full/main/ar/units.json	2026-09-20	3a24bb442e133ea9ed43bfa71732e6969ea189eefa90e381054aaa877ce39237	units	world	Unicode-3.0	units/short/concentr-karat/displayName
mg/dL	مغم/ديسيل	cldr-unit	https://raw.githubusercontent.com/unicode-org/cldr-json/48.2.1/cldr-json/cldr-units-full/main/ar/units.json	2026-09-20	3a24bb442e133ea9ed43bfa71732e6969ea189eefa90e381054aaa877ce39237	units	world	Unicode-3.0	units/short/concentr-milligram-ofglucose-per-deciliter/displayName
millimol/liter	م.مول/ل	cldr-unit	https://raw.githubusercontent.com/unicode-org/cldr-json/48.2.1/cldr-json/cldr-units-full/main/ar/units.json	2026-09-20	3a24bb442e133ea9ed43bfa71732e6969ea189eefa90e381054aaa877ce39237	units	world	Unicode-3.0	units/short/concentr-millimole-per-liter/displayName
item	عنصر	cldr-unit	https://raw.githubusercontent.com/unicode-org/cldr-json/48.2.1/cldr-json/cldr-units-full/main/ar/units.json	2026-09-20	3a24bb442e133ea9ed43bfa71732e6969ea189eefa90e381054aaa877ce39237	units	world	Unicode-3.0	units/short/concentr-item/displayName
part	جزء	cldr-unit	https://raw.githubusercontent.com/unicode-org/cldr-json/48.2.1/cldr-json/cldr-units-full/main/ar/units.json	2026-09-20	3a24bb442e133ea9ed43bfa71732e6969ea189eefa90e381054aaa877ce39237	units	world	Unicode-3.0	units/short/concentr-part/displayName
parts/million	جزء/مليون	cldr-unit	https://raw.githubusercontent.com/unicode-org/cldr-json/48.2.1/cldr-json/cldr-units-full/main/ar/units.json	2026-09-20	3a24bb442e133ea9ed43bfa71732e6969ea189eefa90e381054aaa877ce39237	units	world	Unicode-3.0	units/short/concentr-part-per-1e6/displayName
percent	بالمائة	cldr-unit	https://raw.githubusercontent.com/unicode-org/cldr-json/48.2.1/cldr-json/cldr-units-full/main/ar/units.json	2026-09-20	3a24bb442e133ea9ed43bfa71732e6969ea189eefa90e381054aaa877ce39237	units	world	Unicode-3.0	units/short/concentr-percent/displayName
permille	في الألف	cldr-unit	https://raw.githubusercontent.com/unicode-org/cldr-json/48.2.1/cldr-json/cldr-units-full/main/ar/units.json	2026-09-20	3a24bb442e133ea9ed43bfa71732e6969ea189eefa90e381054aaa877ce39237	units	world	Unicode-3.0	units/short/concentr-permille/displayName
permyriad	‱	cldr-unit	https://raw.githubusercontent.com/unicode-org/cldr-json/48.2.1/cldr-json/cldr-units-full/main/ar/units.json	2026-09-20	3a24bb442e133ea9ed43bfa71732e6969ea189eefa90e381054aaa877ce39237	units	world	Unicode-3.0	units/short/concentr-permyriad/displayName
mole	مول	cldr-unit	https://raw.githubusercontent.com/unicode-org/cldr-json/48.2.1/cldr-json/cldr-units-full/main/ar/units.json	2026-09-20	3a24bb442e133ea9ed43bfa71732e6969ea189eefa90e381054aaa877ce39237	units	world	Unicode-3.0	units/short/concentr-mole/displayName
Glc	سكّري	cldr-unit	https://raw.githubusercontent.com/unicode-org/cldr-json/48.2.1/cldr-json/cldr-units-full/main/ar/units.json	2026-09-20	3a24bb442e133ea9ed43bfa71732e6969ea189eefa90e381054aaa877ce39237	units	world	Unicode-3.0	units/short/concentr-ofglucose/displayName
liters/km	لتر/كم	cldr-unit	https://raw.githubusercontent.com/unicode-org/cldr-json/48.2.1/cldr-json/cldr-units-full/main/ar/units.json	2026-09-20	3a24bb442e133ea9ed43bfa71732e6969ea189eefa90e381054aaa877ce39237	units	world	Unicode-3.0	units/short/consumption-liter-per-kilometer/displayName
L/100 km	لتر/‏١٠٠ كم	cldr-unit	https://raw.githubusercontent.com/unicode-org/cldr-json/48.2.1/cldr-json/cldr-units-full/main/ar/units.json	2026-09-20	3a24bb442e133ea9ed43bfa71732e6969ea189eefa90e381054aaa877ce39237	units	world	Unicode-3.0	units/short/consumption-liter-per-100-kilometer/displayName
miles/gal	ميل/غالون	cldr-unit	https://raw.githubusercontent.com/unicode-org/cldr-json/48.2.1/cldr-json/cldr-units-full/main/ar/units.json	2026-09-20	3a24bb442e133ea9ed43bfa71732e6969ea189eefa90e381054aaa877ce39237	units	world	Unicode-3.0	units/short/consumption-mile-per-gallon/displayName
miles/gal Imp.	ميل/غ. إمبراطوري	cldr-unit	https://raw.githubusercontent.com/unicode-org/cldr-json/48.2.1/cldr-json/cldr-units-full/main/ar/units.json	2026-09-20	3a24bb442e133ea9ed43bfa71732e6969ea189eefa90e381054aaa877ce39237	units	world	Unicode-3.0	units/short/consumption-mile-per-gallon-imperial/displayName
PByte	بيتابايت	cldr-unit	https://raw.githubusercontent.com/unicode-org/cldr-json/48.2.1/cldr-json/cldr-units-full/main/ar/units.json	2026-09-20	3a24bb442e133ea9ed43bfa71732e6969ea189eefa90e381054aaa877ce39237	units	world	Unicode-3.0	units/short/digital-petabyte/displayName
TByte	تيرابايت	cldr-unit	https://raw.githubusercontent.com/unicode-org/cldr-json/48.2.1/cldr-json/cldr-units-full/main/ar/units.json	2026-09-20	3a24bb442e133ea9ed43bfa71732e6969ea189eefa90e381054aaa877ce39237	units	world	Unicode-3.0	units/short/digital-terabyte/displayName
Tbit	تيرابت	cldr-unit	https://raw.githubusercontent.com/unicode-org/cldr-json/48.2.1/cldr-json/cldr-units-full/main/ar/units.json	2026-09-20	3a24bb442e133ea9ed43bfa71732e6969ea189eefa90e381054aaa877ce39237	units	world	Unicode-3.0	units/short/digital-terabit/displayName
GByte	غ.ب	cldr-unit	https://raw.githubusercontent.com/unicode-org/cldr-json/48.2.1/cldr-json/cldr-units-full/main/ar/units.json	2026-09-20	3a24bb442e133ea9ed43bfa71732e6969ea189eefa90e381054aaa877ce39237	units	world	Unicode-3.0	units/short/digital-gigabyte/displayName
Gbit	غيغابت	cldr-unit	https://raw.githubusercontent.com/unicode-org/cldr-json/48.2.1/cldr-json/cldr-units-full/main/ar/units.json	2026-09-20	3a24bb442e133ea9ed43bfa71732e6969ea189eefa90e381054aaa877ce39237	units	world	Unicode-3.0	units/short/digital-gigabit/displayName
MByte	ميغابايت	cldr-unit	https://raw.githubusercontent.com/unicode-org/cldr-json/48.2.1/cldr-json/cldr-units-full/main/ar/units.json	2026-09-20	3a24bb442e133ea9ed43bfa71732e6969ea189eefa90e381054aaa877ce39237	units	world	Unicode-3.0	units/short/digital-megabyte/displayName
Mbit	ميغابت	cldr-unit	https://raw.githubusercontent.com/unicode-org/cldr-json/48.2.1/cldr-json/cldr-units-full/main/ar/units.json	2026-09-20	3a24bb442e133ea9ed43bfa71732e6969ea189eefa90e381054aaa877ce39237	units	world	Unicode-3.0	units/short/digital-megabit/displayName
kByte	كيلوبايت	cldr-unit	https://raw.githubusercontent.com/unicode-org/cldr-json/48.2.1/cldr-json/cldr-units-full/main/ar/units.json	2026-09-20	3a24bb442e133ea9ed43bfa71732e6969ea189eefa90e381054aaa877ce39237	units	world	Unicode-3.0	units/short/digital-kilobyte/displayName
kbit	كيلوبت	cldr-unit	https://raw.githubusercontent.com/unicode-org/cldr-json/48.2.1/cldr-json/cldr-units-full/main/ar/units.json	2026-09-20	3a24bb442e133ea9ed43bfa71732e6969ea189eefa90e381054aaa877ce39237	units	world	Unicode-3.0	units/short/digital-kilobit/displayName
byte	بايت	cldr-unit	https://raw.githubusercontent.com/unicode-org/cldr-json/48.2.1/cldr-json/cldr-units-full/main/ar/units.json	2026-09-20	3a24bb442e133ea9ed43bfa71732e6969ea189eefa90e381054aaa877ce39237	units	world	Unicode-3.0	units/short/digital-byte/displayName
bit	بت	cldr-unit	https://raw.githubusercontent.com/unicode-org/cldr-json/48.2.1/cldr-json/cldr-units-full/main/ar/units.json	2026-09-20	3a24bb442e133ea9ed43bfa71732e6969ea189eefa90e381054aaa877ce39237	units	world	Unicode-3.0	units/short/digital-bit/displayName
c	قرن	cldr-unit	https://raw.githubusercontent.com/unicode-org/cldr-json/48.2.1/cldr-json/cldr-units-full/main/ar/units.json	2026-09-20	3a24bb442e133ea9ed43bfa71732e6969ea189eefa90e381054aaa877ce39237	units	world	Unicode-3.0	units/short/duration-century/displayName
dec	عقد	cldr-unit	https://raw.githubusercontent.com/unicode-org/cldr-json/48.2.1/cldr-json/cldr-units-full/main/ar/units.json	2026-09-20	3a24bb442e133ea9ed43bfa71732e6969ea189eefa90e381054aaa877ce39237	units	world	Unicode-3.0	units/short/duration-decade/displayName
years	سنة	cldr-unit	https://raw.githubusercontent.com/unicode-org/cldr-json/48.2.1/cldr-json/cldr-units-full/main/ar/units.json	2026-09-20	3a24bb442e133ea9ed43bfa71732e6969ea189eefa90e381054aaa877ce39237	units	world	Unicode-3.0	units/short/duration-year/displayName
qtr	ربع سنوي	cldr-unit	https://raw.githubusercontent.com/unicode-org/cldr-json/48.2.1/cldr-json/cldr-units-full/main/ar/units.json	2026-09-20	3a24bb442e133ea9ed43bfa71732e6969ea189eefa90e381054aaa877ce39237	units	world	Unicode-3.0	units/short/duration-quarter/displayName
months	شهور	cldr-unit	https://raw.githubusercontent.com/unicode-org/cldr-json/48.2.1/cldr-json/cldr-units-full/main/ar/units.json	2026-09-20	3a24bb442e133ea9ed43bfa71732e6969ea189eefa90e381054aaa877ce39237	units	world	Unicode-3.0	units/short/duration-month/displayName
weeks	أسبوع	cldr-unit	https://raw.githubusercontent.com/unicode-org/cldr-json/48.2.1/cldr-json/cldr-units-full/main/ar/units.json	2026-09-20	3a24bb442e133ea9ed43bfa71732e6969ea189eefa90e381054aaa877ce39237	units	world	Unicode-3.0	units/short/duration-week/displayName
days	أيام	cldr-unit	https://raw.githubusercontent.com/unicode-org/cldr-json/48.2.1/cldr-json/cldr-units-full/main/ar/units.json	2026-09-20	3a24bb442e133ea9ed43bfa71732e6969ea189eefa90e381054aaa877ce39237	units	world	Unicode-3.0	units/short/duration-day/displayName
hours	ساعة	cldr-unit	https://raw.githubusercontent.com/unicode-org/cldr-json/48.2.1/cldr-json/cldr-units-full/main/ar/units.json	2026-09-20	3a24bb442e133ea9ed43bfa71732e6969ea189eefa90e381054aaa877ce39237	units	world	Unicode-3.0	units/short/duration-hour/displayName
mins	د	cldr-unit	https://raw.githubusercontent.com/unicode-org/cldr-json/48.2.1/cldr-json/cldr-units-full/main/ar/units.json	2026-09-20	3a24bb442e133ea9ed43bfa71732e6969ea189eefa90e381054aaa877ce39237	units	world	Unicode-3.0	units/short/duration-minute/displayName
secs	ثانية	cldr-unit	https://raw.githubusercontent.com/unicode-org/cldr-json/48.2.1/cldr-json/cldr-units-full/main/ar/units.json	2026-09-20	3a24bb442e133ea9ed43bfa71732e6969ea189eefa90e381054aaa877ce39237	units	world	Unicode-3.0	units/short/duration-second/displayName
millisecs	ملي ثانية	cldr-unit	https://raw.githubusercontent.com/unicode-org/cldr-json/48.2.1/cldr-json/cldr-units-full/main/ar/units.json	2026-09-20	3a24bb442e133ea9ed43bfa71732e6969ea189eefa90e381054aaa877ce39237	units	world	Unicode-3.0	units/short/duration-millisecond/displayName
μsecs	م.ث.	cldr-unit	https://raw.githubusercontent.com/unicode-org/cldr-json/48.2.1/cldr-json/cldr-units-full/main/ar/units.json	2026-09-20	3a24bb442e133ea9ed43bfa71732e6969ea189eefa90e381054aaa877ce39237	units	world	Unicode-3.0	units/short/duration-microsecond/displayName
nanosecs	ن.ث.	cldr-unit	https://raw.githubusercontent.com/unicode-org/cldr-json/48.2.1/cldr-json/cldr-units-full/main/ar/units.json	2026-09-20	3a24bb442e133ea9ed43bfa71732e6969ea189eefa90e381054aaa877ce39237	units	world	Unicode-3.0	units/short/duration-nanosecond/displayName
amps	أمبير	cldr-unit	https://raw.githubusercontent.com/unicode-org/cldr-json/48.2.1/cldr-json/cldr-units-full/main/ar/units.json	2026-09-20	3a24bb442e133ea9ed43bfa71732e6969ea189eefa90e381054aaa877ce39237	units	world	Unicode-3.0	units/short/electric-ampere/displayName
milliamps	م أمبير	cldr-unit	https://raw.githubusercontent.com/unicode-org/cldr-json/48.2.1/cldr-json/cldr-units-full/main/ar/units.json	2026-09-20	3a24bb442e133ea9ed43bfa71732e6969ea189eefa90e381054aaa877ce39237	units	world	Unicode-3.0	units/short/electric-milliampere/displayName
ohms	أوم	cldr-unit	https://raw.githubusercontent.com/unicode-org/cldr-json/48.2.1/cldr-json/cldr-units-full/main/ar/units.json	2026-09-20	3a24bb442e133ea9ed43bfa71732e6969ea189eefa90e381054aaa877ce39237	units	world	Unicode-3.0	units/short/electric-ohm/displayName
volts	فولت	cldr-unit	https://raw.githubusercontent.com/unicode-org/cldr-json/48.2.1/cldr-json/cldr-units-full/main/ar/units.json	2026-09-20	3a24bb442e133ea9ed43bfa71732e6969ea189eefa90e381054aaa877ce39237	units	world	Unicode-3.0	units/short/electric-volt/displayName
kcal	ك سعرة	cldr-unit	https://raw.githubusercontent.com/unicode-org/cldr-json/48.2.1/cldr-json/cldr-units-full/main/ar/units.json	2026-09-20	3a24bb442e133ea9ed43bfa71732e6969ea189eefa90e381054aaa877ce39237	units	world	Unicode-3.0	units/short/energy-kilocalorie/displayName
cal	سع	cldr-unit	https://raw.githubusercontent.com/unicode-org/cldr-json/48.2.1/cldr-json/cldr-units-full/main/ar/units.json	2026-09-20	3a24bb442e133ea9ed43bfa71732e6969ea189eefa90e381054aaa877ce39237	units	world	Unicode-3.0	units/short/energy-calorie/displayName
Cal	سع	cldr-unit	https://raw.githubusercontent.com/unicode-org/cldr-json/48.2.1/cldr-json/cldr-units-full/main/ar/units.json	2026-09-20	3a24bb442e133ea9ed43bfa71732e6969ea189eefa90e381054aaa877ce39237	units	world	Unicode-3.0	units/short/energy-foodcalorie/displayName
kilojoule	ك جول	cldr-unit	https://raw.githubusercontent.com/unicode-org/cldr-json/48.2.1/cldr-json/cldr-units-full/main/ar/units.json	2026-09-20	3a24bb442e133ea9ed43bfa71732e6969ea189eefa90e381054aaa877ce39237	units	world	Unicode-3.0	units/short/energy-kilojoule/displayName
joules	جول	cldr-unit	https://raw.githubusercontent.com/unicode-org/cldr-json/48.2.1/cldr-json/cldr-units-full/main/ar/units.json	2026-09-20	3a24bb442e133ea9ed43bfa71732e6969ea189eefa90e381054aaa877ce39237	units	world	Unicode-3.0	units/short/energy-joule/displayName
kW-hour	ك.و.س	cldr-unit	https://raw.githubusercontent.com/unicode-org/cldr-json/48.2.1/cldr-json/cldr-units-full/main/ar/units.json	2026-09-20	3a24bb442e133ea9ed43bfa71732e6969ea189eefa90e381054aaa877ce39237	units	world	Unicode-3.0	units/short/energy-kilowatt-hour/displayName
electronvolt	إلكترون فولت	cldr-unit	https://raw.githubusercontent.com/unicode-org/cldr-json/48.2.1/cldr-json/cldr-units-full/main/ar/units.json	2026-09-20	3a24bb442e133ea9ed43bfa71732e6969ea189eefa90e381054aaa877ce39237	units	world	Unicode-3.0	units/short/energy-electronvolt/displayName
BTU	وحدة حرارية بريطانية	cldr-unit	https://raw.githubusercontent.com/unicode-org/cldr-json/48.2.1/cldr-json/cldr-units-full/main/ar/units.json	2026-09-20	3a24bb442e133ea9ed43bfa71732e6969ea189eefa90e381054aaa877ce39237	units	world	Unicode-3.0	units/short/energy-british-thermal-unit/displayName
US therm	وحدة حرارية أمريكية	cldr-unit	https://raw.githubusercontent.com/unicode-org/cldr-json/48.2.1/cldr-json/cldr-units-full/main/ar/units.json	2026-09-20	3a24bb442e133ea9ed43bfa71732e6969ea189eefa90e381054aaa877ce39237	units	world	Unicode-3.0	units/short/energy-therm-us/displayName
pound-force	باوند قوة	cldr-unit	https://raw.githubusercontent.com/unicode-org/cldr-json/48.2.1/cldr-json/cldr-units-full/main/ar/units.json	2026-09-20	3a24bb442e133ea9ed43bfa71732e6969ea189eefa90e381054aaa877ce39237	units	world	Unicode-3.0	units/short/force-pound-force/displayName
newton	نيوتن	cldr-unit	https://raw.githubusercontent.com/unicode-org/cldr-json/48.2.1/cldr-json/cldr-units-full/main/ar/units.json	2026-09-20	3a24bb442e133ea9ed43bfa71732e6969ea189eefa90e381054aaa877ce39237	units	world	Unicode-3.0	units/short/force-newton/displayName
kWh/100km	ك.و.س لكل 100 كم	cldr-unit	https://raw.githubusercontent.com/unicode-org/cldr-json/48.2.1/cldr-json/cldr-units-full/main/ar/units.json	2026-09-20	3a24bb442e133ea9ed43bfa71732e6969ea189eefa90e381054aaa877ce39237	units	world	Unicode-3.0	units/short/force-kilowatt-hour-per-100-kilometer/displayName
GHz	غ هرتز	cldr-unit	https://raw.githubusercontent.com/unicode-org/cldr-json/48.2.1/cldr-json/cldr-units-full/main/ar/units.json	2026-09-20	3a24bb442e133ea9ed43bfa71732e6969ea189eefa90e381054aaa877ce39237	units	world	Unicode-3.0	units/short/frequency-gigahertz/displayName
MHz	م هرتز	cldr-unit	https://raw.githubusercontent.com/unicode-org/cldr-json/48.2.1/cldr-json/cldr-units-full/main/ar/units.json	2026-09-20	3a24bb442e133ea9ed43bfa71732e6969ea189eefa90e381054aaa877ce39237	units	world	Unicode-3.0	units/short/frequency-megahertz/displayName
kHz	ك هرتز	cldr-unit	https://raw.githubusercontent.com/unicode-org/cldr-json/48.2.1/cldr-json/cldr-units-full/main/ar/units.json	2026-09-20	3a24bb442e133ea9ed43bfa71732e6969ea189eefa90e381054aaa877ce39237	units	world	Unicode-3.0	units/short/frequency-kilohertz/displayName
Hz	هرتز	cldr-unit	https://raw.githubusercontent.com/unicode-org/cldr-json/48.2.1/cldr-json/cldr-units-full/main/ar/units.json	2026-09-20	3a24bb442e133ea9ed43bfa71732e6969ea189eefa90e381054aaa877ce39237	units	world	Unicode-3.0	units/short/frequency-hertz/displayName
em	إم	cldr-unit	https://raw.githubusercontent.com/unicode-org/cldr-json/48.2.1/cldr-json/cldr-units-full/main/ar/units.json	2026-09-20	3a24bb442e133ea9ed43bfa71732e6969ea189eefa90e381054aaa877ce39237	units	world	Unicode-3.0	units/short/graphics-em/displayName
pixels	بكسل	cldr-unit	https://raw.githubusercontent.com/unicode-org/cldr-json/48.2.1/cldr-json/cldr-units-full/main/ar/units.json	2026-09-20	3a24bb442e133ea9ed43bfa71732e6969ea189eefa90e381054aaa877ce39237	units	world	Unicode-3.0	units/short/graphics-pixel/displayName
megapixels	م.بكسل	cldr-unit	https://raw.githubusercontent.com/unicode-org/cldr-json/48.2.1/cldr-json/cldr-units-full/main/ar/units.json	2026-09-20	3a24bb442e133ea9ed43bfa71732e6969ea189eefa90e381054aaa877ce39237	units	world	Unicode-3.0	units/short/graphics-megapixel/displayName
ppcm	بكسل لكل سنتيمتر	cldr-unit	https://raw.githubusercontent.com/unicode-org/cldr-json/48.2.1/cldr-json/cldr-units-full/main/ar/units.json	2026-09-20	3a24bb442e133ea9ed43bfa71732e6969ea189eefa90e381054aaa877ce39237	units	world	Unicode-3.0	units/short/graphics-pixel-per-centimeter/displayName
ppi	بكسل لكل بوصة	cldr-unit	https://raw.githubusercontent.com/unicode-org/cldr-json/48.2.1/cldr-json/cldr-units-full/main/ar/units.json	2026-09-20	3a24bb442e133ea9ed43bfa71732e6969ea189eefa90e381054aaa877ce39237	units	world	Unicode-3.0	units/short/graphics-pixel-per-inch/displayName
dpcm	نقطة/سم	cldr-unit	https://raw.githubusercontent.com/unicode-org/cldr-json/48.2.1/cldr-json/cldr-units-full/main/ar/units.json	2026-09-20	3a24bb442e133ea9ed43bfa71732e6969ea189eefa90e381054aaa877ce39237	units	world	Unicode-3.0	units/short/graphics-dot-per-centimeter/displayName
dpi	نقطة/بوصة	cldr-unit	https://raw.githubusercontent.com/unicode-org/cldr-json/48.2.1/cldr-json/cldr-units-full/main/ar/units.json	2026-09-20	3a24bb442e133ea9ed43bfa71732e6969ea189eefa90e381054aaa877ce39237	units	world	Unicode-3.0	units/short/graphics-dot-per-inch/displayName
earth radius	نق أرضي	cldr-unit	https://raw.githubusercontent.com/unicode-org/cldr-json/48.2.1/cldr-json/cldr-units-full/main/ar/units.json	2026-09-20	3a24bb442e133ea9ed43bfa71732e6969ea189eefa90e381054aaa877ce39237	units	world	Unicode-3.0	units/short/length-earth-radius/displayName
km	كم	cldr-unit	https://raw.githubusercontent.com/unicode-org/cldr-json/48.2.1/cldr-json/cldr-units-full/main/ar/units.json	2026-09-20	3a24bb442e133ea9ed43bfa71732e6969ea189eefa90e381054aaa877ce39237	units	world	Unicode-3.0	units/short/length-kilometer/displayName
m	م	cldr-unit	https://raw.githubusercontent.com/unicode-org/cldr-json/48.2.1/cldr-json/cldr-units-full/main/ar/units.json	2026-09-20	3a24bb442e133ea9ed43bfa71732e6969ea189eefa90e381054aaa877ce39237	units	world	Unicode-3.0	units/short/length-meter/displayName
dm	دسم	cldr-unit	https://raw.githubusercontent.com/unicode-org/cldr-json/48.2.1/cldr-json/cldr-units-full/main/ar/units.json	2026-09-20	3a24bb442e133ea9ed43bfa71732e6969ea189eefa90e381054aaa877ce39237	units	world	Unicode-3.0	units/short/length-decimeter/displayName
cm	سم	cldr-unit	https://raw.githubusercontent.com/unicode-org/cldr-json/48.2.1/cldr-json/cldr-units-full/main/ar/units.json	2026-09-20	3a24bb442e133ea9ed43bfa71732e6969ea189eefa90e381054aaa877ce39237	units	world	Unicode-3.0	units/short/length-centimeter/displayName
mm	مليمتر	cldr-unit	https://raw.githubusercontent.com/unicode-org/cldr-json/48.2.1/cldr-json/cldr-units-full/main/ar/units.json	2026-09-20	3a24bb442e133ea9ed43bfa71732e6969ea189eefa90e381054aaa877ce39237	units	world	Unicode-3.0	units/short/length-millimeter/displayName
μmeters	ميكرومتر	cldr-unit	https://raw.githubusercontent.com/unicode-org/cldr-json/48.2.1/cldr-json/cldr-units-full/main/ar/units.json	2026-09-20	3a24bb442e133ea9ed43bfa71732e6969ea189eefa90e381054aaa877ce39237	units	world	Unicode-3.0	units/short/length-micrometer/displayName
nm	نانو متر	cldr-unit	https://raw.githubusercontent.com/unicode-org/cldr-json/48.2.1/cldr-json/cldr-units-full/main/ar/units.json	2026-09-20	3a24bb442e133ea9ed43bfa71732e6969ea189eefa90e381054aaa877ce39237	units	world	Unicode-3.0	units/short/length-nanometer/displayName
pm	بيكومتر	cldr-unit	https://raw.githubusercontent.com/unicode-org/cldr-json/48.2.1/cldr-json/cldr-units-full/main/ar/units.json	2026-09-20	3a24bb442e133ea9ed43bfa71732e6969ea189eefa90e381054aaa877ce39237	units	world	Unicode-3.0	units/short/length-picometer/displayName
miles	ميل	cldr-unit	https://raw.githubusercontent.com/unicode-org/cldr-json/48.2.1/cldr-json/cldr-units-full/main/ar/units.json	2026-09-20	3a24bb442e133ea9ed43bfa71732e6969ea189eefa90e381054aaa877ce39237	units	world	Unicode-3.0	units/short/length-mile/displayName
yards	ياردة	cldr-unit	https://raw.githubusercontent.com/unicode-org/cldr-json/48.2.1/cldr-json/cldr-units-full/main/ar/units.json	2026-09-20	3a24bb442e133ea9ed43bfa71732e6969ea189eefa90e381054aaa877ce39237	units	world	Unicode-3.0	units/short/length-yard/displayName
feet	قدم	cldr-unit	https://raw.githubusercontent.com/unicode-org/cldr-json/48.2.1/cldr-json/cldr-units-full/main/ar/units.json	2026-09-20	3a24bb442e133ea9ed43bfa71732e6969ea189eefa90e381054aaa877ce39237	units	world	Unicode-3.0	units/short/length-foot/displayName
inches	بوصة	cldr-unit	https://raw.githubusercontent.com/unicode-org/cldr-json/48.2.1/cldr-json/cldr-units-full/main/ar/units.json	2026-09-20	3a24bb442e133ea9ed43bfa71732e6969ea189eefa90e381054aaa877ce39237	units	world	Unicode-3.0	units/short/length-inch/displayName
parsecs	فرسخ فلكي	cldr-unit	https://raw.githubusercontent.com/unicode-org/cldr-json/48.2.1/cldr-json/cldr-units-full/main/ar/units.json	2026-09-20	3a24bb442e133ea9ed43bfa71732e6969ea189eefa90e381054aaa877ce39237	units	world	Unicode-3.0	units/short/length-parsec/displayName
light yrs	سنة ضوئية	cldr-unit	https://raw.githubusercontent.com/unicode-org/cldr-json/48.2.1/cldr-json/cldr-units-full/main/ar/units.json	2026-09-20	3a24bb442e133ea9ed43bfa71732e6969ea189eefa90e381054aaa877ce39237	units	world	Unicode-3.0	units/short/length-light-year/displayName
au	و.ف.	cldr-unit	https://raw.githubusercontent.com/unicode-org/cldr-json/48.2.1/cldr-json/cldr-units-full/main/ar/units.json	2026-09-20	3a24bb442e133ea9ed43bfa71732e6969ea189eefa90e381054aaa877ce39237	units	world	Unicode-3.0	units/short/length-astronomical-unit/displayName
furlongs	فرلنغ	cldr-unit	https://raw.githubusercontent.com/unicode-org/cldr-json/48.2.1/cldr-json/cldr-units-full/main/ar/units.json	2026-09-20	3a24bb442e133ea9ed43bfa71732e6969ea189eefa90e381054aaa877ce39237	units	world	Unicode-3.0	units/short/length-furlong/displayName
fathoms	قامة	cldr-unit	https://raw.githubusercontent.com/unicode-org/cldr-json/48.2.1/cldr-json/cldr-units-full/main/ar/units.json	2026-09-20	3a24bb442e133ea9ed43bfa71732e6969ea189eefa90e381054aaa877ce39237	units	world	Unicode-3.0	units/short/length-fathom/displayName
nmi	ميل بحري	cldr-unit	https://raw.githubusercontent.com/unicode-org/cldr-json/48.2.1/cldr-json/cldr-units-full/main/ar/units.json	2026-09-20	3a24bb442e133ea9ed43bfa71732e6969ea189eefa90e381054aaa877ce39237	units	world	Unicode-3.0	units/short/length-nautical-mile/displayName
smi	ميل اسكندنافي	cldr-unit	https://raw.githubusercontent.com/unicode-org/cldr-json/48.2.1/cldr-json/cldr-units-full/main/ar/units.json	2026-09-20	3a24bb442e133ea9ed43bfa71732e6969ea189eefa90e381054aaa877ce39237	units	world	Unicode-3.0	units/short/length-mile-scandinavian/displayName
points	نقطة	cldr-unit	https://raw.githubusercontent.com/unicode-org/cldr-json/48.2.1/cldr-json/cldr-units-full/main/ar/units.json	2026-09-20	3a24bb442e133ea9ed43bfa71732e6969ea189eefa90e381054aaa877ce39237	units	world	Unicode-3.0	units/short/length-point/displayName
solar radii	نق شمسي	cldr-unit	https://raw.githubusercontent.com/unicode-org/cldr-json/48.2.1/cldr-json/cldr-units-full/main/ar/units.json	2026-09-20	3a24bb442e133ea9ed43bfa71732e6969ea189eefa90e381054aaa877ce39237	units	world	Unicode-3.0	units/short/length-solar-radius/displayName
lux	لكس	cldr-unit	https://raw.githubusercontent.com/unicode-org/cldr-json/48.2.1/cldr-json/cldr-units-full/main/ar/units.json	2026-09-20	3a24bb442e133ea9ed43bfa71732e6969ea189eefa90e381054aaa877ce39237	units	world	Unicode-3.0	units/short/light-lux/displayName
candela	شمعة	cldr-unit	https://raw.githubusercontent.com/unicode-org/cldr-json/48.2.1/cldr-json/cldr-units-full/main/ar/units.json	2026-09-20	3a24bb442e133ea9ed43bfa71732e6969ea189eefa90e381054aaa877ce39237	units	world	Unicode-3.0	units/short/light-candela/displayName
lumen	لومن	cldr-unit	https://raw.githubusercontent.com/unicode-org/cldr-json/48.2.1/cldr-json/cldr-units-full/main/ar/units.json	2026-09-20	3a24bb442e133ea9ed43bfa71732e6969ea189eefa90e381054aaa877ce39237	units	world	Unicode-3.0	units/short/light-lumen/displayName
solar luminosities	ضياء شمسي	cldr-unit	https://raw.githubusercontent.com/unicode-org/cldr-json/48.2.1/cldr-json/cldr-units-full/main/ar/units.json	2026-09-20	3a24bb442e133ea9ed43bfa71732e6969ea189eefa90e381054aaa877ce39237	units	world	Unicode-3.0	units/short/light-solar-luminosity/displayName
t	ط.م	cldr-unit	https://raw.githubusercontent.com/unicode-org/cldr-json/48.2.1/cldr-json/cldr-units-full/main/ar/units.json	2026-09-20	3a24bb442e133ea9ed43bfa71732e6969ea189eefa90e381054aaa877ce39237	units	world	Unicode-3.0	units/short/mass-tonne/displayName
kg	كغم	cldr-unit	https://raw.githubusercontent.com/unicode-org/cldr-json/48.2.1/cldr-json/cldr-units-full/main/ar/units.json	2026-09-20	3a24bb442e133ea9ed43bfa71732e6969ea189eefa90e381054aaa877ce39237	units	world	Unicode-3.0	units/short/mass-kilogram/displayName
grams	غرام	cldr-unit	https://raw.githubusercontent.com/unicode-org/cldr-json/48.2.1/cldr-json/cldr-units-full/main/ar/units.json	2026-09-20	3a24bb442e133ea9ed43bfa71732e6969ea189eefa90e381054aaa877ce39237	units	world	Unicode-3.0	units/short/mass-gram/displayName
mg	مغم	cldr-unit	https://raw.githubusercontent.com/unicode-org/cldr-json/48.2.1/cldr-json/cldr-units-full/main/ar/units.json	2026-09-20	3a24bb442e133ea9ed43bfa71732e6969ea189eefa90e381054aaa877ce39237	units	world	Unicode-3.0	units/short/mass-milligram/displayName
μg	مكغم	cldr-unit	https://raw.githubusercontent.com/unicode-org/cldr-json/48.2.1/cldr-json/cldr-units-full/main/ar/units.json	2026-09-20	3a24bb442e133ea9ed43bfa71732e6969ea189eefa90e381054aaa877ce39237	units	world	Unicode-3.0	units/short/mass-microgram/displayName
tons	طن	cldr-unit	https://raw.githubusercontent.com/unicode-org/cldr-json/48.2.1/cldr-json/cldr-units-full/main/ar/units.json	2026-09-20	3a24bb442e133ea9ed43bfa71732e6969ea189eefa90e381054aaa877ce39237	units	world	Unicode-3.0	units/short/mass-ton/displayName
stones	ستون	cldr-unit	https://raw.githubusercontent.com/unicode-org/cldr-json/48.2.1/cldr-json/cldr-units-full/main/ar/units.json	2026-09-20	3a24bb442e133ea9ed43bfa71732e6969ea189eefa90e381054aaa877ce39237	units	world	Unicode-3.0	units/short/mass-stone/displayName
pounds	رطل	cldr-unit	https://raw.githubusercontent.com/unicode-org/cldr-json/48.2.1/cldr-json/cldr-units-full/main/ar/units.json	2026-09-20	3a24bb442e133ea9ed43bfa71732e6969ea189eefa90e381054aaa877ce39237	units	world	Unicode-3.0	units/short/mass-pound/displayName
oz	أونصة	cldr-unit	https://raw.githubusercontent.com/unicode-org/cldr-json/48.2.1/cldr-json/cldr-units-full/main/ar/units.json	2026-09-20	3a24bb442e133ea9ed43bfa71732e6969ea189eefa90e381054aaa877ce39237	units	world	Unicode-3.0	units/short/mass-ounce/displayName
oz troy	أونصة ترويسية	cldr-unit	https://raw.githubusercontent.com/unicode-org/cldr-json/48.2.1/cldr-json/cldr-units-full/main/ar/units.json	2026-09-20	3a24bb442e133ea9ed43bfa71732e6969ea189eefa90e381054aaa877ce39237	units	world	Unicode-3.0	units/short/mass-ounce-troy/displayName
carats	قيراط	cldr-unit	https://raw.githubusercontent.com/unicode-org/cldr-json/48.2.1/cldr-json/cldr-units-full/main/ar/units.json	2026-09-20	3a24bb442e133ea9ed43bfa71732e6969ea189eefa90e381054aaa877ce39237	units	world	Unicode-3.0	units/short/mass-carat/displayName
daltons	دالتون	cldr-unit	https://raw.githubusercontent.com/unicode-org/cldr-json/48.2.1/cldr-json/cldr-units-full/main/ar/units.json	2026-09-20	3a24bb442e133ea9ed43bfa71732e6969ea189eefa90e381054aaa877ce39237	units	world	Unicode-3.0	units/short/mass-dalton/displayName
Earth masses	كتلة أرضية	cldr-unit	https://raw.githubusercontent.com/unicode-org/cldr-json/48.2.1/cldr-json/cldr-units-full/main/ar/units.json	2026-09-20	3a24bb442e133ea9ed43bfa71732e6969ea189eefa90e381054aaa877ce39237	units	world	Unicode-3.0	units/short/mass-earth-mass/displayName
solar masses	كتلة شمسية	cldr-unit	https://raw.githubusercontent.com/unicode-org/cldr-json/48.2.1/cldr-json/cldr-units-full/main/ar/units.json	2026-09-20	3a24bb442e133ea9ed43bfa71732e6969ea189eefa90e381054aaa877ce39237	units	world	Unicode-3.0	units/short/mass-solar-mass/displayName
grains	قمحة	cldr-unit	https://raw.githubusercontent.com/unicode-org/cldr-json/48.2.1/cldr-json/cldr-units-full/main/ar/units.json	2026-09-20	3a24bb442e133ea9ed43bfa71732e6969ea189eefa90e381054aaa877ce39237	units	world	Unicode-3.0	units/short/mass-grain/displayName
GW	غ واط	cldr-unit	https://raw.githubusercontent.com/unicode-org/cldr-json/48.2.1/cldr-json/cldr-units-full/main/ar/units.json	2026-09-20	3a24bb442e133ea9ed43bfa71732e6969ea189eefa90e381054aaa877ce39237	units	world	Unicode-3.0	units/short/power-gigawatt/displayName
MW	م واط	cldr-unit	https://raw.githubusercontent.com/unicode-org/cldr-json/48.2.1/cldr-json/cldr-units-full/main/ar/units.json	2026-09-20	3a24bb442e133ea9ed43bfa71732e6969ea189eefa90e381054aaa877ce39237	units	world	Unicode-3.0	units/short/power-megawatt/displayName
kW	ك واط	cldr-unit	https://raw.githubusercontent.com/unicode-org/cldr-json/48.2.1/cldr-json/cldr-units-full/main/ar/units.json	2026-09-20	3a24bb442e133ea9ed43bfa71732e6969ea189eefa90e381054aaa877ce39237	units	world	Unicode-3.0	units/short/power-kilowatt/displayName
watts	واط	cldr-unit	https://raw.githubusercontent.com/unicode-org/cldr-json/48.2.1/cldr-json/cldr-units-full/main/ar/units.json	2026-09-20	3a24bb442e133ea9ed43bfa71732e6969ea189eefa90e381054aaa877ce39237	units	world	Unicode-3.0	units/short/power-watt/displayName
mW	ملي واط	cldr-unit	https://raw.githubusercontent.com/unicode-org/cldr-json/48.2.1/cldr-json/cldr-units-full/main/ar/units.json	2026-09-20	3a24bb442e133ea9ed43bfa71732e6969ea189eefa90e381054aaa877ce39237	units	world	Unicode-3.0	units/short/power-milliwatt/displayName
hp	حصان	cldr-unit	https://raw.githubusercontent.com/unicode-org/cldr-json/48.2.1/cldr-json/cldr-units-full/main/ar/units.json	2026-09-20	3a24bb442e133ea9ed43bfa71732e6969ea189eefa90e381054aaa877ce39237	units	world	Unicode-3.0	units/short/power-horsepower/displayName
mmHg	ملم زئبقي	cldr-unit	https://raw.githubusercontent.com/unicode-org/cldr-json/48.2.1/cldr-json/cldr-units-full/main/ar/units.json	2026-09-20	3a24bb442e133ea9ed43bfa71732e6969ea189eefa90e381054aaa877ce39237	units	world	Unicode-3.0	units/short/pressure-millimeter-ofhg/displayName
of Hg	زئبقي	cldr-unit	https://raw.githubusercontent.com/unicode-org/cldr-json/48.2.1/cldr-json/cldr-units-full/main/ar/units.json	2026-09-20	3a24bb442e133ea9ed43bfa71732e6969ea189eefa90e381054aaa877ce39237	units	world	Unicode-3.0	units/short/pressure-ofhg/displayName
psi	رطل/بوصة مربعة	cldr-unit	https://raw.githubusercontent.com/unicode-org/cldr-json/48.2.1/cldr-json/cldr-units-full/main/ar/units.json	2026-09-20	3a24bb442e133ea9ed43bfa71732e6969ea189eefa90e381054aaa877ce39237	units	world	Unicode-3.0	units/short/pressure-pound-force-per-square-inch/displayName
inHg	ب. زئبقية	cldr-unit	https://raw.githubusercontent.com/unicode-org/cldr-json/48.2.1/cldr-json/cldr-units-full/main/ar/units.json	2026-09-20	3a24bb442e133ea9ed43bfa71732e6969ea189eefa90e381054aaa877ce39237	units	world	Unicode-3.0	units/short/pressure-inch-ofhg/displayName
bar	بار	cldr-unit	https://raw.githubusercontent.com/unicode-org/cldr-json/48.2.1/cldr-json/cldr-units-full/main/ar/units.json	2026-09-20	3a24bb442e133ea9ed43bfa71732e6969ea189eefa90e381054aaa877ce39237	units	world	Unicode-3.0	units/short/pressure-bar/displayName
mbar	م. بار	cldr-unit	https://raw.githubusercontent.com/unicode-org/cldr-json/48.2.1/cldr-json/cldr-units-full/main/ar/units.json	2026-09-20	3a24bb442e133ea9ed43bfa71732e6969ea189eefa90e381054aaa877ce39237	units	world	Unicode-3.0	units/short/pressure-millibar/displayName
atm	ض.ج	cldr-unit	https://raw.githubusercontent.com/unicode-org/cldr-json/48.2.1/cldr-json/cldr-units-full/main/ar/units.json	2026-09-20	3a24bb442e133ea9ed43bfa71732e6969ea189eefa90e381054aaa877ce39237	units	world	Unicode-3.0	units/short/pressure-atmosphere/displayName
Pa	باسكال	cldr-unit	https://raw.githubusercontent.com/unicode-org/cldr-json/48.2.1/cldr-json/cldr-units-full/main/ar/units.json	2026-09-20	3a24bb442e133ea9ed43bfa71732e6969ea189eefa90e381054aaa877ce39237	units	world	Unicode-3.0	units/short/pressure-pascal/displayName
hPa	هكتوباسكال	cldr-unit	https://raw.githubusercontent.com/unicode-org/cldr-json/48.2.1/cldr-json/cldr-units-full/main/ar/units.json	2026-09-20	3a24bb442e133ea9ed43bfa71732e6969ea189eefa90e381054aaa877ce39237	units	world	Unicode-3.0	units/short/pressure-hectopascal/displayName
kPa	ك.باسكال	cldr-unit	https://raw.githubusercontent.com/unicode-org/cldr-json/48.2.1/cldr-json/cldr-units-full/main/ar/units.json	2026-09-20	3a24bb442e133ea9ed43bfa71732e6969ea189eefa90e381054aaa877ce39237	units	world	Unicode-3.0	units/short/pressure-kilopascal/displayName
MPa	م.باسكال	cldr-unit	https://raw.githubusercontent.com/unicode-org/cldr-json/48.2.1/cldr-json/cldr-units-full/main/ar/units.json	2026-09-20	3a24bb442e133ea9ed43bfa71732e6969ea189eefa90e381054aaa877ce39237	units	world	Unicode-3.0	units/short/pressure-megapascal/displayName
km/hour	كم/س	cldr-unit	https://raw.githubusercontent.com/unicode-org/cldr-json/48.2.1/cldr-json/cldr-units-full/main/ar/units.json	2026-09-20	3a24bb442e133ea9ed43bfa71732e6969ea189eefa90e381054aaa877ce39237	units	world	Unicode-3.0	units/short/speed-kilometer-per-hour/displayName
meters/sec	م/ث	cldr-unit	https://raw.githubusercontent.com/unicode-org/cldr-json/48.2.1/cldr-json/cldr-units-full/main/ar/units.json	2026-09-20	3a24bb442e133ea9ed43bfa71732e6969ea189eefa90e381054aaa877ce39237	units	world	Unicode-3.0	units/short/speed-meter-per-second/displayName
miles/hour	ميل/س	cldr-unit	https://raw.githubusercontent.com/unicode-org/cldr-json/48.2.1/cldr-json/cldr-units-full/main/ar/units.json	2026-09-20	3a24bb442e133ea9ed43bfa71732e6969ea189eefa90e381054aaa877ce39237	units	world	Unicode-3.0	units/short/speed-mile-per-hour/displayName
kn	عقدة	cldr-unit	https://raw.githubusercontent.com/unicode-org/cldr-json/48.2.1/cldr-json/cldr-units-full/main/ar/units.json	2026-09-20	3a24bb442e133ea9ed43bfa71732e6969ea189eefa90e381054aaa877ce39237	units	world	Unicode-3.0	units/short/speed-knot/displayName
Bft	بوفورت	cldr-unit	https://raw.githubusercontent.com/unicode-org/cldr-json/48.2.1/cldr-json/cldr-units-full/main/ar/units.json	2026-09-20	3a24bb442e133ea9ed43bfa71732e6969ea189eefa90e381054aaa877ce39237	units	world	Unicode-3.0	units/short/speed-beaufort/displayName
deg. temp.	°	cldr-unit	https://raw.githubusercontent.com/unicode-org/cldr-json/48.2.1/cldr-json/cldr-units-full/main/ar/units.json	2026-09-20	3a24bb442e133ea9ed43bfa71732e6969ea189eefa90e381054aaa877ce39237	units	world	Unicode-3.0	units/short/temperature-generic/displayName
deg. C	درجة مئوية	cldr-unit	https://raw.githubusercontent.com/unicode-org/cldr-json/48.2.1/cldr-json/cldr-units-full/main/ar/units.json	2026-09-20	3a24bb442e133ea9ed43bfa71732e6969ea189eefa90e381054aaa877ce39237	units	world	Unicode-3.0	units/short/temperature-celsius/displayName
deg. F	درجة فهرنهايت	cldr-unit	https://raw.githubusercontent.com/unicode-org/cldr-json/48.2.1/cldr-json/cldr-units-full/main/ar/units.json	2026-09-20	3a24bb442e133ea9ed43bfa71732e6969ea189eefa90e381054aaa877ce39237	units	world	Unicode-3.0	units/short/temperature-fahrenheit/displayName
K	د كلفن	cldr-unit	https://raw.githubusercontent.com/unicode-org/cldr-json/48.2.1/cldr-json/cldr-units-full/main/ar/units.json	2026-09-20	3a24bb442e133ea9ed43bfa71732e6969ea189eefa90e381054aaa877ce39237	units	world	Unicode-3.0	units/short/temperature-kelvin/displayName
lbf⋅ft	باوند قدم	cldr-unit	https://raw.githubusercontent.com/unicode-org/cldr-json/48.2.1/cldr-json/cldr-units-full/main/ar/units.json	2026-09-20	3a24bb442e133ea9ed43bfa71732e6969ea189eefa90e381054aaa877ce39237	units	world	Unicode-3.0	units/short/torque-pound-force-foot/displayName
N⋅m	نيوتن متر	cldr-unit	https://raw.githubusercontent.com/unicode-org/cldr-json/48.2.1/cldr-json/cldr-units-full/main/ar/units.json	2026-09-20	3a24bb442e133ea9ed43bfa71732e6969ea189eefa90e381054aaa877ce39237	units	world	Unicode-3.0	units/short/torque-newton-meter/displayName
km³	كم³	cldr-unit	https://raw.githubusercontent.com/unicode-org/cldr-json/48.2.1/cldr-json/cldr-units-full/main/ar/units.json	2026-09-20	3a24bb442e133ea9ed43bfa71732e6969ea189eefa90e381054aaa877ce39237	units	world	Unicode-3.0	units/short/volume-cubic-kilometer/displayName
m³	م³	cldr-unit	https://raw.githubusercontent.com/unicode-org/cldr-json/48.2.1/cldr-json/cldr-units-full/main/ar/units.json	2026-09-20	3a24bb442e133ea9ed43bfa71732e6969ea189eefa90e381054aaa877ce39237	units	world	Unicode-3.0	units/short/volume-cubic-meter/displayName
cm³	سم³	cldr-unit	https://raw.githubusercontent.com/unicode-org/cldr-json/48.2.1/cldr-json/cldr-units-full/main/ar/units.json	2026-09-20	3a24bb442e133ea9ed43bfa71732e6969ea189eefa90e381054aaa877ce39237	units	world	Unicode-3.0	units/short/volume-cubic-centimeter/displayName
mi³	ميل³	cldr-unit	https://raw.githubusercontent.com/unicode-org/cldr-json/48.2.1/cldr-json/cldr-units-full/main/ar/units.json	2026-09-20	3a24bb442e133ea9ed43bfa71732e6969ea189eefa90e381054aaa877ce39237	units	world	Unicode-3.0	units/short/volume-cubic-mile/displayName
yards³	ياردة³	cldr-unit	https://raw.githubusercontent.com/unicode-org/cldr-json/48.2.1/cldr-json/cldr-units-full/main/ar/units.json	2026-09-20	3a24bb442e133ea9ed43bfa71732e6969ea189eefa90e381054aaa877ce39237	units	world	Unicode-3.0	units/short/volume-cubic-yard/displayName
feet³	قدم³	cldr-unit	https://raw.githubusercontent.com/unicode-org/cldr-json/48.2.1/cldr-json/cldr-units-full/main/ar/units.json	2026-09-20	3a24bb442e133ea9ed43bfa71732e6969ea189eefa90e381054aaa877ce39237	units	world	Unicode-3.0	units/short/volume-cubic-foot/displayName
inches³	بوصة مكعبة	cldr-unit	https://raw.githubusercontent.com/unicode-org/cldr-json/48.2.1/cldr-json/cldr-units-full/main/ar/units.json	2026-09-20	3a24bb442e133ea9ed43bfa71732e6969ea189eefa90e381054aaa877ce39237	units	world	Unicode-3.0	units/short/volume-cubic-inch/displayName
ML	ميغالتر	cldr-unit	https://raw.githubusercontent.com/unicode-org/cldr-json/48.2.1/cldr-json/cldr-units-full/main/ar/units.json	2026-09-20	3a24bb442e133ea9ed43bfa71732e6969ea189eefa90e381054aaa877ce39237	units	world	Unicode-3.0	units/short/volume-megaliter/displayName
hL	هكتولتر	cldr-unit	https://raw.githubusercontent.com/unicode-org/cldr-json/48.2.1/cldr-json/cldr-units-full/main/ar/units.json	2026-09-20	3a24bb442e133ea9ed43bfa71732e6969ea189eefa90e381054aaa877ce39237	units	world	Unicode-3.0	units/short/volume-hectoliter/displayName
liters	لتر	cldr-unit	https://raw.githubusercontent.com/unicode-org/cldr-json/48.2.1/cldr-json/cldr-units-full/main/ar/units.json	2026-09-20	3a24bb442e133ea9ed43bfa71732e6969ea189eefa90e381054aaa877ce39237	units	world	Unicode-3.0	units/short/volume-liter/displayName
dL	ديسيلتر	cldr-unit	https://raw.githubusercontent.com/unicode-org/cldr-json/48.2.1/cldr-json/cldr-units-full/main/ar/units.json	2026-09-20	3a24bb442e133ea9ed43bfa71732e6969ea189eefa90e381054aaa877ce39237	units	world	Unicode-3.0	units/short/volume-deciliter/displayName
cL	سنتيلتر	cldr-unit	https://raw.githubusercontent.com/unicode-org/cldr-json/48.2.1/cldr-json/cldr-units-full/main/ar/units.json	2026-09-20	3a24bb442e133ea9ed43bfa71732e6969ea189eefa90e381054aaa877ce39237	units	world	Unicode-3.0	units/short/volume-centiliter/displayName
mL	ملتر	cldr-unit	https://raw.githubusercontent.com/unicode-org/cldr-json/48.2.1/cldr-json/cldr-units-full/main/ar/units.json	2026-09-20	3a24bb442e133ea9ed43bfa71732e6969ea189eefa90e381054aaa877ce39237	units	world	Unicode-3.0	units/short/volume-milliliter/displayName
mpt	مكيال متري	cldr-unit	https://raw.githubusercontent.com/unicode-org/cldr-json/48.2.1/cldr-json/cldr-units-full/main/ar/units.json	2026-09-20	3a24bb442e133ea9ed43bfa71732e6969ea189eefa90e381054aaa877ce39237	units	world	Unicode-3.0	units/short/volume-pint-metric/displayName
mcup	كوب متري	cldr-unit	https://raw.githubusercontent.com/unicode-org/cldr-json/48.2.1/cldr-json/cldr-units-full/main/ar/units.json	2026-09-20	3a24bb442e133ea9ed43bfa71732e6969ea189eefa90e381054aaa877ce39237	units	world	Unicode-3.0	units/short/volume-cup-metric/displayName
fl oz m.	أونصة س مترية	cldr-unit	https://raw.githubusercontent.com/unicode-org/cldr-json/48.2.1/cldr-json/cldr-units-full/main/ar/units.json	2026-09-20	3a24bb442e133ea9ed43bfa71732e6969ea189eefa90e381054aaa877ce39237	units	world	Unicode-3.0	units/short/volume-fluid-ounce-metric/displayName
acre ft	فدان قدم	cldr-unit	https://raw.githubusercontent.com/unicode-org/cldr-json/48.2.1/cldr-json/cldr-units-full/main/ar/units.json	2026-09-20	3a24bb442e133ea9ed43bfa71732e6969ea189eefa90e381054aaa877ce39237	units	world	Unicode-3.0	units/short/volume-acre-foot/displayName
bushels	بوشل	cldr-unit	https://raw.githubusercontent.com/unicode-org/cldr-json/48.2.1/cldr-json/cldr-units-full/main/ar/units.json	2026-09-20	3a24bb442e133ea9ed43bfa71732e6969ea189eefa90e381054aaa877ce39237	units	world	Unicode-3.0	units/short/volume-bushel/displayName
gal	غالون	cldr-unit	https://raw.githubusercontent.com/unicode-org/cldr-json/48.2.1/cldr-json/cldr-units-full/main/ar/units.json	2026-09-20	3a24bb442e133ea9ed43bfa71732e6969ea189eefa90e381054aaa877ce39237	units	world	Unicode-3.0	units/short/volume-gallon/displayName
Imp. gal	غالون إمبراطوري	cldr-unit	https://raw.githubusercontent.com/unicode-org/cldr-json/48.2.1/cldr-json/cldr-units-full/main/ar/units.json	2026-09-20	3a24bb442e133ea9ed43bfa71732e6969ea189eefa90e381054aaa877ce39237	units	world	Unicode-3.0	units/short/volume-gallon-imperial/displayName
qts	ربع غالون	cldr-unit	https://raw.githubusercontent.com/unicode-org/cldr-json/48.2.1/cldr-json/cldr-units-full/main/ar/units.json	2026-09-20	3a24bb442e133ea9ed43bfa71732e6969ea189eefa90e381054aaa877ce39237	units	world	Unicode-3.0	units/short/volume-quart/displayName
pints	باينت	cldr-unit	https://raw.githubusercontent.com/unicode-org/cldr-json/48.2.1/cldr-json/cldr-units-full/main/ar/units.json	2026-09-20	3a24bb442e133ea9ed43bfa71732e6969ea189eefa90e381054aaa877ce39237	units	world	Unicode-3.0	units/short/volume-pint/displayName
pt Imp.	pint Imp.	cldr-unit	https://raw.githubusercontent.com/unicode-org/cldr-json/48.2.1/cldr-json/cldr-units-full/main/ar/units.json	2026-09-20	3a24bb442e133ea9ed43bfa71732e6969ea189eefa90e381054aaa877ce39237	units	world	Unicode-3.0	units/short/volume-pint-imperial/displayName
cups	كوب	cldr-unit	https://raw.githubusercontent.com/unicode-org/cldr-json/48.2.1/cldr-json/cldr-units-full/main/ar/units.json	2026-09-20	3a24bb442e133ea9ed43bfa71732e6969ea189eefa90e381054aaa877ce39237	units	world	Unicode-3.0	units/short/volume-cup/displayName
cup Imp	cup Imp.	cldr-unit	https://raw.githubusercontent.com/unicode-org/cldr-json/48.2.1/cldr-json/cldr-units-full/main/ar/units.json	2026-09-20	3a24bb442e133ea9ed43bfa71732e6969ea189eefa90e381054aaa877ce39237	units	world	Unicode-3.0	units/short/volume-cup-imperial/displayName
fl oz	أونصة سائلة	cldr-unit	https://raw.githubusercontent.com/unicode-org/cldr-json/48.2.1/cldr-json/cldr-units-full/main/ar/units.json	2026-09-20	3a24bb442e133ea9ed43bfa71732e6969ea189eefa90e381054aaa877ce39237	units	world	Unicode-3.0	units/short/volume-fluid-ounce/displayName
Imp. fl oz	أونصة سائلة إمبراطورية	cldr-unit	https://raw.githubusercontent.com/unicode-org/cldr-json/48.2.1/cldr-json/cldr-units-full/main/ar/units.json	2026-09-20	3a24bb442e133ea9ed43bfa71732e6969ea189eefa90e381054aaa877ce39237	units	world	Unicode-3.0	units/short/volume-fluid-ounce-imperial/displayName
tbsp	ملعقة كبيرة	cldr-unit	https://raw.githubusercontent.com/unicode-org/cldr-json/48.2.1/cldr-json/cldr-units-full/main/ar/units.json	2026-09-20	3a24bb442e133ea9ed43bfa71732e6969ea189eefa90e381054aaa877ce39237	units	world	Unicode-3.0	units/short/volume-tablespoon/displayName
tsp	ملعقة ص	cldr-unit	https://raw.githubusercontent.com/unicode-org/cldr-json/48.2.1/cldr-json/cldr-units-full/main/ar/units.json	2026-09-20	3a24bb442e133ea9ed43bfa71732e6969ea189eefa90e381054aaa877ce39237	units	world	Unicode-3.0	units/short/volume-teaspoon/displayName
barrel	برميل	cldr-unit	https://raw.githubusercontent.com/unicode-org/cldr-json/48.2.1/cldr-json/cldr-units-full/main/ar/units.json	2026-09-20	3a24bb442e133ea9ed43bfa71732e6969ea189eefa90e381054aaa877ce39237	units	world	Unicode-3.0	units/short/volume-barrel/displayName
dessert spoons	ملعقة ح.	cldr-unit	https://raw.githubusercontent.com/unicode-org/cldr-json/48.2.1/cldr-json/cldr-units-full/main/ar/units.json	2026-09-20	3a24bb442e133ea9ed43bfa71732e6969ea189eefa90e381054aaa877ce39237	units	world	Unicode-3.0	units/short/volume-dessert-spoon/displayName
Imp. dessert spoons	ملعقة حلو إمبراطوري	cldr-unit	https://raw.githubusercontent.com/unicode-org/cldr-json/48.2.1/cldr-json/cldr-units-full/main/ar/units.json	2026-09-20	3a24bb442e133ea9ed43bfa71732e6969ea189eefa90e381054aaa877ce39237	units	world	Unicode-3.0	units/short/volume-dessert-spoon-imperial/displayName
drops	قطرة	cldr-unit	https://raw.githubusercontent.com/unicode-org/cldr-json/48.2.1/cldr-json/cldr-units-full/main/ar/units.json	2026-09-20	3a24bb442e133ea9ed43bfa71732e6969ea189eefa90e381054aaa877ce39237	units	world	Unicode-3.0	units/short/volume-drop/displayName
drams	درهم سائل	cldr-unit	https://raw.githubusercontent.com/unicode-org/cldr-json/48.2.1/cldr-json/cldr-units-full/main/ar/units.json	2026-09-20	3a24bb442e133ea9ed43bfa71732e6969ea189eefa90e381054aaa877ce39237	units	world	Unicode-3.0	units/short/volume-dram/displayName
jiggers	قدح	cldr-unit	https://raw.githubusercontent.com/unicode-org/cldr-json/48.2.1/cldr-json/cldr-units-full/main/ar/units.json	2026-09-20	3a24bb442e133ea9ed43bfa71732e6969ea189eefa90e381054aaa877ce39237	units	world	Unicode-3.0	units/short/volume-jigger/displayName
pinches	رشّة	cldr-unit	https://raw.githubusercontent.com/unicode-org/cldr-json/48.2.1/cldr-json/cldr-units-full/main/ar/units.json	2026-09-20	3a24bb442e133ea9ed43bfa71732e6969ea189eefa90e381054aaa877ce39237	units	world	Unicode-3.0	units/short/volume-pinch/displayName
Imp. quarts	ربع غالون إمبراطوري	cldr-unit	https://raw.githubusercontent.com/unicode-org/cldr-json/48.2.1/cldr-json/cldr-units-full/main/ar/units.json	2026-09-20	3a24bb442e133ea9ed43bfa71732e6969ea189eefa90e381054aaa877ce39237	units	world	Unicode-3.0	units/short/volume-quart-imperial/displayName
sr	ستراديان	cldr-unit	https://raw.githubusercontent.com/unicode-org/cldr-json/48.2.1/cldr-json/cldr-units-full/main/ar/units.json	2026-09-20	3a24bb442e133ea9ed43bfa71732e6969ea189eefa90e381054aaa877ce39237	units	world	Unicode-3.0	units/short/angle-steradian/displayName
kat	كات	cldr-unit	https://raw.githubusercontent.com/unicode-org/cldr-json/48.2.1/cldr-json/cldr-units-full/main/ar/units.json	2026-09-20	3a24bb442e133ea9ed43bfa71732e6969ea189eefa90e381054aaa877ce39237	units	world	Unicode-3.0	units/short/concentr-katal/displayName
C	كول	cldr-unit	https://raw.githubusercontent.com/unicode-org/cldr-json/48.2.1/cldr-json/cldr-units-full/main/ar/units.json	2026-09-20	3a24bb442e133ea9ed43bfa71732e6969ea189eefa90e381054aaa877ce39237	units	world	Unicode-3.0	units/short/electric-coulomb/displayName
F	ف	cldr-unit	https://raw.githubusercontent.com/unicode-org/cldr-json/48.2.1/cldr-json/cldr-units-full/main/ar/units.json	2026-09-20	3a24bb442e133ea9ed43bfa71732e6969ea189eefa90e381054aaa877ce39237	units	world	Unicode-3.0	units/short/electric-farad/displayName
H	ه	cldr-unit	https://raw.githubusercontent.com/unicode-org/cldr-json/48.2.1/cldr-json/cldr-units-full/main/ar/units.json	2026-09-20	3a24bb442e133ea9ed43bfa71732e6969ea189eefa90e381054aaa877ce39237	units	world	Unicode-3.0	units/short/electric-henry/displayName
S	س	cldr-unit	https://raw.githubusercontent.com/unicode-org/cldr-json/48.2.1/cldr-json/cldr-units-full/main/ar/units.json	2026-09-20	3a24bb442e133ea9ed43bfa71732e6969ea189eefa90e381054aaa877ce39237	units	world	Unicode-3.0	units/short/electric-siemens/displayName
cal-IT	سع-it	cldr-unit	https://raw.githubusercontent.com/unicode-org/cldr-json/48.2.1/cldr-json/cldr-units-full/main/ar/units.json	2026-09-20	3a24bb442e133ea9ed43bfa71732e6969ea189eefa90e381054aaa877ce39237	units	world	Unicode-3.0	units/short/energy-calorie-it/displayName
Bq	بيكريل	cldr-unit	https://raw.githubusercontent.com/unicode-org/cldr-json/48.2.1/cldr-json/cldr-units-full/main/ar/units.json	2026-09-20	3a24bb442e133ea9ed43bfa71732e6969ea189eefa90e381054aaa877ce39237	units	world	Unicode-3.0	units/short/energy-becquerel/displayName
Sv	زيف	cldr-unit	https://raw.githubusercontent.com/unicode-org/cldr-json/48.2.1/cldr-json/cldr-units-full/main/ar/units.json	2026-09-20	3a24bb442e133ea9ed43bfa71732e6969ea189eefa90e381054aaa877ce39237	units	world	Unicode-3.0	units/short/energy-sievert/displayName
Gy	جراي	cldr-unit	https://raw.githubusercontent.com/unicode-org/cldr-json/48.2.1/cldr-json/cldr-units-full/main/ar/units.json	2026-09-20	3a24bb442e133ea9ed43bfa71732e6969ea189eefa90e381054aaa877ce39237	units	world	Unicode-3.0	units/short/energy-gray/displayName
kgf	كغ ث	cldr-unit	https://raw.githubusercontent.com/unicode-org/cldr-json/48.2.1/cldr-json/cldr-units-full/main/ar/units.json	2026-09-20	3a24bb442e133ea9ed43bfa71732e6969ea189eefa90e381054aaa877ce39237	units	world	Unicode-3.0	units/short/force-kilogram-force/displayName
rd	rod	cldr-unit	https://raw.githubusercontent.com/unicode-org/cldr-json/48.2.1/cldr-json/cldr-units-full/main/ar/units.json	2026-09-20	3a24bb442e133ea9ed43bfa71732e6969ea189eefa90e381054aaa877ce39237	units	world	Unicode-3.0	units/short/length-rod/displayName
ch	chain	cldr-unit	https://raw.githubusercontent.com/unicode-org/cldr-json/48.2.1/cldr-json/cldr-units-full/main/ar/units.json	2026-09-20	3a24bb442e133ea9ed43bfa71732e6969ea189eefa90e381054aaa877ce39237	units	world	Unicode-3.0	units/short/length-chain/displayName
T	تسلا	cldr-unit	https://raw.githubusercontent.com/unicode-org/cldr-json/48.2.1/cldr-json/cldr-units-full/main/ar/units.json	2026-09-20	3a24bb442e133ea9ed43bfa71732e6969ea189eefa90e381054aaa877ce39237	units	world	Unicode-3.0	units/short/magnetic-tesla/displayName
Wb	ويبر	cldr-unit	https://raw.githubusercontent.com/unicode-org/cldr-json/48.2.1/cldr-json/cldr-units-full/main/ar/units.json	2026-09-20	3a24bb442e133ea9ed43bfa71732e6969ea189eefa90e381054aaa877ce39237	units	world	Unicode-3.0	units/short/magnetic-weber/displayName
fw	fortnight	cldr-unit	https://raw.githubusercontent.com/unicode-org/cldr-json/48.2.1/cldr-json/cldr-units-full/main/ar/units.json	2026-09-20	3a24bb442e133ea9ed43bfa71732e6969ea189eefa90e381054aaa877ce39237	units	world	Unicode-3.0	units/short/duration-fortnight/displayName
gas-equiv	gas E	cldr-unit	https://raw.githubusercontent.com/unicode-org/cldr-json/48.2.1/cldr-json/cldr-units-full/main/ar/units.json	2026-09-20	3a24bb442e133ea9ed43bfa71732e6969ea189eefa90e381054aaa877ce39237	units	world	Unicode-3.0	units/short/pressure-gasoline-energy-density/displayName
light	ضوئي	cldr-unit	https://raw.githubusercontent.com/unicode-org/cldr-json/48.2.1/cldr-json/cldr-units-full/main/ar/units.json	2026-09-20	3a24bb442e133ea9ed43bfa71732e6969ea189eefa90e381054aaa877ce39237	units	world	Unicode-3.0	units/short/speed-light-speed/displayName
parts/billion	جزء/مليار	cldr-unit	https://raw.githubusercontent.com/unicode-org/cldr-json/48.2.1/cldr-json/cldr-units-full/main/ar/units.json	2026-09-20	3a24bb442e133ea9ed43bfa71732e6969ea189eefa90e381054aaa877ce39237	units	world	Unicode-3.0	units/short/concentr-part-per-1e9/displayName
nights	ليلة	cldr-unit	https://raw.githubusercontent.com/unicode-org/cldr-json/48.2.1/cldr-json/cldr-units-full/main/ar/units.json	2026-09-20	3a24bb442e133ea9ed43bfa71732e6969ea189eefa90e381054aaa877ce39237	units	world	Unicode-3.0	units/short/duration-night/displayName
direction	اتجاه	cldr-unit	https://raw.githubusercontent.com/unicode-org/cldr-json/48.2.1/cldr-json/cldr-units-full/main/ar/units.json	2026-09-20	3a24bb442e133ea9ed43bfa71732e6969ea189eefa90e381054aaa877ce39237	units	world	Unicode-3.0	units/short/coordinateUnit/displayName
g-force	قوة تسارع	cldr-unit	https://raw.githubusercontent.com/unicode-org/cldr-json/48.2.1/cldr-json/cldr-units-full/main/ar/units.json	2026-09-20	3a24bb442e133ea9ed43bfa71732e6969ea189eefa90e381054aaa877ce39237	units	world	Unicode-3.0	units/narrow/acceleration-g-force/displayName
m/s²	م/ث²	cldr-unit	https://raw.githubusercontent.com/unicode-org/cldr-json/48.2.1/cldr-json/cldr-units-full/main/ar/units.json	2026-09-20	3a24bb442e133ea9ed43bfa71732e6969ea189eefa90e381054aaa877ce39237	units	world	Unicode-3.0	units/narrow/acceleration-meter-per-square-second/displayName
rev	دورة	cldr-unit	https://raw.githubusercontent.com/unicode-org/cldr-json/48.2.1/cldr-json/cldr-units-full/main/ar/units.json	2026-09-20	3a24bb442e133ea9ed43bfa71732e6969ea189eefa90e381054aaa877ce39237	units	world	Unicode-3.0	units/narrow/angle-revolution/displayName
rad	راديان	cldr-unit	https://raw.githubusercontent.com/unicode-org/cldr-json/48.2.1/cldr-json/cldr-units-full/main/ar/units.json	2026-09-20	3a24bb442e133ea9ed43bfa71732e6969ea189eefa90e381054aaa877ce39237	units	world	Unicode-3.0	units/narrow/angle-radian/displayName
deg	درجة	cldr-unit	https://raw.githubusercontent.com/unicode-org/cldr-json/48.2.1/cldr-json/cldr-units-full/main/ar/units.json	2026-09-20	3a24bb442e133ea9ed43bfa71732e6969ea189eefa90e381054aaa877ce39237	units	world	Unicode-3.0	units/narrow/angle-degree/displayName
arcmin	د قوسية	cldr-unit	https://raw.githubusercontent.com/unicode-org/cldr-json/48.2.1/cldr-json/cldr-units-full/main/ar/units.json	2026-09-20	3a24bb442e133ea9ed43bfa71732e6969ea189eefa90e381054aaa877ce39237	units	world	Unicode-3.0	units/narrow/angle-arc-minute/displayName
arcsec	ث قوسية	cldr-unit	https://raw.githubusercontent.com/unicode-org/cldr-json/48.2.1/cldr-json/cldr-units-full/main/ar/units.json	2026-09-20	3a24bb442e133ea9ed43bfa71732e6969ea189eefa90e381054aaa877ce39237	units	world	Unicode-3.0	units/narrow/angle-arc-second/displayName
km²	كم²	cldr-unit	https://raw.githubusercontent.com/unicode-org/cldr-json/48.2.1/cldr-json/cldr-units-full/main/ar/units.json	2026-09-20	3a24bb442e133ea9ed43bfa71732e6969ea189eefa90e381054aaa877ce39237	units	world	Unicode-3.0	units/narrow/area-square-kilometer/displayName
hectare	هكتار	cldr-unit	https://raw.githubusercontent.com/unicode-org/cldr-json/48.2.1/cldr-json/cldr-units-full/main/ar/units.json	2026-09-20	3a24bb442e133ea9ed43bfa71732e6969ea189eefa90e381054aaa877ce39237	units	world	Unicode-3.0	units/narrow/area-hectare/displayName
meters²	م²	cldr-unit	https://raw.githubusercontent.com/unicode-org/cldr-json/48.2.1/cldr-json/cldr-units-full/main/ar/units.json	2026-09-20	3a24bb442e133ea9ed43bfa71732e6969ea189eefa90e381054aaa877ce39237	units	world	Unicode-3.0	units/narrow/area-square-meter/displayName
cm²	سم ²	cldr-unit	https://raw.githubusercontent.com/unicode-org/cldr-json/48.2.1/cldr-json/cldr-units-full/main/ar/units.json	2026-09-20	3a24bb442e133ea9ed43bfa71732e6969ea189eefa90e381054aaa877ce39237	units	world	Unicode-3.0	units/narrow/area-square-centimeter/displayName
mi²	ميل²	cldr-unit	https://raw.githubusercontent.com/unicode-org/cldr-json/48.2.1/cldr-json/cldr-units-full/main/ar/units.json	2026-09-20	3a24bb442e133ea9ed43bfa71732e6969ea189eefa90e381054aaa877ce39237	units	world	Unicode-3.0	units/narrow/area-square-mile/displayName
acre	فدان	cldr-unit	https://raw.githubusercontent.com/unicode-org/cldr-json/48.2.1/cldr-json/cldr-units-full/main/ar/units.json	2026-09-20	3a24bb442e133ea9ed43bfa71732e6969ea189eefa90e381054aaa877ce39237	units	world	Unicode-3.0	units/narrow/area-acre/displayName
yd²	ياردة²	cldr-unit	https://raw.githubusercontent.com/unicode-org/cldr-json/48.2.1/cldr-json/cldr-units-full/main/ar/units.json	2026-09-20	3a24bb442e133ea9ed43bfa71732e6969ea189eefa90e381054aaa877ce39237	units	world	Unicode-3.0	units/narrow/area-square-yard/displayName
ft²	قدم²	cldr-unit	https://raw.githubusercontent.com/unicode-org/cldr-json/48.2.1/cldr-json/cldr-units-full/main/ar/units.json	2026-09-20	3a24bb442e133ea9ed43bfa71732e6969ea189eefa90e381054aaa877ce39237	units	world	Unicode-3.0	units/narrow/area-square-foot/displayName
in²	بوصة²	cldr-unit	https://raw.githubusercontent.com/unicode-org/cldr-json/48.2.1/cldr-json/cldr-units-full/main/ar/units.json	2026-09-20	3a24bb442e133ea9ed43bfa71732e6969ea189eefa90e381054aaa877ce39237	units	world	Unicode-3.0	units/narrow/area-square-inch/displayName
dunam	دونم	cldr-unit	https://raw.githubusercontent.com/unicode-org/cldr-json/48.2.1/cldr-json/cldr-units-full/main/ar/units.json	2026-09-20	3a24bb442e133ea9ed43bfa71732e6969ea189eefa90e381054aaa877ce39237	units	world	Unicode-3.0	units/narrow/area-dunam/displayName
karat	قيراط	cldr-unit	https://raw.githubusercontent.com/unicode-org/cldr-json/48.2.1/cldr-json/cldr-units-full/main/ar/units.json	2026-09-20	3a24bb442e133ea9ed43bfa71732e6969ea189eefa90e381054aaa877ce39237	units	world	Unicode-3.0	units/narrow/concentr-karat/displayName
mg/dL	مغ/ديسيل	cldr-unit	https://raw.githubusercontent.com/unicode-org/cldr-json/48.2.1/cldr-json/cldr-units-full/main/ar/units.json	2026-09-20	3a24bb442e133ea9ed43bfa71732e6969ea189eefa90e381054aaa877ce39237	units	world	Unicode-3.0	units/narrow/concentr-milligram-ofglucose-per-deciliter/displayName
mmol/L	م.مول/ل	cldr-unit	https://raw.githubusercontent.com/unicode-org/cldr-json/48.2.1/cldr-json/cldr-units-full/main/ar/units.json	2026-09-20	3a24bb442e133ea9ed43bfa71732e6969ea189eefa90e381054aaa877ce39237	units	world	Unicode-3.0	units/narrow/concentr-millimole-per-liter/displayName
item	عنصر	cldr-unit	https://raw.githubusercontent.com/unicode-org/cldr-json/48.2.1/cldr-json/cldr-units-full/main/ar/units.json	2026-09-20	3a24bb442e133ea9ed43bfa71732e6969ea189eefa90e381054aaa877ce39237	units	world	Unicode-3.0	units/narrow/concentr-item/displayName
part	جزء	cldr-unit	https://raw.githubusercontent.com/unicode-org/cldr-json/48.2.1/cldr-json/cldr-units-full/main/ar/units.json	2026-09-20	3a24bb442e133ea9ed43bfa71732e6969ea189eefa90e381054aaa877ce39237	units	world	Unicode-3.0	units/narrow/concentr-part/displayName
ppm	جزء/مليون	cldr-unit	https://raw.githubusercontent.com/unicode-org/cldr-json/48.2.1/cldr-json/cldr-units-full/main/ar/units.json	2026-09-20	3a24bb442e133ea9ed43bfa71732e6969ea189eefa90e381054aaa877ce39237	units	world	Unicode-3.0	units/narrow/concentr-part-per-1e6/displayName
%	٪	cldr-unit	https://raw.githubusercontent.com/unicode-org/cldr-json/48.2.1/cldr-json/cldr-units-full/main/ar/units.json	2026-09-20	3a24bb442e133ea9ed43bfa71732e6969ea189eefa90e381054aaa877ce39237	units	world	Unicode-3.0	units/narrow/concentr-percent/displayName
‰	؉	cldr-unit	https://raw.githubusercontent.com/unicode-org/cldr-json/48.2.1/cldr-json/cldr-units-full/main/ar/units.json	2026-09-20	3a24bb442e133ea9ed43bfa71732e6969ea189eefa90e381054aaa877ce39237	units	world	Unicode-3.0	units/narrow/concentr-permille/displayName
‱	؊	cldr-unit	https://raw.githubusercontent.com/unicode-org/cldr-json/48.2.1/cldr-json/cldr-units-full/main/ar/units.json	2026-09-20	3a24bb442e133ea9ed43bfa71732e6969ea189eefa90e381054aaa877ce39237	units	world	Unicode-3.0	units/narrow/concentr-permyriad/displayName
mol	مول	cldr-unit	https://raw.githubusercontent.com/unicode-org/cldr-json/48.2.1/cldr-json/cldr-units-full/main/ar/units.json	2026-09-20	3a24bb442e133ea9ed43bfa71732e6969ea189eefa90e381054aaa877ce39237	units	world	Unicode-3.0	units/narrow/concentr-mole/displayName
Glc	سكّري	cldr-unit	https://raw.githubusercontent.com/unicode-org/cldr-json/48.2.1/cldr-json/cldr-units-full/main/ar/units.json	2026-09-20	3a24bb442e133ea9ed43bfa71732e6969ea189eefa90e381054aaa877ce39237	units	world	Unicode-3.0	units/narrow/concentr-ofglucose/displayName
L/km	ل/كم	cldr-unit	https://raw.githubusercontent.com/unicode-org/cldr-json/48.2.1/cldr-json/cldr-units-full/main/ar/units.json	2026-09-20	3a24bb442e133ea9ed43bfa71732e6969ea189eefa90e381054aaa877ce39237	units	world	Unicode-3.0	units/narrow/consumption-liter-per-kilometer/displayName
L/100km	ل/١٠٠كم	cldr-unit	https://raw.githubusercontent.com/unicode-org/cldr-json/48.2.1/cldr-json/cldr-units-full/main/ar/units.json	2026-09-20	3a24bb442e133ea9ed43bfa71732e6969ea189eefa90e381054aaa877ce39237	units	world	Unicode-3.0	units/narrow/consumption-liter-per-100-kilometer/displayName
mpg	ميل/غالون	cldr-unit	https://raw.githubusercontent.com/unicode-org/cldr-json/48.2.1/cldr-json/cldr-units-full/main/ar/units.json	2026-09-20	3a24bb442e133ea9ed43bfa71732e6969ea189eefa90e381054aaa877ce39237	units	world	Unicode-3.0	units/narrow/consumption-mile-per-gallon/displayName
mpg UK	ميل/غ. إمبراطوري	cldr-unit	https://raw.githubusercontent.com/unicode-org/cldr-json/48.2.1/cldr-json/cldr-units-full/main/ar/units.json	2026-09-20	3a24bb442e133ea9ed43bfa71732e6969ea189eefa90e381054aaa877ce39237	units	world	Unicode-3.0	units/narrow/consumption-mile-per-gallon-imperial/displayName
PB	بيتابايت	cldr-unit	https://raw.githubusercontent.com/unicode-org/cldr-json/48.2.1/cldr-json/cldr-units-full/main/ar/units.json	2026-09-20	3a24bb442e133ea9ed43bfa71732e6969ea189eefa90e381054aaa877ce39237	units	world	Unicode-3.0	units/narrow/digital-petabyte/displayName
TB	ت.ب	cldr-unit	https://raw.githubusercontent.com/unicode-org/cldr-json/48.2.1/cldr-json/cldr-units-full/main/ar/units.json	2026-09-20	3a24bb442e133ea9ed43bfa71732e6969ea189eefa90e381054aaa877ce39237	units	world	Unicode-3.0	units/narrow/digital-terabyte/displayName
Tb	ت.بت	cldr-unit	https://raw.githubusercontent.com/unicode-org/cldr-json/48.2.1/cldr-json/cldr-units-full/main/ar/units.json	2026-09-20	3a24bb442e133ea9ed43bfa71732e6969ea189eefa90e381054aaa877ce39237	units	world	Unicode-3.0	units/narrow/digital-terabit/displayName
GB	غ.ب	cldr-unit	https://raw.githubusercontent.com/unicode-org/cldr-json/48.2.1/cldr-json/cldr-units-full/main/ar/units.json	2026-09-20	3a24bb442e133ea9ed43bfa71732e6969ea189eefa90e381054aaa877ce39237	units	world	Unicode-3.0	units/narrow/digital-gigabyte/displayName
Gb	غ.بت	cldr-unit	https://raw.githubusercontent.com/unicode-org/cldr-json/48.2.1/cldr-json/cldr-units-full/main/ar/units.json	2026-09-20	3a24bb442e133ea9ed43bfa71732e6969ea189eefa90e381054aaa877ce39237	units	world	Unicode-3.0	units/narrow/digital-gigabit/displayName
MB	م.ب	cldr-unit	https://raw.githubusercontent.com/unicode-org/cldr-json/48.2.1/cldr-json/cldr-units-full/main/ar/units.json	2026-09-20	3a24bb442e133ea9ed43bfa71732e6969ea189eefa90e381054aaa877ce39237	units	world	Unicode-3.0	units/narrow/digital-megabyte/displayName
Mb	م.بت	cldr-unit	https://raw.githubusercontent.com/unicode-org/cldr-json/48.2.1/cldr-json/cldr-units-full/main/ar/units.json	2026-09-20	3a24bb442e133ea9ed43bfa71732e6969ea189eefa90e381054aaa877ce39237	units	world	Unicode-3.0	units/narrow/digital-megabit/displayName
kB	ك.ب	cldr-unit	https://raw.githubusercontent.com/unicode-org/cldr-json/48.2.1/cldr-json/cldr-units-full/main/ar/units.json	2026-09-20	3a24bb442e133ea9ed43bfa71732e6969ea189eefa90e381054aaa877ce39237	units	world	Unicode-3.0	units/narrow/digital-kilobyte/displayName
kb	ك.بت	cldr-unit	https://raw.githubusercontent.com/unicode-org/cldr-json/48.2.1/cldr-json/cldr-units-full/main/ar/units.json	2026-09-20	3a24bb442e133ea9ed43bfa71732e6969ea189eefa90e381054aaa877ce39237	units	world	Unicode-3.0	units/narrow/digital-kilobit/displayName
B	ب	cldr-unit	https://raw.githubusercontent.com/unicode-org/cldr-json/48.2.1/cldr-json/cldr-units-full/main/ar/units.json	2026-09-20	3a24bb442e133ea9ed43bfa71732e6969ea189eefa90e381054aaa877ce39237	units	world	Unicode-3.0	units/narrow/digital-byte/displayName
bit	بت	cldr-unit	https://raw.githubusercontent.com/unicode-org/cldr-json/48.2.1/cldr-json/cldr-units-full/main/ar/units.json	2026-09-20	3a24bb442e133ea9ed43bfa71732e6969ea189eefa90e381054aaa877ce39237	units	world	Unicode-3.0	units/narrow/digital-bit/displayName
c	قرن	cldr-unit	https://raw.githubusercontent.com/unicode-org/cldr-json/48.2.1/cldr-json/cldr-units-full/main/ar/units.json	2026-09-20	3a24bb442e133ea9ed43bfa71732e6969ea189eefa90e381054aaa877ce39237	units	world	Unicode-3.0	units/narrow/duration-century/displayName
dec	عقد	cldr-unit	https://raw.githubusercontent.com/unicode-org/cldr-json/48.2.1/cldr-json/cldr-units-full/main/ar/units.json	2026-09-20	3a24bb442e133ea9ed43bfa71732e6969ea189eefa90e381054aaa877ce39237	units	world	Unicode-3.0	units/narrow/duration-decade/displayName
yr	سنة	cldr-unit	https://raw.githubusercontent.com/unicode-org/cldr-json/48.2.1/cldr-json/cldr-units-full/main/ar/units.json	2026-09-20	3a24bb442e133ea9ed43bfa71732e6969ea189eefa90e381054aaa877ce39237	units	world	Unicode-3.0	units/narrow/duration-year/displayName
qtr	ربع	cldr-unit	https://raw.githubusercontent.com/unicode-org/cldr-json/48.2.1/cldr-json/cldr-units-full/main/ar/units.json	2026-09-20	3a24bb442e133ea9ed43bfa71732e6969ea189eefa90e381054aaa877ce39237	units	world	Unicode-3.0	units/narrow/duration-quarter/displayName
month	شهر	cldr-unit	https://raw.githubusercontent.com/unicode-org/cldr-json/48.2.1/cldr-json/cldr-units-full/main/ar/units.json	2026-09-20	3a24bb442e133ea9ed43bfa71732e6969ea189eefa90e381054aaa877ce39237	units	world	Unicode-3.0	units/narrow/duration-month/displayName
wk	أسبوع	cldr-unit	https://raw.githubusercontent.com/unicode-org/cldr-json/48.2.1/cldr-json/cldr-units-full/main/ar/units.json	2026-09-20	3a24bb442e133ea9ed43bfa71732e6969ea189eefa90e381054aaa877ce39237	units	world	Unicode-3.0	units/narrow/duration-week/displayName
day	يوم	cldr-unit	https://raw.githubusercontent.com/unicode-org/cldr-json/48.2.1/cldr-json/cldr-units-full/main/ar/units.json	2026-09-20	3a24bb442e133ea9ed43bfa71732e6969ea189eefa90e381054aaa877ce39237	units	world	Unicode-3.0	units/narrow/duration-day/displayName
hour	ساعة	cldr-unit	https://raw.githubusercontent.com/unicode-org/cldr-json/48.2.1/cldr-json/cldr-units-full/main/ar/units.json	2026-09-20	3a24bb442e133ea9ed43bfa71732e6969ea189eefa90e381054aaa877ce39237	units	world	Unicode-3.0	units/narrow/duration-hour/displayName
min	د	cldr-unit	https://raw.githubusercontent.com/unicode-org/cldr-json/48.2.1/cldr-json/cldr-units-full/main/ar/units.json	2026-09-20	3a24bb442e133ea9ed43bfa71732e6969ea189eefa90e381054aaa877ce39237	units	world	Unicode-3.0	units/narrow/duration-minute/displayName
sec	ث	cldr-unit	https://raw.githubusercontent.com/unicode-org/cldr-json/48.2.1/cldr-json/cldr-units-full/main/ar/units.json	2026-09-20	3a24bb442e133ea9ed43bfa71732e6969ea189eefa90e381054aaa877ce39237	units	world	Unicode-3.0	units/narrow/duration-second/displayName
msec	ملي ث.	cldr-unit	https://raw.githubusercontent.com/unicode-org/cldr-json/48.2.1/cldr-json/cldr-units-full/main/ar/units.json	2026-09-20	3a24bb442e133ea9ed43bfa71732e6969ea189eefa90e381054aaa877ce39237	units	world	Unicode-3.0	units/narrow/duration-millisecond/displayName
μsec	م.ث.	cldr-unit	https://raw.githubusercontent.com/unicode-org/cldr-json/48.2.1/cldr-json/cldr-units-full/main/ar/units.json	2026-09-20	3a24bb442e133ea9ed43bfa71732e6969ea189eefa90e381054aaa877ce39237	units	world	Unicode-3.0	units/narrow/duration-microsecond/displayName
ns	ن.ث.	cldr-unit	https://raw.githubusercontent.com/unicode-org/cldr-json/48.2.1/cldr-json/cldr-units-full/main/ar/units.json	2026-09-20	3a24bb442e133ea9ed43bfa71732e6969ea189eefa90e381054aaa877ce39237	units	world	Unicode-3.0	units/narrow/duration-nanosecond/displayName
amp	أمبير	cldr-unit	https://raw.githubusercontent.com/unicode-org/cldr-json/48.2.1/cldr-json/cldr-units-full/main/ar/units.json	2026-09-20	3a24bb442e133ea9ed43bfa71732e6969ea189eefa90e381054aaa877ce39237	units	world	Unicode-3.0	units/narrow/electric-ampere/displayName
mA	م أمبير	cldr-unit	https://raw.githubusercontent.com/unicode-org/cldr-json/48.2.1/cldr-json/cldr-units-full/main/ar/units.json	2026-09-20	3a24bb442e133ea9ed43bfa71732e6969ea189eefa90e381054aaa877ce39237	units	world	Unicode-3.0	units/narrow/electric-milliampere/displayName
ohm	أوم	cldr-unit	https://raw.githubusercontent.com/unicode-org/cldr-json/48.2.1/cldr-json/cldr-units-full/main/ar/units.json	2026-09-20	3a24bb442e133ea9ed43bfa71732e6969ea189eefa90e381054aaa877ce39237	units	world	Unicode-3.0	units/narrow/electric-ohm/displayName
volt	فولت	cldr-unit	https://raw.githubusercontent.com/unicode-org/cldr-json/48.2.1/cldr-json/cldr-units-full/main/ar/units.json	2026-09-20	3a24bb442e133ea9ed43bfa71732e6969ea189eefa90e381054aaa877ce39237	units	world	Unicode-3.0	units/narrow/electric-volt/displayName
kcal	ك سع	cldr-unit	https://raw.githubusercontent.com/unicode-org/cldr-json/48.2.1/cldr-json/cldr-units-full/main/ar/units.json	2026-09-20	3a24bb442e133ea9ed43bfa71732e6969ea189eefa90e381054aaa877ce39237	units	world	Unicode-3.0	units/narrow/energy-kilocalorie/displayName
cal	سع	cldr-unit	https://raw.githubusercontent.com/unicode-org/cldr-json/48.2.1/cldr-json/cldr-units-full/main/ar/units.json	2026-09-20	3a24bb442e133ea9ed43bfa71732e6969ea189eefa90e381054aaa877ce39237	units	world	Unicode-3.0	units/narrow/energy-calorie/displayName
Cal	سع	cldr-unit	https://raw.githubusercontent.com/unicode-org/cldr-json/48.2.1/cldr-json/cldr-units-full/main/ar/units.json	2026-09-20	3a24bb442e133ea9ed43bfa71732e6969ea189eefa90e381054aaa877ce39237	units	world	Unicode-3.0	units/narrow/energy-foodcalorie/displayName
kJ	ك جول	cldr-unit	https://raw.githubusercontent.com/unicode-org/cldr-json/48.2.1/cldr-json/cldr-units-full/main/ar/units.json	2026-09-20	3a24bb442e133ea9ed43bfa71732e6969ea189eefa90e381054aaa877ce39237	units	world	Unicode-3.0	units/narrow/energy-kilojoule/displayName
joule	جول	cldr-unit	https://raw.githubusercontent.com/unicode-org/cldr-json/48.2.1/cldr-json/cldr-units-full/main/ar/units.json	2026-09-20	3a24bb442e133ea9ed43bfa71732e6969ea189eefa90e381054aaa877ce39237	units	world	Unicode-3.0	units/narrow/energy-joule/displayName
kWh	ك.و.س	cldr-unit	https://raw.githubusercontent.com/unicode-org/cldr-json/48.2.1/cldr-json/cldr-units-full/main/ar/units.json	2026-09-20	3a24bb442e133ea9ed43bfa71732e6969ea189eefa90e381054aaa877ce39237	units	world	Unicode-3.0	units/narrow/energy-kilowatt-hour/displayName
eV	إلكترون فولت	cldr-unit	https://raw.githubusercontent.com/unicode-org/cldr-json/48.2.1/cldr-json/cldr-units-full/main/ar/units.json	2026-09-20	3a24bb442e133ea9ed43bfa71732e6969ea189eefa90e381054aaa877ce39237	units	world	Unicode-3.0	units/narrow/energy-electronvolt/displayName
BTU	وحدة حرارية بريطانية	cldr-unit	https://raw.githubusercontent.com/unicode-org/cldr-json/48.2.1/cldr-json/cldr-units-full/main/ar/units.json	2026-09-20	3a24bb442e133ea9ed43bfa71732e6969ea189eefa90e381054aaa877ce39237	units	world	Unicode-3.0	units/narrow/energy-british-thermal-unit/displayName
US therm	وحدة حرارية أمريكية	cldr-unit	https://raw.githubusercontent.com/unicode-org/cldr-json/48.2.1/cldr-json/cldr-units-full/main/ar/units.json	2026-09-20	3a24bb442e133ea9ed43bfa71732e6969ea189eefa90e381054aaa877ce39237	units	world	Unicode-3.0	units/narrow/energy-therm-us/displayName
lbf	باوند قوة	cldr-unit	https://raw.githubusercontent.com/unicode-org/cldr-json/48.2.1/cldr-json/cldr-units-full/main/ar/units.json	2026-09-20	3a24bb442e133ea9ed43bfa71732e6969ea189eefa90e381054aaa877ce39237	units	world	Unicode-3.0	units/narrow/force-pound-force/displayName
N	نيوتن	cldr-unit	https://raw.githubusercontent.com/unicode-org/cldr-json/48.2.1/cldr-json/cldr-units-full/main/ar/units.json	2026-09-20	3a24bb442e133ea9ed43bfa71732e6969ea189eefa90e381054aaa877ce39237	units	world	Unicode-3.0	units/narrow/force-newton/displayName
kWh/100km	ك.و.س/100 كم	cldr-unit	https://raw.githubusercontent.com/unicode-org/cldr-json/48.2.1/cldr-json/cldr-units-full/main/ar/units.json	2026-09-20	3a24bb442e133ea9ed43bfa71732e6969ea189eefa90e381054aaa877ce39237	units	world	Unicode-3.0	units/narrow/force-kilowatt-hour-per-100-kilometer/displayName
GHz	غ هرتز	cldr-unit	https://raw.githubusercontent.com/unicode-org/cldr-json/48.2.1/cldr-json/cldr-units-full/main/ar/units.json	2026-09-20	3a24bb442e133ea9ed43bfa71732e6969ea189eefa90e381054aaa877ce39237	units	world	Unicode-3.0	units/narrow/frequency-gigahertz/displayName
MHz	م هرتز	cldr-unit	https://raw.githubusercontent.com/unicode-org/cldr-json/48.2.1/cldr-json/cldr-units-full/main/ar/units.json	2026-09-20	3a24bb442e133ea9ed43bfa71732e6969ea189eefa90e381054aaa877ce39237	units	world	Unicode-3.0	units/narrow/frequency-megahertz/displayName
kHz	ك هرتز	cldr-unit	https://raw.githubusercontent.com/unicode-org/cldr-json/48.2.1/cldr-json/cldr-units-full/main/ar/units.json	2026-09-20	3a24bb442e133ea9ed43bfa71732e6969ea189eefa90e381054aaa877ce39237	units	world	Unicode-3.0	units/narrow/frequency-kilohertz/displayName
Hz	هرتز	cldr-unit	https://raw.githubusercontent.com/unicode-org/cldr-json/48.2.1/cldr-json/cldr-units-full/main/ar/units.json	2026-09-20	3a24bb442e133ea9ed43bfa71732e6969ea189eefa90e381054aaa877ce39237	units	world	Unicode-3.0	units/narrow/frequency-hertz/displayName
em	إم	cldr-unit	https://raw.githubusercontent.com/unicode-org/cldr-json/48.2.1/cldr-json/cldr-units-full/main/ar/units.json	2026-09-20	3a24bb442e133ea9ed43bfa71732e6969ea189eefa90e381054aaa877ce39237	units	world	Unicode-3.0	units/narrow/graphics-em/displayName
px	بكسل	cldr-unit	https://raw.githubusercontent.com/unicode-org/cldr-json/48.2.1/cldr-json/cldr-units-full/main/ar/units.json	2026-09-20	3a24bb442e133ea9ed43bfa71732e6969ea189eefa90e381054aaa877ce39237	units	world	Unicode-3.0	units/narrow/graphics-pixel/displayName
MP	م.بكسل	cldr-unit	https://raw.githubusercontent.com/unicode-org/cldr-json/48.2.1/cldr-json/cldr-units-full/main/ar/units.json	2026-09-20	3a24bb442e133ea9ed43bfa71732e6969ea189eefa90e381054aaa877ce39237	units	world	Unicode-3.0	units/narrow/graphics-megapixel/displayName
ppcm	بكسل/سم	cldr-unit	https://raw.githubusercontent.com/unicode-org/cldr-json/48.2.1/cldr-json/cldr-units-full/main/ar/units.json	2026-09-20	3a24bb442e133ea9ed43bfa71732e6969ea189eefa90e381054aaa877ce39237	units	world	Unicode-3.0	units/narrow/graphics-pixel-per-centimeter/displayName
ppi	بكسل/بوصة	cldr-unit	https://raw.githubusercontent.com/unicode-org/cldr-json/48.2.1/cldr-json/cldr-units-full/main/ar/units.json	2026-09-20	3a24bb442e133ea9ed43bfa71732e6969ea189eefa90e381054aaa877ce39237	units	world	Unicode-3.0	units/narrow/graphics-pixel-per-inch/displayName
dpcm	ن/سم	cldr-unit	https://raw.githubusercontent.com/unicode-org/cldr-json/48.2.1/cldr-json/cldr-units-full/main/ar/units.json	2026-09-20	3a24bb442e133ea9ed43bfa71732e6969ea189eefa90e381054aaa877ce39237	units	world	Unicode-3.0	units/narrow/graphics-dot-per-centimeter/displayName
dpi	ن/بوصة	cldr-unit	https://raw.githubusercontent.com/unicode-org/cldr-json/48.2.1/cldr-json/cldr-units-full/main/ar/units.json	2026-09-20	3a24bb442e133ea9ed43bfa71732e6969ea189eefa90e381054aaa877ce39237	units	world	Unicode-3.0	units/narrow/graphics-dot-per-inch/displayName
R⊕	نق أرضي	cldr-unit	https://raw.githubusercontent.com/unicode-org/cldr-json/48.2.1/cldr-json/cldr-units-full/main/ar/units.json	2026-09-20	3a24bb442e133ea9ed43bfa71732e6969ea189eefa90e381054aaa877ce39237	units	world	Unicode-3.0	units/narrow/length-earth-radius/displayName
km	كم	cldr-unit	https://raw.githubusercontent.com/unicode-org/cldr-json/48.2.1/cldr-json/cldr-units-full/main/ar/units.json	2026-09-20	3a24bb442e133ea9ed43bfa71732e6969ea189eefa90e381054aaa877ce39237	units	world	Unicode-3.0	units/narrow/length-kilometer/displayName
m	م	cldr-unit	https://raw.githubusercontent.com/unicode-org/cldr-json/48.2.1/cldr-json/cldr-units-full/main/ar/units.json	2026-09-20	3a24bb442e133ea9ed43bfa71732e6969ea189eefa90e381054aaa877ce39237	units	world	Unicode-3.0	units/narrow/length-meter/displayName
dm	دسم	cldr-unit	https://raw.githubusercontent.com/unicode-org/cldr-json/48.2.1/cldr-json/cldr-units-full/main/ar/units.json	2026-09-20	3a24bb442e133ea9ed43bfa71732e6969ea189eefa90e381054aaa877ce39237	units	world	Unicode-3.0	units/narrow/length-decimeter/displayName
cm	سم	cldr-unit	https://raw.githubusercontent.com/unicode-org/cldr-json/48.2.1/cldr-json/cldr-units-full/main/ar/units.json	2026-09-20	3a24bb442e133ea9ed43bfa71732e6969ea189eefa90e381054aaa877ce39237	units	world	Unicode-3.0	units/narrow/length-centimeter/displayName
mm	مم	cldr-unit	https://raw.githubusercontent.com/unicode-org/cldr-json/48.2.1/cldr-json/cldr-units-full/main/ar/units.json	2026-09-20	3a24bb442e133ea9ed43bfa71732e6969ea189eefa90e381054aaa877ce39237	units	world	Unicode-3.0	units/narrow/length-millimeter/displayName
μm	ميكرومتر	cldr-unit	https://raw.githubusercontent.com/unicode-org/cldr-json/48.2.1/cldr-json/cldr-units-full/main/ar/units.json	2026-09-20	3a24bb442e133ea9ed43bfa71732e6969ea189eefa90e381054aaa877ce39237	units	world	Unicode-3.0	units/narrow/length-micrometer/displayName
nm	نانو متر	cldr-unit	https://raw.githubusercontent.com/unicode-org/cldr-json/48.2.1/cldr-json/cldr-units-full/main/ar/units.json	2026-09-20	3a24bb442e133ea9ed43bfa71732e6969ea189eefa90e381054aaa877ce39237	units	world	Unicode-3.0	units/narrow/length-nanometer/displayName
pm	بيكومتر	cldr-unit	https://raw.githubusercontent.com/unicode-org/cldr-json/48.2.1/cldr-json/cldr-units-full/main/ar/units.json	2026-09-20	3a24bb442e133ea9ed43bfa71732e6969ea189eefa90e381054aaa877ce39237	units	world	Unicode-3.0	units/narrow/length-picometer/displayName
mi	ميل	cldr-unit	https://raw.githubusercontent.com/unicode-org/cldr-json/48.2.1/cldr-json/cldr-units-full/main/ar/units.json	2026-09-20	3a24bb442e133ea9ed43bfa71732e6969ea189eefa90e381054aaa877ce39237	units	world	Unicode-3.0	units/narrow/length-mile/displayName
yd	ياردة	cldr-unit	https://raw.githubusercontent.com/unicode-org/cldr-json/48.2.1/cldr-json/cldr-units-full/main/ar/units.json	2026-09-20	3a24bb442e133ea9ed43bfa71732e6969ea189eefa90e381054aaa877ce39237	units	world	Unicode-3.0	units/narrow/length-yard/displayName
ft	قدم	cldr-unit	https://raw.githubusercontent.com/unicode-org/cldr-json/48.2.1/cldr-json/cldr-units-full/main/ar/units.json	2026-09-20	3a24bb442e133ea9ed43bfa71732e6969ea189eefa90e381054aaa877ce39237	units	world	Unicode-3.0	units/narrow/length-foot/displayName
in	بوصة	cldr-unit	https://raw.githubusercontent.com/unicode-org/cldr-json/48.2.1/cldr-json/cldr-units-full/main/ar/units.json	2026-09-20	3a24bb442e133ea9ed43bfa71732e6969ea189eefa90e381054aaa877ce39237	units	world	Unicode-3.0	units/narrow/length-inch/displayName
parsec	فرسخ فلكي	cldr-unit	https://raw.githubusercontent.com/unicode-org/cldr-json/48.2.1/cldr-json/cldr-units-full/main/ar/units.json	2026-09-20	3a24bb442e133ea9ed43bfa71732e6969ea189eefa90e381054aaa877ce39237	units	world	Unicode-3.0	units/narrow/length-parsec/displayName
ly	سنة ضوئية	cldr-unit	https://raw.githubusercontent.com/unicode-org/cldr-json/48.2.1/cldr-json/cldr-units-full/main/ar/units.json	2026-09-20	3a24bb442e133ea9ed43bfa71732e6969ea189eefa90e381054aaa877ce39237	units	world	Unicode-3.0	units/narrow/length-light-year/displayName
au	و.ف.	cldr-unit	https://raw.githubusercontent.com/unicode-org/cldr-json/48.2.1/cldr-json/cldr-units-full/main/ar/units.json	2026-09-20	3a24bb442e133ea9ed43bfa71732e6969ea189eefa90e381054aaa877ce39237	units	world	Unicode-3.0	units/narrow/length-astronomical-unit/displayName
furlong	فرلنغ	cldr-unit	https://raw.githubusercontent.com/unicode-org/cldr-json/48.2.1/cldr-json/cldr-units-full/main/ar/units.json	2026-09-20	3a24bb442e133ea9ed43bfa71732e6969ea189eefa90e381054aaa877ce39237	units	world	Unicode-3.0	units/narrow/length-furlong/displayName
fathom	قامة	cldr-unit	https://raw.githubusercontent.com/unicode-org/cldr-json/48.2.1/cldr-json/cldr-units-full/main/ar/units.json	2026-09-20	3a24bb442e133ea9ed43bfa71732e6969ea189eefa90e381054aaa877ce39237	units	world	Unicode-3.0	units/narrow/length-fathom/displayName
nmi	ميل بحري	cldr-unit	https://raw.githubusercontent.com/unicode-org/cldr-json/48.2.1/cldr-json/cldr-units-full/main/ar/units.json	2026-09-20	3a24bb442e133ea9ed43bfa71732e6969ea189eefa90e381054aaa877ce39237	units	world	Unicode-3.0	units/narrow/length-nautical-mile/displayName
smi	ميل اسكندنافي	cldr-unit	https://raw.githubusercontent.com/unicode-org/cldr-json/48.2.1/cldr-json/cldr-units-full/main/ar/units.json	2026-09-20	3a24bb442e133ea9ed43bfa71732e6969ea189eefa90e381054aaa877ce39237	units	world	Unicode-3.0	units/narrow/length-mile-scandinavian/displayName
pts	نقطة	cldr-unit	https://raw.githubusercontent.com/unicode-org/cldr-json/48.2.1/cldr-json/cldr-units-full/main/ar/units.json	2026-09-20	3a24bb442e133ea9ed43bfa71732e6969ea189eefa90e381054aaa877ce39237	units	world	Unicode-3.0	units/narrow/length-point/displayName
R☉	نق شمسي	cldr-unit	https://raw.githubusercontent.com/unicode-org/cldr-json/48.2.1/cldr-json/cldr-units-full/main/ar/units.json	2026-09-20	3a24bb442e133ea9ed43bfa71732e6969ea189eefa90e381054aaa877ce39237	units	world	Unicode-3.0	units/narrow/length-solar-radius/displayName
lux	لكس	cldr-unit	https://raw.githubusercontent.com/unicode-org/cldr-json/48.2.1/cldr-json/cldr-units-full/main/ar/units.json	2026-09-20	3a24bb442e133ea9ed43bfa71732e6969ea189eefa90e381054aaa877ce39237	units	world	Unicode-3.0	units/narrow/light-lux/displayName
cd	شمعة	cldr-unit	https://raw.githubusercontent.com/unicode-org/cldr-json/48.2.1/cldr-json/cldr-units-full/main/ar/units.json	2026-09-20	3a24bb442e133ea9ed43bfa71732e6969ea189eefa90e381054aaa877ce39237	units	world	Unicode-3.0	units/narrow/light-candela/displayName
lm	لومن	cldr-unit	https://raw.githubusercontent.com/unicode-org/cldr-json/48.2.1/cldr-json/cldr-units-full/main/ar/units.json	2026-09-20	3a24bb442e133ea9ed43bfa71732e6969ea189eefa90e381054aaa877ce39237	units	world	Unicode-3.0	units/narrow/light-lumen/displayName
L☉	ضياء شمسي	cldr-unit	https://raw.githubusercontent.com/unicode-org/cldr-json/48.2.1/cldr-json/cldr-units-full/main/ar/units.json	2026-09-20	3a24bb442e133ea9ed43bfa71732e6969ea189eefa90e381054aaa877ce39237	units	world	Unicode-3.0	units/narrow/light-solar-luminosity/displayName
t	ط.م	cldr-unit	https://raw.githubusercontent.com/unicode-org/cldr-json/48.2.1/cldr-json/cldr-units-full/main/ar/units.json	2026-09-20	3a24bb442e133ea9ed43bfa71732e6969ea189eefa90e381054aaa877ce39237	units	world	Unicode-3.0	units/narrow/mass-tonne/displayName
kg	كغ	cldr-unit	https://raw.githubusercontent.com/unicode-org/cldr-json/48.2.1/cldr-json/cldr-units-full/main/ar/units.json	2026-09-20	3a24bb442e133ea9ed43bfa71732e6969ea189eefa90e381054aaa877ce39237	units	world	Unicode-3.0	units/narrow/mass-kilogram/displayName
gram	غ	cldr-unit	https://raw.githubusercontent.com/unicode-org/cldr-json/48.2.1/cldr-json/cldr-units-full/main/ar/units.json	2026-09-20	3a24bb442e133ea9ed43bfa71732e6969ea189eefa90e381054aaa877ce39237	units	world	Unicode-3.0	units/narrow/mass-gram/displayName
mg	مغم	cldr-unit	https://raw.githubusercontent.com/unicode-org/cldr-json/48.2.1/cldr-json/cldr-units-full/main/ar/units.json	2026-09-20	3a24bb442e133ea9ed43bfa71732e6969ea189eefa90e381054aaa877ce39237	units	world	Unicode-3.0	units/narrow/mass-milligram/displayName
μg	مكغم	cldr-unit	https://raw.githubusercontent.com/unicode-org/cldr-json/48.2.1/cldr-json/cldr-units-full/main/ar/units.json	2026-09-20	3a24bb442e133ea9ed43bfa71732e6969ea189eefa90e381054aaa877ce39237	units	world	Unicode-3.0	units/narrow/mass-microgram/displayName
ton	طن	cldr-unit	https://raw.githubusercontent.com/unicode-org/cldr-json/48.2.1/cldr-json/cldr-units-full/main/ar/units.json	2026-09-20	3a24bb442e133ea9ed43bfa71732e6969ea189eefa90e381054aaa877ce39237	units	world	Unicode-3.0	units/narrow/mass-ton/displayName
stone	ستون	cldr-unit	https://raw.githubusercontent.com/unicode-org/cldr-json/48.2.1/cldr-json/cldr-units-full/main/ar/units.json	2026-09-20	3a24bb442e133ea9ed43bfa71732e6969ea189eefa90e381054aaa877ce39237	units	world	Unicode-3.0	units/narrow/mass-stone/displayName
lb	رطل	cldr-unit	https://raw.githubusercontent.com/unicode-org/cldr-json/48.2.1/cldr-json/cldr-units-full/main/ar/units.json	2026-09-20	3a24bb442e133ea9ed43bfa71732e6969ea189eefa90e381054aaa877ce39237	units	world	Unicode-3.0	units/narrow/mass-pound/displayName
oz	أونصة	cldr-unit	https://raw.githubusercontent.com/unicode-org/cldr-json/48.2.1/cldr-json/cldr-units-full/main/ar/units.json	2026-09-20	3a24bb442e133ea9ed43bfa71732e6969ea189eefa90e381054aaa877ce39237	units	world	Unicode-3.0	units/narrow/mass-ounce/displayName
oz t	أونصة ترويسية	cldr-unit	https://raw.githubusercontent.com/unicode-org/cldr-json/48.2.1/cldr-json/cldr-units-full/main/ar/units.json	2026-09-20	3a24bb442e133ea9ed43bfa71732e6969ea189eefa90e381054aaa877ce39237	units	world	Unicode-3.0	units/narrow/mass-ounce-troy/displayName
carat	قيراط	cldr-unit	https://raw.githubusercontent.com/unicode-org/cldr-json/48.2.1/cldr-json/cldr-units-full/main/ar/units.json	2026-09-20	3a24bb442e133ea9ed43bfa71732e6969ea189eefa90e381054aaa877ce39237	units	world	Unicode-3.0	units/narrow/mass-carat/displayName
Da	دالتون	cldr-unit	https://raw.githubusercontent.com/unicode-org/cldr-json/48.2.1/cldr-json/cldr-units-full/main/ar/units.json	2026-09-20	3a24bb442e133ea9ed43bfa71732e6969ea189eefa90e381054aaa877ce39237	units	world	Unicode-3.0	units/narrow/mass-dalton/displayName
M⊕	كتلة أرضية	cldr-unit	https://raw.githubusercontent.com/unicode-org/cldr-json/48.2.1/cldr-json/cldr-units-full/main/ar/units.json	2026-09-20	3a24bb442e133ea9ed43bfa71732e6969ea189eefa90e381054aaa877ce39237	units	world	Unicode-3.0	units/narrow/mass-earth-mass/displayName
M☉	كتلة شمسية	cldr-unit	https://raw.githubusercontent.com/unicode-org/cldr-json/48.2.1/cldr-json/cldr-units-full/main/ar/units.json	2026-09-20	3a24bb442e133ea9ed43bfa71732e6969ea189eefa90e381054aaa877ce39237	units	world	Unicode-3.0	units/narrow/mass-solar-mass/displayName
gr	قمحة	cldr-unit	https://raw.githubusercontent.com/unicode-org/cldr-json/48.2.1/cldr-json/cldr-units-full/main/ar/units.json	2026-09-20	3a24bb442e133ea9ed43bfa71732e6969ea189eefa90e381054aaa877ce39237	units	world	Unicode-3.0	units/narrow/mass-grain/displayName
GW	غ واط	cldr-unit	https://raw.githubusercontent.com/unicode-org/cldr-json/48.2.1/cldr-json/cldr-units-full/main/ar/units.json	2026-09-20	3a24bb442e133ea9ed43bfa71732e6969ea189eefa90e381054aaa877ce39237	units	world	Unicode-3.0	units/narrow/power-gigawatt/displayName
MW	م واط	cldr-unit	https://raw.githubusercontent.com/unicode-org/cldr-json/48.2.1/cldr-json/cldr-units-full/main/ar/units.json	2026-09-20	3a24bb442e133ea9ed43bfa71732e6969ea189eefa90e381054aaa877ce39237	units	world	Unicode-3.0	units/narrow/power-megawatt/displayName
kW	ك واط	cldr-unit	https://raw.githubusercontent.com/unicode-org/cldr-json/48.2.1/cldr-json/cldr-units-full/main/ar/units.json	2026-09-20	3a24bb442e133ea9ed43bfa71732e6969ea189eefa90e381054aaa877ce39237	units	world	Unicode-3.0	units/narrow/power-kilowatt/displayName
watt	واط	cldr-unit	https://raw.githubusercontent.com/unicode-org/cldr-json/48.2.1/cldr-json/cldr-units-full/main/ar/units.json	2026-09-20	3a24bb442e133ea9ed43bfa71732e6969ea189eefa90e381054aaa877ce39237	units	world	Unicode-3.0	units/narrow/power-watt/displayName
mW	ملي واط	cldr-unit	https://raw.githubusercontent.com/unicode-org/cldr-json/48.2.1/cldr-json/cldr-units-full/main/ar/units.json	2026-09-20	3a24bb442e133ea9ed43bfa71732e6969ea189eefa90e381054aaa877ce39237	units	world	Unicode-3.0	units/narrow/power-milliwatt/displayName
hp	حصان	cldr-unit	https://raw.githubusercontent.com/unicode-org/cldr-json/48.2.1/cldr-json/cldr-units-full/main/ar/units.json	2026-09-20	3a24bb442e133ea9ed43bfa71732e6969ea189eefa90e381054aaa877ce39237	units	world	Unicode-3.0	units/narrow/power-horsepower/displayName
mmHg	ملم زئبقي	cldr-unit	https://raw.githubusercontent.com/unicode-org/cldr-json/48.2.1/cldr-json/cldr-units-full/main/ar/units.json	2026-09-20	3a24bb442e133ea9ed43bfa71732e6969ea189eefa90e381054aaa877ce39237	units	world	Unicode-3.0	units/narrow/pressure-millimeter-ofhg/displayName
of Hg	زئبقي	cldr-unit	https://raw.githubusercontent.com/unicode-org/cldr-json/48.2.1/cldr-json/cldr-units-full/main/ar/units.json	2026-09-20	3a24bb442e133ea9ed43bfa71732e6969ea189eefa90e381054aaa877ce39237	units	world	Unicode-3.0	units/narrow/pressure-ofhg/displayName
psi	رطل/بوصة²	cldr-unit	https://raw.githubusercontent.com/unicode-org/cldr-json/48.2.1/cldr-json/cldr-units-full/main/ar/units.json	2026-09-20	3a24bb442e133ea9ed43bfa71732e6969ea189eefa90e381054aaa877ce39237	units	world	Unicode-3.0	units/narrow/pressure-pound-force-per-square-inch/displayName
″ Hg	ب ز	cldr-unit	https://raw.githubusercontent.com/unicode-org/cldr-json/48.2.1/cldr-json/cldr-units-full/main/ar/units.json	2026-09-20	3a24bb442e133ea9ed43bfa71732e6969ea189eefa90e381054aaa877ce39237	units	world	Unicode-3.0	units/narrow/pressure-inch-ofhg/displayName
bar	بار	cldr-unit	https://raw.githubusercontent.com/unicode-org/cldr-json/48.2.1/cldr-json/cldr-units-full/main/ar/units.json	2026-09-20	3a24bb442e133ea9ed43bfa71732e6969ea189eefa90e381054aaa877ce39237	units	world	Unicode-3.0	units/narrow/pressure-bar/displayName
mbar	م. بار	cldr-unit	https://raw.githubusercontent.com/unicode-org/cldr-json/48.2.1/cldr-json/cldr-units-full/main/ar/units.json	2026-09-20	3a24bb442e133ea9ed43bfa71732e6969ea189eefa90e381054aaa877ce39237	units	world	Unicode-3.0	units/narrow/pressure-millibar/displayName
atm	ض.ج	cldr-unit	https://raw.githubusercontent.com/unicode-org/cldr-json/48.2.1/cldr-json/cldr-units-full/main/ar/units.json	2026-09-20	3a24bb442e133ea9ed43bfa71732e6969ea189eefa90e381054aaa877ce39237	units	world	Unicode-3.0	units/narrow/pressure-atmosphere/displayName
Pa	باسكال	cldr-unit	https://raw.githubusercontent.com/unicode-org/cldr-json/48.2.1/cldr-json/cldr-units-full/main/ar/units.json	2026-09-20	3a24bb442e133ea9ed43bfa71732e6969ea189eefa90e381054aaa877ce39237	units	world	Unicode-3.0	units/narrow/pressure-pascal/displayName
hPa	هكتوباسكال	cldr-unit	https://raw.githubusercontent.com/unicode-org/cldr-json/48.2.1/cldr-json/cldr-units-full/main/ar/units.json	2026-09-20	3a24bb442e133ea9ed43bfa71732e6969ea189eefa90e381054aaa877ce39237	units	world	Unicode-3.0	units/narrow/pressure-hectopascal/displayName
kPa	ك.باسكال	cldr-unit	https://raw.githubusercontent.com/unicode-org/cldr-json/48.2.1/cldr-json/cldr-units-full/main/ar/units.json	2026-09-20	3a24bb442e133ea9ed43bfa71732e6969ea189eefa90e381054aaa877ce39237	units	world	Unicode-3.0	units/narrow/pressure-kilopascal/displayName
MPa	م.باسكال	cldr-unit	https://raw.githubusercontent.com/unicode-org/cldr-json/48.2.1/cldr-json/cldr-units-full/main/ar/units.json	2026-09-20	3a24bb442e133ea9ed43bfa71732e6969ea189eefa90e381054aaa877ce39237	units	world	Unicode-3.0	units/narrow/pressure-megapascal/displayName
km/hr	كم/س	cldr-unit	https://raw.githubusercontent.com/unicode-org/cldr-json/48.2.1/cldr-json/cldr-units-full/main/ar/units.json	2026-09-20	3a24bb442e133ea9ed43bfa71732e6969ea189eefa90e381054aaa877ce39237	units	world	Unicode-3.0	units/narrow/speed-kilometer-per-hour/displayName
m/s	م/ث	cldr-unit	https://raw.githubusercontent.com/unicode-org/cldr-json/48.2.1/cldr-json/cldr-units-full/main/ar/units.json	2026-09-20	3a24bb442e133ea9ed43bfa71732e6969ea189eefa90e381054aaa877ce39237	units	world	Unicode-3.0	units/narrow/speed-meter-per-second/displayName
mi/hr	ميل/س	cldr-unit	https://raw.githubusercontent.com/unicode-org/cldr-json/48.2.1/cldr-json/cldr-units-full/main/ar/units.json	2026-09-20	3a24bb442e133ea9ed43bfa71732e6969ea189eefa90e381054aaa877ce39237	units	world	Unicode-3.0	units/narrow/speed-mile-per-hour/displayName
kn	عقدة	cldr-unit	https://raw.githubusercontent.com/unicode-org/cldr-json/48.2.1/cldr-json/cldr-units-full/main/ar/units.json	2026-09-20	3a24bb442e133ea9ed43bfa71732e6969ea189eefa90e381054aaa877ce39237	units	world	Unicode-3.0	units/narrow/speed-knot/displayName
Bft	بوفورت	cldr-unit	https://raw.githubusercontent.com/unicode-org/cldr-json/48.2.1/cldr-json/cldr-units-full/main/ar/units.json	2026-09-20	3a24bb442e133ea9ed43bfa71732e6969ea189eefa90e381054aaa877ce39237	units	world	Unicode-3.0	units/narrow/speed-beaufort/displayName
°C	°م	cldr-unit	https://raw.githubusercontent.com/unicode-org/cldr-json/48.2.1/cldr-json/cldr-units-full/main/ar/units.json	2026-09-20	3a24bb442e133ea9ed43bfa71732e6969ea189eefa90e381054aaa877ce39237	units	world	Unicode-3.0	units/narrow/temperature-celsius/displayName
°F	°ف	cldr-unit	https://raw.githubusercontent.com/unicode-org/cldr-json/48.2.1/cldr-json/cldr-units-full/main/ar/units.json	2026-09-20	3a24bb442e133ea9ed43bfa71732e6969ea189eefa90e381054aaa877ce39237	units	world	Unicode-3.0	units/narrow/temperature-fahrenheit/displayName
K	د كلفن	cldr-unit	https://raw.githubusercontent.com/unicode-org/cldr-json/48.2.1/cldr-json/cldr-units-full/main/ar/units.json	2026-09-20	3a24bb442e133ea9ed43bfa71732e6969ea189eefa90e381054aaa877ce39237	units	world	Unicode-3.0	units/narrow/temperature-kelvin/displayName
lbf⋅ft	باوند قدم	cldr-unit	https://raw.githubusercontent.com/unicode-org/cldr-json/48.2.1/cldr-json/cldr-units-full/main/ar/units.json	2026-09-20	3a24bb442e133ea9ed43bfa71732e6969ea189eefa90e381054aaa877ce39237	units	world	Unicode-3.0	units/narrow/torque-pound-force-foot/displayName
N⋅m	نيوتن م	cldr-unit	https://raw.githubusercontent.com/unicode-org/cldr-json/48.2.1/cldr-json/cldr-units-full/main/ar/units.json	2026-09-20	3a24bb442e133ea9ed43bfa71732e6969ea189eefa90e381054aaa877ce39237	units	world	Unicode-3.0	units/narrow/torque-newton-meter/displayName
km³	كم³	cldr-unit	https://raw.githubusercontent.com/unicode-org/cldr-json/48.2.1/cldr-json/cldr-units-full/main/ar/units.json	2026-09-20	3a24bb442e133ea9ed43bfa71732e6969ea189eefa90e381054aaa877ce39237	units	world	Unicode-3.0	units/narrow/volume-cubic-kilometer/displayName
m³	م³	cldr-unit	https://raw.githubusercontent.com/unicode-org/cldr-json/48.2.1/cldr-json/cldr-units-full/main/ar/units.json	2026-09-20	3a24bb442e133ea9ed43bfa71732e6969ea189eefa90e381054aaa877ce39237	units	world	Unicode-3.0	units/narrow/volume-cubic-meter/displayName
cm³	سم³	cldr-unit	https://raw.githubusercontent.com/unicode-org/cldr-json/48.2.1/cldr-json/cldr-units-full/main/ar/units.json	2026-09-20	3a24bb442e133ea9ed43bfa71732e6969ea189eefa90e381054aaa877ce39237	units	world	Unicode-3.0	units/narrow/volume-cubic-centimeter/displayName
mi³	ميل³	cldr-unit	https://raw.githubusercontent.com/unicode-org/cldr-json/48.2.1/cldr-json/cldr-units-full/main/ar/units.json	2026-09-20	3a24bb442e133ea9ed43bfa71732e6969ea189eefa90e381054aaa877ce39237	units	world	Unicode-3.0	units/narrow/volume-cubic-mile/displayName
yd³	ياردة³	cldr-unit	https://raw.githubusercontent.com/unicode-org/cldr-json/48.2.1/cldr-json/cldr-units-full/main/ar/units.json	2026-09-20	3a24bb442e133ea9ed43bfa71732e6969ea189eefa90e381054aaa877ce39237	units	world	Unicode-3.0	units/narrow/volume-cubic-yard/displayName
ft³	قدم³	cldr-unit	https://raw.githubusercontent.com/unicode-org/cldr-json/48.2.1/cldr-json/cldr-units-full/main/ar/units.json	2026-09-20	3a24bb442e133ea9ed43bfa71732e6969ea189eefa90e381054aaa877ce39237	units	world	Unicode-3.0	units/narrow/volume-cubic-foot/displayName
in³	بوصة³	cldr-unit	https://raw.githubusercontent.com/unicode-org/cldr-json/48.2.1/cldr-json/cldr-units-full/main/ar/units.json	2026-09-20	3a24bb442e133ea9ed43bfa71732e6969ea189eefa90e381054aaa877ce39237	units	world	Unicode-3.0	units/narrow/volume-cubic-inch/displayName
ML	ميغالتر	cldr-unit	https://raw.githubusercontent.com/unicode-org/cldr-json/48.2.1/cldr-json/cldr-units-full/main/ar/units.json	2026-09-20	3a24bb442e133ea9ed43bfa71732e6969ea189eefa90e381054aaa877ce39237	units	world	Unicode-3.0	units/narrow/volume-megaliter/displayName
hL	هكتولتر	cldr-unit	https://raw.githubusercontent.com/unicode-org/cldr-json/48.2.1/cldr-json/cldr-units-full/main/ar/units.json	2026-09-20	3a24bb442e133ea9ed43bfa71732e6969ea189eefa90e381054aaa877ce39237	units	world	Unicode-3.0	units/narrow/volume-hectoliter/displayName
liter	لتر	cldr-unit	https://raw.githubusercontent.com/unicode-org/cldr-json/48.2.1/cldr-json/cldr-units-full/main/ar/units.json	2026-09-20	3a24bb442e133ea9ed43bfa71732e6969ea189eefa90e381054aaa877ce39237	units	world	Unicode-3.0	units/narrow/volume-liter/displayName
dL	ديسيلتر	cldr-unit	https://raw.githubusercontent.com/unicode-org/cldr-json/48.2.1/cldr-json/cldr-units-full/main/ar/units.json	2026-09-20	3a24bb442e133ea9ed43bfa71732e6969ea189eefa90e381054aaa877ce39237	units	world	Unicode-3.0	units/narrow/volume-deciliter/displayName
cL	سنتيلتر	cldr-unit	https://raw.githubusercontent.com/unicode-org/cldr-json/48.2.1/cldr-json/cldr-units-full/main/ar/units.json	2026-09-20	3a24bb442e133ea9ed43bfa71732e6969ea189eefa90e381054aaa877ce39237	units	world	Unicode-3.0	units/narrow/volume-centiliter/displayName
mL	ملتر	cldr-unit	https://raw.githubusercontent.com/unicode-org/cldr-json/48.2.1/cldr-json/cldr-units-full/main/ar/units.json	2026-09-20	3a24bb442e133ea9ed43bfa71732e6969ea189eefa90e381054aaa877ce39237	units	world	Unicode-3.0	units/narrow/volume-milliliter/displayName
pt	مكيال متري	cldr-unit	https://raw.githubusercontent.com/unicode-org/cldr-json/48.2.1/cldr-json/cldr-units-full/main/ar/units.json	2026-09-20	3a24bb442e133ea9ed43bfa71732e6969ea189eefa90e381054aaa877ce39237	units	world	Unicode-3.0	units/narrow/volume-pint-metric/displayName
mcup	كوب متري	cldr-unit	https://raw.githubusercontent.com/unicode-org/cldr-json/48.2.1/cldr-json/cldr-units-full/main/ar/units.json	2026-09-20	3a24bb442e133ea9ed43bfa71732e6969ea189eefa90e381054aaa877ce39237	units	world	Unicode-3.0	units/narrow/volume-cup-metric/displayName
fl oz m.	أونصة س م	cldr-unit	https://raw.githubusercontent.com/unicode-org/cldr-json/48.2.1/cldr-json/cldr-units-full/main/ar/units.json	2026-09-20	3a24bb442e133ea9ed43bfa71732e6969ea189eefa90e381054aaa877ce39237	units	world	Unicode-3.0	units/narrow/volume-fluid-ounce-metric/displayName
acre ft	فدان قدم	cldr-unit	https://raw.githubusercontent.com/unicode-org/cldr-json/48.2.1/cldr-json/cldr-units-full/main/ar/units.json	2026-09-20	3a24bb442e133ea9ed43bfa71732e6969ea189eefa90e381054aaa877ce39237	units	world	Unicode-3.0	units/narrow/volume-acre-foot/displayName
bushel	بوشل	cldr-unit	https://raw.githubusercontent.com/unicode-org/cldr-json/48.2.1/cldr-json/cldr-units-full/main/ar/units.json	2026-09-20	3a24bb442e133ea9ed43bfa71732e6969ea189eefa90e381054aaa877ce39237	units	world	Unicode-3.0	units/narrow/volume-bushel/displayName
gal	غالون	cldr-unit	https://raw.githubusercontent.com/unicode-org/cldr-json/48.2.1/cldr-json/cldr-units-full/main/ar/units.json	2026-09-20	3a24bb442e133ea9ed43bfa71732e6969ea189eefa90e381054aaa877ce39237	units	world	Unicode-3.0	units/narrow/volume-gallon/displayName
Imp gal	غالون إمبراطوري	cldr-unit	https://raw.githubusercontent.com/unicode-org/cldr-json/48.2.1/cldr-json/cldr-units-full/main/ar/units.json	2026-09-20	3a24bb442e133ea9ed43bfa71732e6969ea189eefa90e381054aaa877ce39237	units	world	Unicode-3.0	units/narrow/volume-gallon-imperial/displayName
qt	ربع غالون	cldr-unit	https://raw.githubusercontent.com/unicode-org/cldr-json/48.2.1/cldr-json/cldr-units-full/main/ar/units.json	2026-09-20	3a24bb442e133ea9ed43bfa71732e6969ea189eefa90e381054aaa877ce39237	units	world	Unicode-3.0	units/narrow/volume-quart/displayName
pt	باينت	cldr-unit	https://raw.githubusercontent.com/unicode-org/cldr-json/48.2.1/cldr-json/cldr-units-full/main/ar/units.json	2026-09-20	3a24bb442e133ea9ed43bfa71732e6969ea189eefa90e381054aaa877ce39237	units	world	Unicode-3.0	units/narrow/volume-pint/displayName
pt Imp.	pint Imp.	cldr-unit	https://raw.githubusercontent.com/unicode-org/cldr-json/48.2.1/cldr-json/cldr-units-full/main/ar/units.json	2026-09-20	3a24bb442e133ea9ed43bfa71732e6969ea189eefa90e381054aaa877ce39237	units	world	Unicode-3.0	units/narrow/volume-pint-imperial/displayName
cup	كوب	cldr-unit	https://raw.githubusercontent.com/unicode-org/cldr-json/48.2.1/cldr-json/cldr-units-full/main/ar/units.json	2026-09-20	3a24bb442e133ea9ed43bfa71732e6969ea189eefa90e381054aaa877ce39237	units	world	Unicode-3.0	units/narrow/volume-cup/displayName
cup Imp	cup Imp.	cldr-unit	https://raw.githubusercontent.com/unicode-org/cldr-json/48.2.1/cldr-json/cldr-units-full/main/ar/units.json	2026-09-20	3a24bb442e133ea9ed43bfa71732e6969ea189eefa90e381054aaa877ce39237	units	world	Unicode-3.0	units/narrow/volume-cup-imperial/displayName
fl oz	أونصة س	cldr-unit	https://raw.githubusercontent.com/unicode-org/cldr-json/48.2.1/cldr-json/cldr-units-full/main/ar/units.json	2026-09-20	3a24bb442e133ea9ed43bfa71732e6969ea189eefa90e381054aaa877ce39237	units	world	Unicode-3.0	units/narrow/volume-fluid-ounce/displayName
Imp fl oz	أونصة س إمبراطورية	cldr-unit	https://raw.githubusercontent.com/unicode-org/cldr-json/48.2.1/cldr-json/cldr-units-full/main/ar/units.json	2026-09-20	3a24bb442e133ea9ed43bfa71732e6969ea189eefa90e381054aaa877ce39237	units	world	Unicode-3.0	units/narrow/volume-fluid-ounce-imperial/displayName
tbsp	ملعقة ك	cldr-unit	https://raw.githubusercontent.com/unicode-org/cldr-json/48.2.1/cldr-json/cldr-units-full/main/ar/units.json	2026-09-20	3a24bb442e133ea9ed43bfa71732e6969ea189eefa90e381054aaa877ce39237	units	world	Unicode-3.0	units/narrow/volume-tablespoon/displayName
tsp	ملعقة ص	cldr-unit	https://raw.githubusercontent.com/unicode-org/cldr-json/48.2.1/cldr-json/cldr-units-full/main/ar/units.json	2026-09-20	3a24bb442e133ea9ed43bfa71732e6969ea189eefa90e381054aaa877ce39237	units	world	Unicode-3.0	units/narrow/volume-teaspoon/displayName
bbl	برميل	cldr-unit	https://raw.githubusercontent.com/unicode-org/cldr-json/48.2.1/cldr-json/cldr-units-full/main/ar/units.json	2026-09-20	3a24bb442e133ea9ed43bfa71732e6969ea189eefa90e381054aaa877ce39237	units	world	Unicode-3.0	units/narrow/volume-barrel/displayName
dsp	ملعقة ح.	cldr-unit	https://raw.githubusercontent.com/unicode-org/cldr-json/48.2.1/cldr-json/cldr-units-full/main/ar/units.json	2026-09-20	3a24bb442e133ea9ed43bfa71732e6969ea189eefa90e381054aaa877ce39237	units	world	Unicode-3.0	units/narrow/volume-dessert-spoon/displayName
dsp Imp	ملعقة حلو إمبراطوري	cldr-unit	https://raw.githubusercontent.com/unicode-org/cldr-json/48.2.1/cldr-json/cldr-units-full/main/ar/units.json	2026-09-20	3a24bb442e133ea9ed43bfa71732e6969ea189eefa90e381054aaa877ce39237	units	world	Unicode-3.0	units/narrow/volume-dessert-spoon-imperial/displayName
dr	قطرة	cldr-unit	https://raw.githubusercontent.com/unicode-org/cldr-json/48.2.1/cldr-json/cldr-units-full/main/ar/units.json	2026-09-20	3a24bb442e133ea9ed43bfa71732e6969ea189eefa90e381054aaa877ce39237	units	world	Unicode-3.0	units/narrow/volume-drop/displayName
fl.dr.	درهم سائل	cldr-unit	https://raw.githubusercontent.com/unicode-org/cldr-json/48.2.1/cldr-json/cldr-units-full/main/ar/units.json	2026-09-20	3a24bb442e133ea9ed43bfa71732e6969ea189eefa90e381054aaa877ce39237	units	world	Unicode-3.0	units/narrow/volume-dram/displayName
jigger	قدح	cldr-unit	https://raw.githubusercontent.com/unicode-org/cldr-json/48.2.1/cldr-json/cldr-units-full/main/ar/units.json	2026-09-20	3a24bb442e133ea9ed43bfa71732e6969ea189eefa90e381054aaa877ce39237	units	world	Unicode-3.0	units/narrow/volume-jigger/displayName
pn	رشّة	cldr-unit	https://raw.githubusercontent.com/unicode-org/cldr-json/48.2.1/cldr-json/cldr-units-full/main/ar/units.json	2026-09-20	3a24bb442e133ea9ed43bfa71732e6969ea189eefa90e381054aaa877ce39237	units	world	Unicode-3.0	units/narrow/volume-pinch/displayName
qt Imp	ربع غالون إمبراطوري	cldr-unit	https://raw.githubusercontent.com/unicode-org/cldr-json/48.2.1/cldr-json/cldr-units-full/main/ar/units.json	2026-09-20	3a24bb442e133ea9ed43bfa71732e6969ea189eefa90e381054aaa877ce39237	units	world	Unicode-3.0	units/narrow/volume-quart-imperial/displayName
sr	ستراديان	cldr-unit	https://raw.githubusercontent.com/unicode-org/cldr-json/48.2.1/cldr-json/cldr-units-full/main/ar/units.json	2026-09-20	3a24bb442e133ea9ed43bfa71732e6969ea189eefa90e381054aaa877ce39237	units	world	Unicode-3.0	units/narrow/angle-steradian/displayName
kat	كات	cldr-unit	https://raw.githubusercontent.com/unicode-org/cldr-json/48.2.1/cldr-json/cldr-units-full/main/ar/units.json	2026-09-20	3a24bb442e133ea9ed43bfa71732e6969ea189eefa90e381054aaa877ce39237	units	world	Unicode-3.0	units/narrow/concentr-katal/displayName
C	كول	cldr-unit	https://raw.githubusercontent.com/unicode-org/cldr-json/48.2.1/cldr-json/cldr-units-full/main/ar/units.json	2026-09-20	3a24bb442e133ea9ed43bfa71732e6969ea189eefa90e381054aaa877ce39237	units	world	Unicode-3.0	units/narrow/electric-coulomb/displayName
F	ف	cldr-unit	https://raw.githubusercontent.com/unicode-org/cldr-json/48.2.1/cldr-json/cldr-units-full/main/ar/units.json	2026-09-20	3a24bb442e133ea9ed43bfa71732e6969ea189eefa90e381054aaa877ce39237	units	world	Unicode-3.0	units/narrow/electric-farad/displayName
H	ه	cldr-unit	https://raw.githubusercontent.com/unicode-org/cldr-json/48.2.1/cldr-json/cldr-units-full/main/ar/units.json	2026-09-20	3a24bb442e133ea9ed43bfa71732e6969ea189eefa90e381054aaa877ce39237	units	world	Unicode-3.0	units/narrow/electric-henry/displayName
S	س	cldr-unit	https://raw.githubusercontent.com/unicode-org/cldr-json/48.2.1/cldr-json/cldr-units-full/main/ar/units.json	2026-09-20	3a24bb442e133ea9ed43bfa71732e6969ea189eefa90e381054aaa877ce39237	units	world	Unicode-3.0	units/narrow/electric-siemens/displayName
cal-IT	سع-it	cldr-unit	https://raw.githubusercontent.com/unicode-org/cldr-json/48.2.1/cldr-json/cldr-units-full/main/ar/units.json	2026-09-20	3a24bb442e133ea9ed43bfa71732e6969ea189eefa90e381054aaa877ce39237	units	world	Unicode-3.0	units/narrow/energy-calorie-it/displayName
Bq	بيكريل	cldr-unit	https://raw.githubusercontent.com/unicode-org/cldr-json/48.2.1/cldr-json/cldr-units-full/main/ar/units.json	2026-09-20	3a24bb442e133ea9ed43bfa71732e6969ea189eefa90e381054aaa877ce39237	units	world	Unicode-3.0	units/narrow/energy-becquerel/displayName
Sv	زيف	cldr-unit	https://raw.githubusercontent.com/unicode-org/cldr-json/48.2.1/cldr-json/cldr-units-full/main/ar/units.json	2026-09-20	3a24bb442e133ea9ed43bfa71732e6969ea189eefa90e381054aaa877ce39237	units	world	Unicode-3.0	units/narrow/energy-sievert/displayName
Gy	جراي	cldr-unit	https://raw.githubusercontent.com/unicode-org/cldr-json/48.2.1/cldr-json/cldr-units-full/main/ar/units.json	2026-09-20	3a24bb442e133ea9ed43bfa71732e6969ea189eefa90e381054aaa877ce39237	units	world	Unicode-3.0	units/narrow/energy-gray/displayName
kgf	كغ ث	cldr-unit	https://raw.githubusercontent.com/unicode-org/cldr-json/48.2.1/cldr-json/cldr-units-full/main/ar/units.json	2026-09-20	3a24bb442e133ea9ed43bfa71732e6969ea189eefa90e381054aaa877ce39237	units	world	Unicode-3.0	units/narrow/force-kilogram-force/displayName
rd	rod	cldr-unit	https://raw.githubusercontent.com/unicode-org/cldr-json/48.2.1/cldr-json/cldr-units-full/main/ar/units.json	2026-09-20	3a24bb442e133ea9ed43bfa71732e6969ea189eefa90e381054aaa877ce39237	units	world	Unicode-3.0	units/narrow/length-rod/displayName
ch	chain	cldr-unit	https://raw.githubusercontent.com/unicode-org/cldr-json/48.2.1/cldr-json/cldr-units-full/main/ar/units.json	2026-09-20	3a24bb442e133ea9ed43bfa71732e6969ea189eefa90e381054aaa877ce39237	units	world	Unicode-3.0	units/narrow/length-chain/displayName
T	تسلا	cldr-unit	https://raw.githubusercontent.com/unicode-org/cldr-json/48.2.1/cldr-json/cldr-units-full/main/ar/units.json	2026-09-20	3a24bb442e133ea9ed43bfa71732e6969ea189eefa90e381054aaa877ce39237	units	world	Unicode-3.0	units/narrow/magnetic-tesla/displayName
Wb	ويبر	cldr-unit	https://raw.githubusercontent.com/unicode-org/cldr-json/48.2.1/cldr-json/cldr-units-full/main/ar/units.json	2026-09-20	3a24bb442e133ea9ed43bfa71732e6969ea189eefa90e381054aaa877ce39237	units	world	Unicode-3.0	units/narrow/magnetic-weber/displayName
fw	fortnight	cldr-unit	https://raw.githubusercontent.com/unicode-org/cldr-json/48.2.1/cldr-json/cldr-units-full/main/ar/units.json	2026-09-20	3a24bb442e133ea9ed43bfa71732e6969ea189eefa90e381054aaa877ce39237	units	world	Unicode-3.0	units/narrow/duration-fortnight/displayName
gas-equiv	gas E	cldr-unit	https://raw.githubusercontent.com/unicode-org/cldr-json/48.2.1/cldr-json/cldr-units-full/main/ar/units.json	2026-09-20	3a24bb442e133ea9ed43bfa71732e6969ea189eefa90e381054aaa877ce39237	units	world	Unicode-3.0	units/narrow/pressure-gasoline-energy-density/displayName
light	ضوئي	cldr-unit	https://raw.githubusercontent.com/unicode-org/cldr-json/48.2.1/cldr-json/cldr-units-full/main/ar/units.json	2026-09-20	3a24bb442e133ea9ed43bfa71732e6969ea189eefa90e381054aaa877ce39237	units	world	Unicode-3.0	units/narrow/speed-light-speed/displayName
ppb	جزء/مليار	cldr-unit	https://raw.githubusercontent.com/unicode-org/cldr-json/48.2.1/cldr-json/cldr-units-full/main/ar/units.json	2026-09-20	3a24bb442e133ea9ed43bfa71732e6969ea189eefa90e381054aaa877ce39237	units	world	Unicode-3.0	units/narrow/concentr-part-per-1e9/displayName
nights	ليلة	cldr-unit	https://raw.githubusercontent.com/unicode-org/cldr-json/48.2.1/cldr-json/cldr-units-full/main/ar/units.json	2026-09-20	3a24bb442e133ea9ed43bfa71732e6969ea189eefa90e381054aaa877ce39237	units	world	Unicode-3.0	units/narrow/duration-night/displayName
direction	اتجاه	cldr-unit	https://raw.githubusercontent.com/unicode-org/cldr-json/48.2.1/cldr-json/cldr-units-full/main/ar/units.json	2026-09-20	3a24bb442e133ea9ed43bfa71732e6969ea189eefa90e381054aaa877ce39237	units	world	Unicode-3.0	units/narrow/coordinateUnit/displayName
